seller_id,orders,avg_score,bad_rate,late_rate,avg_handling_days,avg_transit_days,avg_delivery_days,gmv,avg_order_value,avg_freight_ratio,state,top_category,first_order,last_order,tenure_days,orders_per_month,gmv_share,rated,excess_detractors,gmv_exposure,sar_share,action
4869f7a5dfa277a7dca6462dcf3b52b2,1106,4.16998191681736,0.12477396021699819,0.11573236889692586,2.3891656510257975,12.270633664858348,15.035872513562387,223598.75,220.0219801084991,0.1037878460856131,SP,watches_gifts,2017-03-14 10:20:54,2018-08-24 19:42:51,528,63.76257575757575,0.017109132894564564,True,-3.4096693177061588,0.0,0.0,Coach: fulfilment
53243585a1d6dc2643021fd1853d8905,346,4.19364161849711,0.10404624277456648,0.04046242774566474,3.0440811657032754,9.833790944123315,13.346070166987797,215904.44,660.8210693641619,0.08575258805390965,BA,telephony,2017-08-28 18:29:21,2018-08-21 09:52:32,357,29.502072829131656,0.016520386435463264,True,-8.238467978233569,0.0,0.0,Invest
4a3ca9315b744ce9f8e9374361493884,1703,3.8813857897827364,0.17733411626541398,0.11156782149148561,2.390029291732491,11.812641906439616,14.572417955242383,192687.81,133.56165002935995,0.2136459809978788,SP,bed_bath_table,2017-01-08 09:35:14,2018-08-27 10:46:11,596,86.97872483221477,0.014743916718911027,True,84.25979489326079,9533.667263083737,0.02182949715747192,Coach: fulfilment
fa1c13f2614d7b5c4749cbc52fecda94,572,4.370629370629371,0.09615384615384616,0.0979020979020979,2.3575312989045383,10.565533945221445,13.265116307303808,190449.61,350.28291958041956,0.0729340669900274,SP,watches_gifts,2017-01-07 20:45:31,2018-08-29 09:48:09,598,29.116521739130437,0.014572656095832344,True,-18.13411469233989,0.0,0.0,Invest
7c67e1448b00f6e969d365cea6b010ab,966,3.494824016563147,0.2567287784679089,0.09937888198757763,11.383431820795952,10.452346718480138,22.334631642512075,186188.91,245.47471014492754,0.27813226420251597,SP,office_furniture,2017-01-26 22:44:11,2018-08-07 18:58:53,557,52.79181328545781,0.014246639592949967,True,124.49028882377566,23994.52503279914,0.05494091639075669,Coach: product quality
7e93a43ef30c4f03f38b393420bc753a,317,4.3627760252365935,0.08201892744479496,0.05362776025236593,2.452733118971061,8.397537679635471,11.226323168594462,165176.79,539.9871924290221,0.05227112385690961,SP,watches_gifts,2017-01-26 09:50:17,2018-07-13 21:30:54,533,18.10409005628518,0.012638852637626926,True,-14.530619506069485,0.0,0.0,Invest
da8622b14eb17ae2831f4ac5b9dab84a,1288,4.193322981366459,0.11490683229813664,0.07453416149068323,2.308461445412158,8.462885262885264,11.168391455314008,158665.11000000002,142.22052795031055,0.22426015178789513,SP,bed_bath_table,2017-02-05 21:46:05,2018-08-28 21:56:30,569,68.90460456942004,0.012140597622843176,True,-16.67961490163249,0.0,0.0,Invest
7a67c85e85bb2ce8582c35f2203ad736,1125,4.293333333333333,0.09422222222222222,0.059555555555555556,1.6239329726480312,9.18941049382716,11.218698765432098,138622.87,141.38719111111112,0.19309766467312658,SP,cool_stuff,2017-01-27 12:15:07,2018-08-21 01:30:48,570,60.078947368421055,0.010607023094073412,True,-37.838949351192966,0.0,0.0,Invest
1025f0e2d44d7041d6cf58b6550e0bfa,885,4.028248587570621,0.1638418079096045,0.10282485875706214,3.8524825396825397,8.105179692404269,12.388787664783427,136646.73,192.21881355932203,0.29892959513247885,SP,furniture_decor,2017-07-09 11:15:16,2018-08-26 09:22:44,412,65.3868932038835,0.010455814548058443,True,31.84669317706152,4917.227665490133,0.011259109887556431,Coach: fulfilment
955fee9216a65b617aa5c0531780ce60,1247,4.209302325581396,0.10024057738572574,0.07698476343223737,1.7205336797010302,8.55418393032166,10.74395382250735,130590.22,124.3916680032077,0.2670786235423601,SP,furniture_decor,2017-07-24 11:33:53,2018-08-28 20:49:17,400,94.89670000000001,0.009992387831821168,True,-34.437484303055676,0.0,0.0,Invest
6560211a19b47992c3666cc44a7e94c0,1787,3.9932848349188586,0.15668718522663683,0.063794068270845,1.249820491908143,8.01525718149599,9.619527606789777,119359.81,82.0012255176273,0.2677600420442085,SP,watches_gifts,2017-02-17 07:39:19,2018-08-29 09:14:11,558,97.48437275985664,0.009133069176638852,True,51.51982000837172,3441.184066834609,0.007879372725349956,Invest
46dc3b2cc0980fb8ec44634e21d2718e,488,4.295081967213115,0.10450819672131148,0.06557377049180328,2.6729652491998173,8.858704747267758,11.796200478142078,119220.14,267.1447336065574,0.11606987507524297,RJ,toys,2017-01-06 13:43:16,2018-08-17 22:29:33,588,25.26312925170068,0.00912238203017053,True,-11.394139807450813,0.0,0.0,Invest
7d13fca15225358621be4086e1eb0964,553,4.045207956600362,0.16998191681735986,0.12296564195298372,3.5154220281862747,11.915777576853527,15.731438366485834,112631.0,219.23529837251354,0.08178670044220412,SP,watches_gifts,2018-02-14 21:11:44,2018-08-25 13:51:01,191,88.13256544502619,0.008618199999095261,True,23.295165341146923,4744.5890913900885,0.010863814650310239,Coach: fulfilment
5dceca129747e92ff8ef7a997dc4f8ca,316,4.022151898734177,0.189873417721519,0.06329113924050633,1.985060654008439,9.06731056610408,11.588774613220815,109760.81999999999,390.14031645569617,0.22851949048539102,SP,luggage_accessories,2017-01-27 13:37:09,2018-06-25 22:59:03,514,18.714085603112842,0.008398582085080441,True,19.597237337798244,6806.98999978276,0.015586150087970867,Invest
620c87c171fb2a6dd6e8bb4dec959fc6,689,4.298984034833091,0.11465892597968069,0.10159651669085631,2.1659742527615338,10.35550516045799,12.796945049185616,106046.6,173.02711175616835,0.1832262298344081,RJ,health_beauty,2017-01-24 18:44:53,2018-08-24 11:14:21,576,36.41173611111111,0.008114380659179583,True,-9.093365424863963,0.0,0.0,Coach: fulfilment
1f50f920176fa81dab994f9023523100,1370,4.171532846715328,0.13211678832116788,0.10583941605839416,3.4737605033447547,11.75140206812652,15.734835259529602,104696.69,101.58925547445256,0.3359627987699613,SP,garden_tools,2017-04-03 22:00:31,2018-08-25 20:10:27,508,82.09212598425196,0.008011089430647662,True,5.836123901213897,446.00208385911094,0.001021223098432306,Coach: fulfilment
cc419e0650a3c5ba77189a1882b7556a,1643,4.154595252586732,0.12903225806451613,0.06147291539866099,2.402954144620811,8.746998630553865,11.604035216744437,100674.04,76.26343274497869,0.3078807604577707,SP,health_beauty,2017-01-31 17:15:33,2018-08-27 16:12:22,572,87.43517482517483,0.007703287828723143,True,1.9312055253243976,118.33369586410797,0.00027095188097252173,Invest
a1043bafd471dff536d0c462352beb48,698,4.276504297994269,0.09455587392550144,0.05730659025787966,1.571081495098039,11.740990130531678,13.69612882043935,99309.34,186.65845272206303,0.32911391612565527,MG,garden_tools,2017-02-14 10:44:33,2018-08-25 11:01:56,557,38.145637342908444,0.007598864911952757,True,-23.2440770196735,0.0,0.0,Invest
3d871de0142ce09b7081e2b9d1733cb1,1042,4.208253358925144,0.09980806142034548,0.05950095969289827,2.964442431561997,10.241418746001278,13.553499546811686,92451.0,109.69545105566219,0.2814765815308619,SP,stationery,2017-03-05 12:29:19,2018-08-26 12:28:39,538,58.956282527881044,0.007074084471560725,True,-29.226831310171626,0.0,0.0,Invest
edb1ef5e36e0c8cd84eb3c9b003e486d,165,4.442424242424242,0.07272727272727272,0.07878787878787878,1.3837474120082816,10.199427609427609,11.89746212121212,79292.7,504.4924848484849,0.09630164222208076,RJ,health_beauty,2017-09-28 09:48:29,2018-08-20 19:09:20,326,15.40674846625767,0.006067249221513267,True,-9.096379238174968,0.0,0.0,Invest
ccc4bbb5f32a6ab2b7066a4130f114e3,183,4.3224043715847,0.1092896174863388,0.07650273224043716,2.854197360343769,12.542964480874318,15.867034760170005,72835.72,426.3098907103825,0.07541040101532957,PR,health_beauty,2017-01-07 13:29:22,2018-08-21 20:53:43,591,9.425583756345178,0.005573179693318027,True,-3.3978024277940566,0.0,0.0,Invest
f7ba60f8c3f99e7ee4042fdef03b70c4,216,4.25,0.09722222222222222,0.1574074074074074,2.118973909657321,10.811705889917697,13.446299511316873,68187.89,336.0936111111111,0.11914842534364756,SP,health_beauty,2017-07-31 16:03:55,2018-08-26 22:37:58,391,16.81595907928389,0.005217541116888848,True,-6.61707827542905,0.0,0.0,Coach: fulfilment
fe2032dab1a61af8794248c8196565c9,287,4.407665505226481,0.09059233449477352,0.08710801393728224,1.6983333333333335,8.622655342624855,10.545651858304296,64991.61,242.30146341463416,0.07514117530298461,SP,perfumery,2017-03-08 11:54:55,2018-08-21 15:12:32,531,16.45250470809793,0.004972970969299745,True,-10.694914190037672,0.0,0.0,Invest
8581055ce74af1daba164fdbd55a40de,376,4.3111702127659575,0.09574468085106383,0.10106382978723404,2.7602770330652366,10.03458554964539,13.134302969858155,63720.07,194.42875,0.1605913886766593,SP,auto,2017-01-18 17:44:05,2018-04-18 20:55:32,455,25.154813186813186,0.004875676387640614,True,-12.074173294265384,0.0,0.0,Coach: fulfilment
cca3071e3e9bb7d12640c9fbe2301306,664,3.9397590361445785,0.17620481927710843,0.05572289156626506,3.387246037767661,10.260100819946452,14.045350150602408,61312.33,113.02031626506025,0.2688327701771841,SP,furniture_decor,2017-01-10 22:23:11,2018-08-22 22:53:19,589,34.316061120543296,0.004691443051651218,True,32.10305567182922,2964.3270231318743,0.00678750018640189,Invest
04308b1ee57b6625f47df1d56f00eedf,92,3.9456521739130435,0.1956521739130435,0.11956521739130435,5.867895299145299,12.535348731884058,18.87596618357488,58991.8,673.2676086956523,0.05608416958614399,SC,health_beauty,2017-11-14 16:57:33,2018-08-12 00:13:50,270,10.372148148148147,0.004513882773895534,True,6.237170364169109,3999.368550967296,0.009157462915984335,Coach: fulfilment
522620dcb18a6b31cd7bdf73665113a9,166,3.9036144578313254,0.1927710843373494,0.10240963855421686,2.2160858585858585,12.779354919678715,15.275732095046855,55028.79,358.60897590361446,0.16232707428034882,PR,consoles_games,2017-01-22 16:03:50,2018-08-04 22:58:06,559,9.039427549194992,0.004210644653143569,True,10.775763917957306,3572.152106812349,0.008179253807573608,Coach: fulfilment
de722cd6dad950a92b7d4f82673f8833,334,4.320359281437126,0.08682634730538923,0.041916167664670656,1.5893864329268292,10.605039920159681,12.657580671989354,54856.5,192.87377245508983,0.1889076634237832,PE,computers_accessories,2018-01-09 15:59:12,2018-08-23 13:48:07,225,45.18648888888889,0.0041974615181465955,True,-13.704185851820844,0.0,0.0,Invest
37be5a7c751166fbc5f8ccba4119e043,266,4.319548872180451,0.09022556390977443,0.02631578947368421,3.0112599206349207,7.286111111111111,10.656811299081037,54120.55,225.83063909774435,0.11088843626949245,SP,bed_bath_table,2017-05-03 09:01:56,2018-05-21 10:57:22,383,21.141096605744128,0.004141148742007396,True,-10.009920468815405,0.0,0.0,Invest
7ddcbb64b5bc1ef36ca8c151f6ec77df,321,4.037383177570093,0.14641744548286603,0.08411214953271028,2.0471674553101997,10.247334717895466,12.723656542056075,53758.700000000004,191.34841121495327,0.21061094171798073,SP,cool_stuff,2017-07-19 08:55:10,2018-06-17 14:13:41,333,29.343063063063067,0.0041134610213117385,True,5.957953118459603,997.7938140477704,0.002284675626538862,Invest
218d46b86c1881d022bce9c68a7d4b15,374,4.2005347593582885,0.11764705882352941,0.0962566844919786,1.6435470658325888,12.038521241830066,14.034313725490195,53502.9,162.864064171123,0.1781914729102975,SP,sports_leisure,2017-01-18 14:56:47,2018-08-22 15:38:10,581,19.59476764199656,0.004093887941433476,True,-3.818459606529929,0.0,0.0,Invest
25c5c91f63607446a97b143d2d535d31,152,3.875,0.18421052631578946,0.06578947368421052,4.430962171052632,9.277284356725145,14.336394371345028,53223.04,395.7240131578948,0.14881103374708193,MG,computers_accessories,2017-03-08 08:58:11,2018-03-28 11:26:02,385,12.017870129870131,0.004072473859593247,True,8.565759732105482,2999.3142950805222,0.006867611494304161,Invest
17e34d8224d27a541263c4c64b11a56b,245,4.253061224489796,0.11020408163265306,0.08571428571428572,2.7023633973479653,11.27795068027211,14.250099206349207,51593.09,230.74089795918366,0.1704560599034467,SP,perfumery,2017-02-16 23:14:15,2018-08-20 11:27:27,549,13.58433515482696,0.003947754776139089,True,-4.324926747593135,0.0,0.0,Invest
f5a590cf36251cf1162ea35bef76fe84,113,4.274336283185841,0.10619469026548672,0.10619469026548672,2.7439171810699587,8.60343534906588,11.744813176007865,51232.78,489.9730973451327,0.12024363498506926,SP,musical_instruments,2017-03-28 18:48:20,2018-08-18 23:53:24,508,6.771102362204724,0.003920184891811737,True,-2.4478233570531605,0.0,0.0,Coach: fulfilment
e882b2a25a10b9c057cc49695f222c19,57,4.578947368421052,0.05263157894736842,0.0,3.177022417153996,5.924707602339181,9.548976608187134,51057.54,945.8554385964912,0.09323882168459817,RJ,home_appliances_2,2018-01-04 19:07:29,2018-08-18 15:49:58,225,7.711466666666667,0.003906776031304049,True,-4.287840100460444,0.0,0.0,Invest
ceaec5548eefc6e23e6607c5435102e7,195,4.2,0.11282051282051282,0.05641025641025641,2.727094127806563,9.734565527065527,12.915844017094017,50861.090000000004,292.2182564102564,0.129850292546655,SP,cool_stuff,2018-01-18 21:47:52,2018-08-15 20:48:09,208,28.5375,0.003891744242632881,True,-2.9320845542067806,0.0,0.0,Invest
2bf6a2c1e71bbd29a4ad64e6d3c3629f,30,4.166666666666667,0.13333333333333333,0.1,2.0726388888888887,11.01025462962963,13.650162037037036,50628.9,1720.983,0.022183204917676204,RJ,watches_gifts,2017-11-02 13:11:26,2018-08-13 19:30:37,284,3.215492957746479,0.0038739777320115605,True,0.16429468396818747,277.2686375052322,0.000634869538368891,Invest
f8db351d8c4c4c22c6835c19a46f01b0,646,4.292569659442725,0.08823529411764706,0.05263157894736842,1.3017470644935156,8.17390028379773,9.922239422084623,49638.99,95.93315789473684,0.3525495327446278,SP,housewares,2017-01-25 22:46:24,2018-08-25 19:56:43,576,34.13930555555555,0.003798232667499087,True,-25.595521138551693,0.0,0.0,Invest
17f51e7198701186712e53a39c564617,56,4.339285714285714,0.08928571428571429,0.08928571428571429,11.772656249999999,10.959585813492064,23.242435515873016,48098.99,1037.1098214285714,0.21216229801973818,SP,health_beauty,2017-02-04 12:29:21,2018-08-05 09:58:57,546,3.1220512820512822,0.0036803962991936766,True,-2.1599832565927164,0.0,0.0,Invest
b2ba3715d723d245138f291a6fe42594,318,4.220125786163522,0.11320754716981132,0.0880503144654088,5.062207718002813,8.634346610761705,14.029354472396925,47185.78,167.38361635220124,0.18471660768394105,SP,stationery,2017-01-06 21:27:49,2018-08-22 08:25:48,592,16.351216216216216,0.0036105200979597908,True,-4.658476349937211,0.0,0.0,Invest
8160255418d5aaa7dbdc9f4c64ebda44,369,3.986449864498645,0.15989159891598917,0.16260162601626016,3.6931712962962964,12.180706112616681,16.18297576031316,46849.950000000004,148.32672086720868,0.17935910628288404,SP,bed_bath_table,2017-10-09 14:50:32,2018-08-20 10:29:03,314,35.77184713375796,0.003584823352785761,True,11.82082461280871,1500.8266722733267,0.003436483639733344,Coach: fulfilment
966cb4760537b1404caedd472cc610a5,67,4.104477611940299,0.11940298507462686,0.029850746268656716,1.7234217171717172,7.8548300165837475,10.040837479270314,46428.25,715.5116417910448,0.03437749954376114,SP,watches_gifts,2018-03-19 15:28:34,2018-08-08 14:49:25,141,14.464397163120568,0.0035525560823218704,True,-0.5664085391377147,0.0,0.0,Invest
77530e9772f57a62c906e1c21538ab82,303,4.1650165016501655,0.1419141914191419,0.1188118811881188,1.8631827139639638,12.7252566923359,15.01454207920792,45342.59,176.8335313531353,0.23019401960395391,PR,furniture_decor,2017-01-19 17:17:28,2018-08-25 22:41:57,583,15.820445969125215,0.0034694845033514466,True,4.259376308078693,637.3965465113064,0.0014594642036783627,Coach: fulfilment
4e922959ae960d389249c378d1c939f5,407,3.9656019656019654,0.18181818181818182,0.10565110565110565,3.406186083471531,10.641994266994267,14.457393188643188,45005.41,128.02127764127763,0.224664388504386,SP,computers_accessories,2017-01-16 19:24:49,2018-08-28 19:44:25,589,21.034091680814942,0.0034436844600623444,True,21.96226454583508,2428.5521386087753,0.005560721865321826,Coach: fulfilment
c826c40d7b19f62a09e2d7c5e7295ee2,345,4.130434782608695,0.14202898550724638,0.0927536231884058,2.3488771117608835,10.508178341384863,13.236906199677938,44598.85,145.04942028985505,0.13190347967689067,SP,unknown,2017-08-27 13:02:01,2018-08-27 15:21:15,365,28.77205479452055,0.0034125756588297153,True,4.8893888656341575,632.0612191596751,0.0014472477595711092,Invest
ba90964cff9b9e0e6f32b23b82465f7b,38,4.421052631578948,0.05263157894736842,0.05263157894736842,1.004184941520468,8.804038742690059,10.018092105263158,44212.5,1197.9868421052631,0.036117368753255795,SP,small_appliances_home_oven_and_coffee,2018-02-25 12:47:36,2018-08-15 18:28:56,171,6.764444444444445,0.00338301326863829,True,-2.858560066973629,0.0,0.0,Invest
b33e7c55446eabf8fe1a42d037ac7d6d,147,4.224489795918367,0.12244897959183673,0.1292517006802721,2.11806037808642,13.860128495842782,16.37038926681784,44007.01,317.4731972789115,0.07513088460230329,SP,watches_gifts,2017-10-10 20:44:59,2018-08-15 16:14:22,308,14.528181818181817,0.0033672897651817455,True,-0.7949560485558815,0.0,0.0,Coach: fulfilment
850f4f8af5ea87287ac68de36e29107f,182,4.313186813186813,0.08791208791208792,0.06593406593406594,1.041508487654321,8.769078144078144,10.184760378510378,43662.27,256.72,0.14456239510782856,SP,toys,2017-04-10 23:29:46,2018-06-08 08:00:19,423,13.097115839243498,0.003340911252448234,True,-7.269945583926328,0.0,0.0,Invest
eeb6de78f79159600292e314a77cbd18,82,4.439024390243903,0.06097560975609756,0.036585365853658534,1.0479947916666668,10.642970867208673,12.164439363143632,43510.84,567.1571951219512,0.10402528761870639,SC,garden_tools,2017-02-18 18:28:46,2018-08-11 08:30:03,538,4.639553903345726,0.0033293242646219427,True,-5.484261197153621,0.0,0.0,Invest
c3cfdc648177fdbbbb35635a37472c53,275,4.494545454545454,0.06909090909090909,0.025454545454545455,1.5606863044363044,7.932853535353535,9.70910101010101,43156.88,179.1270909090909,0.17278472368356787,PR,sports_leisure,2017-01-27 17:16:40,2018-08-27 21:04:17,577,14.50779896013865,0.0033022402640210447,True,-16.16063206362495,0.0,0.0,Invest
4d6d651bd7684af3fffabd5f08d12e5a,361,4.232686980609419,0.11634349030470914,0.04709141274238227,3.636520406579764,9.051277316097261,13.027041012619268,43116.89,141.16385041551246,0.2095896743636646,SP,sports_leisure,2017-04-25 11:30:33,2018-08-23 17:09:58,485,22.65740206185567,0.003299180344301218,True,-4.156320636249477,0.0,0.0,Invest
b839e41795b7f3ad94cc2014a52f6796,33,4.090909090909091,0.18181818181818182,0.030303030303030304,1.4309363799283152,4.822453703703704,6.671569865319865,42829.0,1325.7554545454545,0.02525905342384137,SP,construction_tools_construction,2018-03-01 10:18:57,2018-08-25 15:12:30,177,5.675254237288136,0.003277151829969111,True,1.7807241523650064,2311.110143080026,0.005291811734852953,Invest
e9779976487b77c6d4ac45f75ec7afe9,633,4.273301737756714,0.10268562401263823,0.07266982622432859,2.2503271257592,7.18040196594699,9.797620458135862,41826.02,81.65349131121643,0.3715110843422233,SP,sports_leisure,2017-03-01 09:25:31,2018-08-28 01:57:12,544,35.420073529411766,0.003200406686668487,True,-15.933382168271246,0.0,0.0,Invest
834f3294fba9f932f56edc879193f925,66,4.545454545454546,0.045454545454545456,0.06060606060606061,2.544370791245791,11.146917087542088,14.296485690235691,40047.3,672.2330303030303,0.10723616849625586,SP,cool_stuff,2017-05-10 16:57:39,2018-08-15 09:57:51,461,4.358004338394794,0.0030643041509332927,True,-5.438551695269988,0.0,0.0,Invest
17a053fcb14bd219540cbde0df490be0,122,4.254098360655738,0.09836065573770492,0.07377049180327869,3.1713368055555557,7.97548383424408,11.79232126593807,39981.729999999996,399.49188524590164,0.2242396456425869,SP,office_furniture,2017-07-06 12:53:06,2018-08-13 21:46:36,403,9.215086848635236,0.003059286923225639,True,-3.598534951862704,0.0,0.0,Invest
d91fb3b7d041e83b64a00a3edfb37e4f,520,4.126923076923077,0.13846153846153847,0.06153846153846154,2.8013453159041393,8.105988247863248,11.236280715811965,39616.34,93.51796153846153,0.4219904260186334,SP,home_appliances,2017-02-07 23:53:13,2018-08-24 17:59:20,562,28.165124555160144,0.0030313283319171234,True,5.514441188781921,420.11918662459374,0.0009619583248654893,Invest
634964b17796e64304cadf1ad3050fb7,262,4.080152671755725,0.1450381679389313,0.10305343511450382,3.1132819126378286,10.948624363867683,14.749867472434266,39492.98,173.44209923664124,0.18377906354657608,RJ,watches_gifts,2017-11-12 21:31:27,2018-08-18 15:27:43,278,28.688057553956835,0.003021889179713127,True,4.501506906655502,678.5416879175863,0.0015536753527133297,Coach: fulfilment
712e6ed8aa4aa1fa65dab41fed5737e4,76,3.3947368421052633,0.35526315789473684,0.21052631578947367,7.482931286549707,16.020623172514618,24.16389802631579,38796.0,598.771447368421,0.19517186867985734,SC,auto,2017-02-08 12:01:45,2018-05-18 18:17:35,464,4.985862068965518,0.0029685582758290324,True,17.282879866052742,8822.45535899187,0.020201015922464798,Remove
391fc6631aebcf3004804e51b40bcf1e,491,4.09979633401222,0.1364562118126273,0.1079429735234216,3.0089291838134433,11.178882382892057,14.501633570943651,37657.17,95.93456211812628,0.31991003043501115,SP,furniture_decor,2017-02-04 23:27:50,2018-08-25 20:13:35,566,26.40643109540636,0.0028814182814671813,True,4.222289660946004,323.8278605936578,0.0007414774574430601,Coach: fulfilment
2eb70248d66e0e3ef83659f71b244378,183,2.7759562841530054,0.4808743169398907,0.1366120218579235,10.830931238615666,6.7943609593199765,18.00212507589557,37583.95,221.54715846994534,0.11111410302758169,SP,watches_gifts,2018-02-06 14:25:14,2018-07-19 00:41:35,162,34.385925925925925,0.002875815697774115,True,64.60219757220594,13267.791057070543,0.030379621941260204,Remove
7142540dd4c91e2237acb7e911c4eba2,314,4.060509554140127,0.13694267515923567,0.08280254777070063,3.4305135350318476,10.926791401273885,14.768059978768578,37335.93,140.95987261146496,0.24713753786093023,SP,auto,2017-03-10 11:30:03,2018-08-17 10:23:01,524,18.240763358778626,0.002856837921107162,True,2.852951025533695,339.22796109157406,0.0007767394862895866,Invest
7178f9f4dd81dcef02f62acdf8151e01,201,4.059701492537314,0.14427860696517414,0.04975124378109453,4.651523631840796,10.49049543946932,15.789431315644004,36755.5,204.60417910447762,0.3285400610381009,SC,health_beauty,2017-03-21 22:01:26,2018-08-17 11:27:54,513,11.926783625730996,0.0028124250878243636,True,3.3007743825868583,603.5901135282153,0.00138205669486313,Invest
59417c56835dd8e2e72f91f809cd4092,18,4.277777777777778,0.1111111111111111,0.0,3.8337577160493828,8.154783950617283,12.569444444444445,36459.0,2092.0983333333334,0.042325898881511725,SP,small_appliances,2017-01-25 20:11:36,2017-10-02 17:32:29,249,2.2004819277108436,0.002789737761069458,False,-0.3014231896190876,0.0,0.0,Monitor (low volume)
ea8482cd71df3c1969d7b9473ff13abc,1116,4.040322580645161,0.1424731182795699,0.10483870967741936,2.9711061507936507,9.93856344583831,13.331067054958183,36195.63,47.738297491039425,0.5132873220704086,SP,telephony,2017-08-15 12:54:48,2018-08-24 09:20:03,373,91.07517426273459,0.0027695854465755645,True,16.311762243616588,529.0452605895304,0.001211369318177526,Coach: fulfilment
c70c1b0d8ca86052f45a432a38b73958,257,4.365758754863813,0.08949416342412451,0.08560311284046693,3.094844025573192,4.776369974059663,8.087378404669261,35952.77,154.88996108949416,0.10934942870566663,SP,health_beauty,2018-04-06 17:12:41,2018-08-29 08:46:11,144,54.32694444444444,0.0027510024982595567,True,-9.85920887400586,0.0,0.0,Invest
06a2c3af7b3aee5d69171b0e14f0ee87,384,4.018229166666667,0.15885416666666666,0.2265625,4.590698249619483,12.949773943865742,17.71258318865741,35462.06,123.23953124999998,0.3562255365137119,MA,health_beauty,2018-01-19 09:51:37,2018-08-22 11:49:11,215,54.36725581395349,0.0027134547811873827,True,11.902971954792797,1099.228920935363,0.002516934348850756,Coach: fulfilment
7299e27ed73d2ad986de7f7c77d919fa,332,4.430722891566265,0.06626506024096386,0.04819277108433735,1.2096616476289372,9.830043089022757,11.363698544176707,34094.97,123.12240963855422,0.4668502079502307,MG,consoles_games,2017-03-09 11:09:46,2018-08-21 14:20:40,530,19.068075471698116,0.002608848988494757,True,-20.44847216408539,0.0,0.0,Invest
c3867b4666c7d76867627c2f7fb22e21,220,4.1,0.15454545454545454,0.11818181818181818,2.5883617424242424,12.749280303030304,15.66228851010101,33767.9,174.24745454545456,0.17061689395581578,SP,sports_leisure,2017-03-30 13:28:48,2018-07-09 00:04:47,465,14.401720430107527,0.002583822533311867,True,5.871494349100041,901.2183365044331,0.002063544129672265,Coach: fulfilment
1835b56ce799e6a4dc4eddc053f04066,397,3.702770780856423,0.22670025188916876,0.12342569269521411,1.6806691919191918,11.324366778617408,13.338628253568428,33740.12,107.06954659949622,0.3277374580525845,SP,bed_bath_table,2017-09-05 23:06:45,2018-08-25 16:36:58,353,34.23422096317281,0.002581696887655033,True,39.240832984512345,3334.988447852405,0.0076362137290543215,Coach: fulfilment
e9bc59e7b60fc3063eb2290deda4cced,203,4.1182266009852215,0.13793103448275862,0.11330049261083744,5.031308155446086,8.83030240831965,14.355066365626712,33058.04,185.25428571428571,0.1664327292116991,PR,computers_accessories,2017-03-07 16:07:57,2018-08-16 16:37:43,527,11.725464895635675,0.002529506088892855,True,2.045060694851402,333.03299631933714,0.0007625547070064001,Coach: fulfilment
5c243662ce92d84573bfaff24c3e3700,97,4.144329896907217,0.10309278350515463,0.030927835051546393,2.8785080183276057,7.506049541809851,10.8010166093929,32752.12,355.7371134020619,0.07017067116746417,SP,health_beauty,2017-01-28 23:45:53,2018-02-09 23:05:25,376,7.852872340425532,0.002506097970846107,True,-2.4021138551695276,0.0,0.0,Invest
dbc22125167c298ef99da25668e1011f,387,4.328165374677003,0.07493540051679587,0.025839793281653745,1.104545286643026,10.022841300602929,11.45911570485214,32600.350000000002,104.34813953488373,0.26745424220585184,MG,luggage_accessories,2017-04-09 13:43:53,2018-08-23 19:09:34,501,23.51353293413174,0.0024944849671982424,True,-20.48059857681038,0.0,0.0,Invest
9c0e69c7bf2619675bbadf47b43f655a,141,4.191489361702128,0.11347517730496454,0.11347517730496454,4.713741134751773,9.467139479905436,14.78656914893617,32156.11,247.00695035460996,0.09942807571817533,SP,computers_accessories,2017-05-07 13:20:43,2018-05-29 13:47:34,387,11.090542635658917,0.002460493000798245,True,-2.027814985349519,0.0,0.0,Coach: fulfilment
2528513dd95219a6013d4d05176e391a,152,4.0394736842105265,0.1513157894736842,0.05263157894736842,2.1726157407407407,8.173100625459897,10.779148391812866,32000.0,235.03598684210527,0.16564099535199436,SP,home_confort,2017-03-22 14:20:09,2018-08-24 11:17:45,519,8.914990366088633,0.002448547912839701,True,3.5657597321054832,750.686259390628,0.001718866739662195,Invest
87142160b41353c4e5fca2360caf6f92,303,4.405940594059406,0.0627062706270627,0.056105610561056105,2.538241051454139,7.9616932526586,10.949990832416574,31134.16,126.53567656765676,0.3381671115582437,RS,computers_accessories,2017-02-03 16:25:13,2018-08-21 21:53:58,564,16.35340425531915,0.0023822963276880407,True,-19.740623691921307,0.0,0.0,Invest
70eea00b476a314817cefde4aad4f89a,104,4.403846153846154,0.0673076923076923,0.07692307692307693,2.1076995685005393,11.035149572649573,13.489556623931625,31087.85,325.0200961538461,0.15493866600070405,SP,sports_leisure,2017-02-09 15:32:27,2018-08-22 20:43:48,559,5.663255813953489,0.002378752819755428,True,-6.297111762243617,0.0,0.0,Invest
0241d4d5d36f10f80c644447315af0bd,230,4.417391304347826,0.08695652173913043,0.06086956521739131,1.7267962962962962,8.894163647342996,11.020806159420289,31035.58,164.29730434782607,0.26495274734576507,PR,furniture_decor,2017-10-08 19:00:03,2018-08-28 15:11:49,323,21.675541795665637,0.0023747532697740493,True,-9.407074089577229,0.0,0.0,Invest
7681ef142fd2c19048da7430856b5588,55,4.2727272727272725,0.10909090909090909,0.12727272727272726,1.6021226415094338,8.134078282828282,10.265025252525254,30813.81,610.3209090909091,0.20155215804809198,SP,computers,2018-02-09 21:38:59,2018-08-22 16:21:33,193,8.67461139896373,0.002357784067566847,True,-1.0321264127249898,0.0,0.0,Coach: fulfilment
e59aa562b9f8076dd550fcddf0e73491,69,4.260869565217392,0.10144927536231885,0.10144927536231885,1.9779105392156864,11.194444444444445,14.033182367149758,30716.3,476.46913043478264,0.10605511053802692,PR,agro_industry_and_commerce,2017-09-05 16:19:06,2018-08-20 14:22:51,348,6.035517241379311,0.002350322882973691,True,-1.8221222268731683,0.0,0.0,Coach: fulfilment
88460e8ebdecbfecb5f9601833981930,231,3.502164502164502,0.2857142857142857,0.20346320346320346,7.798093323586745,9.969080687830687,18.00946669071669,30693.65,153.98233766233764,0.18640761516609655,PR,computers_accessories,2017-11-21 17:50:33,2018-08-17 07:01:01,268,26.237462686567163,0.002348589770154134,True,36.46506906655504,4845.221069933624,0.011094234427815285,Coach: fulfilment
855668e0971d4dfd7bef1b6a4133b41b,293,3.8737201365187715,0.20136518771331058,0.13651877133105803,5.849377147766323,9.793245164960181,16.039777682973074,30167.25,128.11692832764507,0.32915550006404876,SP,baby,2017-05-02 13:41:42,2018-08-26 11:01:05,480,18.581083333333336,0.002308311156987921,True,21.537944746755965,2217.544585875679,0.005077572134427785,Coach: fulfilment
70a12e78e608ac31179aea7f8422044b,309,3.8122977346278315,0.19741100323624594,0.11003236245954692,3.603449675324675,10.777119408369408,14.716192466738582,29858.33,114.54608414239482,0.2922351318930985,SP,computers_accessories,2017-01-17 16:25:29,2018-08-20 20:10:03,580,16.217172413793104,0.0022846734875743447,True,21.492235244872326,2076.771043297828,0.004755239126284131,Coach: fulfilment
76d5af76d0271110f9af36c92573f765,122,4.139344262295082,0.13934426229508196,0.09836065573770492,2.736556712962963,8.854240664845173,12.001747495446267,29765.02,272.6962295081967,0.3024530872372841,SP,sports_leisure,2017-01-18 00:31:51,2018-08-01 16:57:20,560,6.631571428571428,0.0022775336748947486,True,1.4014650481372946,341.9232392385864,0.000782910937948764,Invest
53e4c6e0f4312d4d2107a8c9cddf45cd,454,4.138766519823789,0.12555066079295155,0.05506607929515418,3.6026643365219524,8.11214894530292,12.117397821830641,29529.91,86.45773127753303,0.3981438159470356,SP,housewares,2017-02-21 19:06:14,2018-08-27 17:10:36,551,25.081234119782216,0.0022595437342763816,True,-1.0470071159480936,0.0,0.0,Invest
d23019c84ffae2d5ef2270367b8605fc,38,4.394736842105263,0.05263157894736842,0.02631578947368421,2.1481907894736842,8.740533625730995,11.473538011695908,29180.19,838.8168421052632,0.334413973429168,PR,musical_instruments,2017-10-10 10:47:08,2018-08-22 19:54:03,316,3.660506329113924,0.0022327841662739345,True,-2.858560066973629,0.0,0.0,Invest
0b90b6df587eb83608a64ea8b390cf07,161,4.037267080745342,0.16770186335403728,0.031055900621118012,2.3707665598290597,11.676802967563837,14.347593167701865,28757.75,201.3344099378882,0.16669974062855933,PR,computers_accessories,2017-10-24 14:48:29,2018-08-16 22:03:02,296,16.55689189189189,0.0022004602731395596,True,6.415048137295941,1145.853109132437,0.002623691020300632,Invest
1554a68530182680ad5c8b042c3ab563,237,4.333333333333333,0.10126582278481013,0.06751054852320675,1.9800866571699904,11.782485875706215,14.076142756680731,28338.41,146.55755274261602,0.2906280696670377,MG,furniture_decor,2017-01-09 00:37:18,2018-08-15 19:30:07,583,12.374408233276158,0.002168373583084241,True,-6.302071996651319,0.0,0.0,Invest
900ba814c251a692506d7834c1218441,84,4.226190476190476,0.08333333333333333,0.13095238095238096,3.2112185846560846,8.460011574074073,12.33044808201058,27999.5,361.58011904761906,0.08964486351012035,SP,health_beauty,2017-07-04 13:25:07,2018-08-25 18:52:49,417,6.131798561151079,0.0021424411651736,True,-3.7399748848890755,0.0,0.0,Coach: fulfilment
d1c281d3ae149232351cd8c8cc885f0d,204,3.8333333333333335,0.2107843137254902,0.09313725490196079,1.6887246852764095,10.73773828976035,12.863800381263617,27602.99,161.18843137254902,0.23776692961639034,SP,bed_bath_table,2017-02-14 23:12:30,2018-08-16 18:04:47,547,11.352394881170019,0.002112101361019848,True,16.917203850983675,2289.046121209137,0.00524129114404337,Invest
59b22a78efb79a4797979612b885db36,122,4.0,0.19672131147540983,0.13114754098360656,1.7894774011299435,10.61076388888889,12.822859744990893,26918.7,260.20139344262293,0.26528310573903696,MG,housewares,2017-07-17 10:29:13,2018-08-24 10:25:51,402,9.238009950248756,0.0020597414594174393,True,8.401465048137295,1853.7419441909296,0.004244563333786128,Coach: fulfilment
b32be1695eb7ec5f10f72d9610a12527,43,4.1395348837209305,0.11627906976744186,0.046511627906976744,3.2660691214470288,8.691311369509044,12.319605943152455,26276.0,678.6788372093023,0.16434931368122038,RS,kitchen_dining_laundry_garden_furniture,2017-11-24 22:29:43,2018-08-13 12:59:34,261,5.015019157088123,0.0020105639049304994,True,-0.49784428631226463,0.0,0.0,Invest
12b9676b00f60f3b700e83af21824c0e,132,4.5227272727272725,0.045454545454545456,0.015151515151515152,4.114888468013468,10.272511574074073,14.890719696969697,26177.0,224.54030303030302,0.1349249036767432,RS,cool_stuff,2017-03-07 22:10:46,2018-08-26 21:55:14,536,7.496417910447761,0.0020029887098251516,True,-10.877103390539975,0.0,0.0,Invest
de23c3b98a88888289c6f5cc1209054a,161,4.291925465838509,0.10559006211180125,0.09937888198757763,2.2336718749999998,8.503679261559697,10.952872670807453,26133.97,178.93242236024844,0.11931183168676059,SP,toys,2017-05-05 14:21:17,2018-08-09 09:45:06,460,10.654,0.0019996961780536053,True,-3.5849518627040595,0.0,0.0,Invest
a3a38f4affed601eb87a97788c949667,245,4.416326530612245,0.07755102040816327,0.044897959183673466,1.414364338404795,10.73140589569161,12.424285714285714,25981.24,126.70073469387755,0.23567588878571327,SC,toys,2017-01-11 20:12:38,2018-08-23 11:43:36,588,12.683333333333334,0.001988009717968355,True,-12.324926747593135,0.0,0.0,Invest
7e1fb0a3ebfb01ffb3a7dae98bf3238d,153,4.189542483660131,0.10457516339869281,0.12418300653594772,1.2150054466230937,13.788339687726943,15.412377450980392,25783.33,187.398954248366,0.11918775776818777,SP,health_beauty,2017-02-04 21:39:14,2018-08-23 19:57:18,564,8.257659574468086,0.001972866214298664,True,-3.562097111762243,0.0,0.0,Coach: fulfilment
9f505651f4a6abe901a56cdc21508025,388,4.376288659793815,0.09278350515463918,0.05154639175257732,0.974888293118856,6.681847794959909,8.069754080756013,25717.399999999998,81.41971649484536,0.3671201716439336,SP,computers_accessories,2017-10-05 10:35:03,2018-08-29 15:00:37,328,36.00829268292683,0.001967821440426991,True,-13.608455420678107,0.0,0.0,Invest
16090f2ca825584b5a147ab24aa30c86,395,4.086075949367088,0.13164556962025317,0.10886075949367088,1.4921468866038274,7.210446554149086,9.219908579465542,25467.87,78.07496202531645,0.3864782390897709,SP,auto,2017-01-31 17:40:36,2018-08-27 22:54:07,573,20.983944153577664,0.001948728122905401,True,1.4965466722478054,96.4907749309866,0.00022093755099199066,Coach: fulfilment
1c68394e931a64f90ea236c5ea590300,139,3.949640287769784,0.1510791366906475,0.03597122302158273,4.714779589371981,11.10470623501199,16.226064148681058,25000.84,201.01172661870504,0.15372002551845848,PR,computers_accessories,2017-07-15 11:56:44,2018-08-13 10:39:55,393,10.766310432569975,0.0019129923312887285,True,3.2278987023859362,580.5768272989814,0.001329362547641271,Invest
c003204e1ab016dfa150abc119207b24,195,4.466666666666667,0.046153846153846156,0.06666666666666667,1.2094042397660818,7.923650284900285,9.627047720797721,24978.58,152.50123076923077,0.19685516624280713,SP,auto,2017-10-18 23:51:56,2018-08-26 16:19:58,311,19.086173633440517,0.0019112890601468595,True,-15.93208455420678,0.0,0.0,Invest
a416b6a846a11724393025641d4edd5e,157,4.2165605095541405,0.14012738853503184,0.12738853503184713,3.012240143369176,9.220766985138004,12.492688428874736,24930.24,177.4891719745223,0.16919562345949724,SP,health_beauty,2017-01-26 16:48:24,2018-08-21 21:43:35,572,8.355034965034966,0.001907590222456026,True,1.9264755127668476,305.90762348662787,0.000700445003278869,Coach: fulfilment
f62d7bb4a613ec758a03342d46b580b2,32,4.375,0.0625,0.125,4.739105902777778,8.6361328125,13.8720703125,24665.0,837.2059375,0.0863599868112205,MG,small_appliances_home_oven_and_coffee,2018-01-10 18:29:18,2018-08-09 18:02:26,210,4.638476190476191,0.0018872948209434758,True,-2.0914190037672666,0.0,0.0,Coach: fulfilment
001cca7ae9ae17fb1caed9dfb1094831,192,4.0625,0.140625,0.0625,2.1954933449074074,10.510814525462964,13.118717447916666,24259.93,170.95119791666664,0.36623982447188813,ES,garden_tools,2017-02-04 19:06:04,2018-07-12 21:38:26,523,11.17491395793499,0.001856300030223039,True,2.4514859773964,309.7545739980117,0.0007092534704652962,Invest
dc4a0fc896dc34b0d5bfec8438291c80,221,3.841628959276018,0.19457013574660634,0.06787330316742081,3.710602061337356,9.897652714932127,13.924494092508798,24180.31,130.100407239819,0.2383493907961661,SP,bed_bath_table,2017-02-04 21:27:04,2018-08-20 12:55:19,561,11.991515151515154,0.0018502077369474048,True,14.743637505232316,1613.148078751783,0.003693669018222379,Invest
b94cc9f10ddc85e4ba73a6f7974e7101,37,4.297297297297297,0.13513513513513514,0.05405405405405406,2.0813626126126126,7.8025525525525525,10.237575075075075,24096.3,677.7789189189189,0.040336164678695934,RJ,toys,2017-11-02 09:30:52,2018-06-12 16:20:38,222,5.073333333333333,0.0018437795335049776,True,0.26929677689409826,175.37988986684485,0.0004015721024951825,Invest
b37c4c02bda3161a7546a4e6d222d5b2,4,2.25,0.75,0.25,7.183333333333334,9.886805555555556,18.67361111111111,24075.0,6121.9,0.03459144915838352,SP,fixed_telephony,2017-04-23 12:07:48,2018-07-15 14:49:44,448,0.2717857142857143,0.0018421497188004937,False,2.4885726245290916,14978.09648388447,0.03429575478109744,Monitor (low volume)
2b3e4a2a3ea8e01938cabda2a3e5cc79,52,4.365384615384615,0.07692307692307693,0.0,2.4649583333333336,5.7489049145299145,8.775240384615385,24034.03,480.7111538461538,0.09671858315336315,SP,computers_accessories,2017-05-09 09:32:59,2018-07-27 11:21:46,444,3.565045045045045,0.0018390148123008361,True,-2.648555881121808,0.0,0.0,Invest
612170e34b97004b3ba37eae81836b4c,106,4.433962264150943,0.07547169811320754,0.018867924528301886,4.580621693121693,6.16126179245283,11.016227725366877,22972.52,238.12867924528302,0.1576930979683575,RS,watches_gifts,2018-06-11 14:32:25,2018-08-22 10:02:13,71,45.4456338028169,0.001757791121833384,True,-5.552825449979071,0.0,0.0,Invest
1900267e848ceeba8fa32d80c1a5f5a8,360,3.95,0.16666666666666666,0.11388888888888889,1.9513310185185184,11.25112075617284,13.58054012345679,22722.96,83.72330555555556,0.4125712940094816,SP,bed_bath_table,2017-05-17 22:01:53,2018-08-26 20:06:40,465,23.566451612903226,0.0017386955087981253,True,13.971536207618247,881.874051067392,0.00201925099332626,Coach: fulfilment
744dac408745240a2c2528fb1b6028f3,78,4.576923076923077,0.038461538461538464,0.01282051282051282,1.599594155844156,9.201816239316239,11.029015313390314,22561.6,313.8460256410256,0.10135965862709782,PR,watches_gifts,2017-04-22 21:39:15,2018-08-14 18:33:48,478,4.967196652719665,0.001726348705947631,True,-6.972833821682713,0.0,0.0,Invest
1a3df491d1c4f1589fc2b934ada68bf2,160,4.26875,0.09375,0.05625,3.5077663502109706,10.9983203125,14.842309027777778,22472.4,165.9414375,0.19667955512725507,SC,bed_bath_table,2017-04-29 20:57:32,2018-08-15 20:49:33,472,10.31864406779661,0.0017195233786405906,True,-5.457095018836333,0.0,0.0,Invest
897060da8b9a21f655304d50fd935913,296,3.7364864864864864,0.22635135135135134,0.10810810810810811,2.5896730914588058,11.354891610360362,14.419247372372373,22046.47,96.11601351351351,0.4612838088532365,SP,computers_accessories,2017-02-13 09:35:10,2018-06-14 15:22:53,486,18.539588477366255,0.0016869324407494714,True,29.15437421515278,2171.456204402498,0.00497204231420246,Coach: fulfilment
ff69aa92bb6b1bf9b8b7a51c2ed9cf8b,20,3.65,0.3,0.25,1.0442708333333335,9.73232638888889,11.462083333333334,21940.8,1184.76,0.08264857654393046,SP,baby,2017-12-02 19:55:21,2018-06-18 22:43:08,198,3.074747474747475,0.001678846876438541,False,3.4428631226454582,3776.9585600669734,0.00864820471238079,Monitor (low volume)
710e3548e02bc1d2831dfc4f1b5b14d4,127,3.440944881889764,0.30708661417322836,0.03937007874015748,3.559527777777778,10.187937445319337,14.072408136482938,21868.98,201.0804724409449,0.24999164140756922,PR,furniture_decor,2017-01-25 00:19:56,2018-08-16 09:22:47,568,6.80612676056338,0.0016733514167166614,True,22.762180828798662,3919.5722622156013,0.008974751183928511,Coach: product quality
06e5eefc71ec47ae763c5c6f8db7064f,88,3.977272727272727,0.13636363636363635,0.022727272727272728,1.9373184974747475,8.796471902937421,10.99056186868687,21618.58,269.73977272727274,0.11114042677861953,RS,computers_accessories,2017-05-09 16:14:47,2018-08-22 17:14:07,470,5.699404255319149,0.0016541915292986908,True,0.7485977396400159,183.90477411621427,0.00042109176175683725,Invest
7ad32824caee82087b3e2e5f33b1bf32,141,3.900709219858156,0.18439716312056736,0.1276595744680851,1.616104983660131,9.981757289204097,11.841124901497242,21558.18,177.38716312056738,0.21281413403280705,SP,bed_bath_table,2018-01-26 15:36:01,2018-08-27 20:47:15,213,20.15042253521127,0.0016495698951132058,True,7.97218501465048,1218.9063797101962,0.002790963080297552,Coach: fulfilment
b1b3948701c5c72445495bd161b83a4c,14,1.9285714285714286,0.7142857142857143,0.6428571428571429,15.004117063492064,7.746527777777778,23.40302579365079,21519.5,1566.017857142857,0.024097855128090366,SP,auto,2017-06-06 08:37:30,2017-08-09 21:38:40,64,6.6587499999999995,0.0016466102128235608,False,8.21000418585182,12619.656076959876,0.028895569654185996,Monitor (low volume)
f45122a9ab94eb4f3f8953578bc0c560,179,4.011173184357542,0.16201117318435754,0.0782122905027933,1.2023042929292929,11.131184047175667,12.76395096213532,21505.38,138.1922905027933,0.2582308687007792,SP,pet_shop,2017-02-09 22:25:41,2018-08-22 09:39:57,558,9.764802867383514,0.0016455297910570204,True,6.113624947676851,734.5018305992783,0.0016818088129959144,Invest
8444e55c1f13cd5c179851e5ca5ebd00,91,3.3846153846153846,0.31868131868131866,0.06593406593406594,10.712370268620269,10.30376984126984,21.24764194139194,21464.56,257.6252747252747,0.13703477701284042,MG,perfumery,2017-03-13 23:13:57,2018-06-29 19:52:09,472,5.868728813559322,0.0016424063621257043,True,17.36502720803683,4095.9633891048247,0.009378638743329875,Coach: product quality
40db9e9aa57f7bb151bcda6b0f9bdbb7,11,2.3636363636363638,0.6363636363636364,0.09090909090909091,5.058459595959596,9.13371212121212,14.993497474747473,21380.0,1993.2163636363637,0.025502759773183507,PE,auto,2018-02-09 09:48:04,2018-08-17 16:07:20,189,1.7716402116402117,0.0016359360742660251,False,5.5935747174550015,10871.87522356254,0.024893628311125102,Monitor (low volume)
7b0df942f46435babab05d49b744b2c4,31,4.387096774193548,0.06451612903225806,0.0967741935483871,1.623073476702509,8.779726702508961,10.998655913978494,21311.91,708.315806451613,0.042979804059914695,SP,musical_instruments,2017-02-03 10:09:40,2018-06-25 08:27:27,506,1.8649011857707511,0.001630726023410236,True,-1.9635621598995396,0.0,0.0,Invest
05ff92fedb5be47920fea08e501238b9,56,4.303571428571429,0.05357142857142857,0.05357142857142857,2.115037878787879,9.514893353174603,11.949851190476192,21146.98,408.26535714285717,0.11682567336420838,RS,cool_stuff,2017-01-10 19:43:30,2018-08-07 21:31:29,574,2.969756097560976,0.0016181060544332155,True,-4.159983256592716,0.0,0.0,Invest
8f2ce03f928b567e3d56181ae20ae952,150,4.1466666666666665,0.12,0.14666666666666667,3.0982429157345264,10.72389814814815,14.302458333333334,21113.3,165.66473333333332,0.19524335681580582,SP,sports_leisure,2017-04-30 19:04:30,2018-08-24 17:54:37,480,9.512500000000001,0.0016155289577549517,True,-1.178526580159063,0.0,0.0,Coach: fulfilment
59fb871bf6f4522a87ba567b42dafecf,122,4.30327868852459,0.06557377049180328,0.06557377049180328,2.301262626262626,9.23206397996357,11.833834244080146,21068.61,189.065,0.10207859758014912,SP,health_beauty,2017-01-13 00:14:27,2018-04-11 23:34:10,453,8.197969094922737,0.0016121094075604266,True,-7.598534951862703,0.0,0.0,Invest
48162d548f5b1b11b9d29d1e01f75a61,66,3.984848484848485,0.16666666666666666,0.030303030303030304,1.2262100168350167,9.938015572390572,11.606534090909092,20650.09,344.3659090909091,0.1972359344274414,SP,garden_tools,2017-01-26 11:09:00,2018-08-17 12:16:27,568,3.5370422535211268,0.0015800854615453744,True,2.561448304730012,801.4263336821541,0.0018350476674155421,Invest
d2374cbcbb3ca4ab1086534108cc3ab7,495,3.8262626262626265,0.18585858585858586,0.06060606060606061,4.254134334233018,10.119817620650954,14.777824074074074,20563.14,60.60686868686869,0.5867877301243789,SP,bed_bath_table,2017-02-10 15:36:37,2018-08-21 11:28:41,556,27.100359712230215,0.0015734322977634552,True,28.710862285475095,1192.6979408019079,0.0027309529051086604,Invest
00ee68308b45bc5e2660cd833c3f81cc,133,4.323308270676692,0.10526315789473684,0.09022556390977443,1.6530200258397933,7.673866959064328,9.619026733500418,20407.89,178.0702255639098,0.20441755758200222,SP,bed_bath_table,2017-09-19 01:02:44,2018-08-09 20:45:10,324,12.495432098765432,0.0015615530145300688,True,-3.0049602344077027,0.0,0.0,Invest
729f06993dac8e860d4f02d7088ca48a,91,4.197802197802198,0.10989010989010989,0.12087912087912088,2.2030118601747817,9.23895757020757,11.799488705738705,19521.27,266.9713186813187,0.29796472380780914,SP,housewares,2017-03-24 10:57:40,2018-08-27 19:39:33,521,5.316775431861805,0.0014937114035775084,True,-1.6349727919631647,0.0,0.0,Coach: fulfilment
f457c46070d02cadd8a68551231220dd,186,3.924731182795699,0.1881720430107527,0.06451612903225806,2.2003566066066065,12.119888739545999,14.6617346176822,19508.54,125.4871505376344,0.204562910332532,PR,computers_accessories,2017-12-23 17:20:36,2018-06-30 13:24:32,188,30.116170212765958,0.0014927373406109319,True,11.218627040602762,1176.6614750896806,0.002694233773527837,Invest
004c9cd9d87a3c30c522c48c4fc07416,154,4.1688311688311686,0.12987012987012986,0.08441558441558442,1.349210239651416,12.991089466089466,14.724562590187592,19496.65,149.23824675324676,0.1932198830982622,SP,bed_bath_table,2017-01-27 10:34:34,2018-05-03 11:13:38,461,10.168676789587852,0.0014918275520270675,True,0.3100460443700274,39.252332538746074,8.987713310455337e-05,Invest
bfd27a966d91cfaafdb25d076585f0da,113,4.31858407079646,0.10619469026548672,0.05309734513274336,2.0829923115079363,10.160459685349066,12.473856932153392,19180.0,192.9532743362832,0.17921610955662737,SP,toys,2017-02-05 12:45:04,2018-07-02 10:01:40,511,6.731350293542074,0.0014675984052582958,True,-2.4478233570531605,0.0,0.0,Invest
dc317f341ab0e22f39acbd9dbf9b4a1f,55,4.1454545454545455,0.16363636363636364,0.05454545454545454,2.573358585858586,9.385656565656566,12.409292929292928,19047.3,411.9801818181818,0.23020834571994908,RS,cool_stuff,2017-01-16 14:04:11,2018-07-01 17:40:56,531,3.152919020715631,0.0014574445831322387,True,1.9678735872750104,681.503246889151,0.0015604565148167936,Invest
0dd184061fb0eaa7ca37932c68ab91c5,159,4.050314465408805,0.1320754716981132,0.11949685534591195,2.6586354617604617,8.98012753319357,11.869239168413696,18700.62,152.13899371069184,0.3050962584233865,SP,industry_commerce_and_business,2017-12-04 19:18:09,2018-08-16 13:52:25,254,19.054960629921258,0.0014309176271815115,True,0.6707618250313936,78.89095597747534,0.00018063876698624136,Coach: fulfilment
96493fab2fbb13a14d0c0e8772eef5c3,62,4.064516129032258,0.14516129032258066,0.06451612903225806,4.46288082437276,8.592349910394265,13.352441756272402,18600.0,319.1504838709677,0.0815712206374963,SP,computers_accessories,2017-02-08 13:14:41,2018-06-05 10:22:28,481,3.9236590436590437,0.0014232184743380762,True,1.0728756802009216,321.8627040602765,0.0007369777850949863,Invest
44073f8b7e41514de3b7815dd0237f4f,141,3.74468085106383,0.20567375886524822,0.03546099290780142,2.7309771825396822,10.057988573680063,13.169188337273445,18351.54,152.3049645390071,0.24926236524218168,DF,health_beauty,2017-02-22 23:49:42,2018-08-08 18:12:16,531,8.082937853107344,0.0014042070301373214,True,10.97218501465048,1428.0602282536088,0.003269868334305328,Invest
d650b663c3b5f6fb392b6326366efa9a,56,4.428571428571429,0.05357142857142857,0.07142857142857142,1.4865277777777777,8.074813988095238,9.863417658730159,18106.9,338.1576785714286,0.05575387809855796,SP,watches_gifts,2017-12-03 19:47:05,2018-08-13 22:51:49,253,6.737707509881424,0.001385487881343662,True,-4.159983256592716,0.0,0.0,Invest
cd68562d3f44870c08922d380acae552,121,4.016528925619835,0.1652892561983471,0.17355371900826447,3.187620523415978,12.558890036730945,16.11492194674013,18003.7,166.50652892561985,0.1858020989140958,SP,sports_leisure,2017-04-16 19:48:10,2018-03-30 23:32:46,348,10.584022988505748,0.001377591314324754,True,4.529321892005024,673.9219218767839,0.0015430973487959515,Coach: fulfilment
527801b552d0077ffd170872eb49683b,89,4.47191011235955,0.07865168539325842,0.0898876404494382,2.0945460704607046,10.503230337078652,12.86587858926342,17833.899999999998,223.2902247191011,0.23773217684962916,SP,books_general_interest,2017-10-13 11:01:58,2018-08-24 20:22:30,315,8.600507936507936,0.0013645987069622481,True,-4.37925910422771,0.0,0.0,Invest
9de4643a8dbde634fe55621059d92273,72,4.527777777777778,0.05555555555555555,0.041666666666666664,3.028125,11.363744212962963,14.63587962962963,17640.24,269.0183333333333,0.12312998037789977,SC,housewares,2017-01-13 15:11:16,2018-02-21 15:59:53,404,5.424950495049505,0.0013497804010622317,True,-5.20569275847635,0.0,0.0,Invest
a888faf2d1baececa6baf9c3d603ee1f,53,4.09433962264151,0.1509433962264151,0.1509433962264151,6.572746331236897,11.155411425576519,18.016640461215932,17564.8,352.3160377358491,0.0699535932110994,PR,perfumery,2017-01-28 21:51:24,2018-05-02 03:50:02,458,3.522532751091703,0.0013440079493577117,True,1.2235872750104644,405.5106748698831,0.000928508818287975,Coach: fulfilment
c72de06d72748d1a0dfb2125be43ba63,21,4.476190476190476,0.047619047619047616,0.0,0.8458698830409357,8.40489417989418,9.696296296296296,17522.0,892.0561904761905,0.11815747196788562,BA,computers_accessories,2018-05-10 12:09:59,2018-08-18 14:50:45,100,6.3924,0.0013407330165242889,False,-1.6849937212222688,0.0,0.0,Monitor (low volume)
821fb029fc6e495ca4f08a35d51e53a5,23,3.4782608695652173,0.30434782608695654,0.34782608695652173,1.6433712121212123,14.66736111111111,16.723882850241544,17462.62,817.3478260869565,0.18425557699503584,SP,sports_leisure,2018-01-21 19:06:42,2018-08-15 19:03:09,205,3.4152195121951223,0.0013361894298035254,False,4.0592925910422775,3081.9949559211605,0.00705692765155956,Monitor (low volume)
1e8b33f18b4f7598d87f5cbee2282cc2,119,4.428571428571429,0.10084033613445378,0.05042016806722689,1.4457019519519518,6.185107376283847,7.855578898225957,17317.56,168.34075630252102,0.17081874653752646,SP,bed_bath_table,2017-11-16 13:23:12,2018-08-27 21:27:13,284,12.754788732394365,0.0013250898560461342,True,-3.2149644202595224,0.0,0.0,Invest
8b321bb669392f5163d04c59e235e066,914,4.12035010940919,0.13566739606126915,0.1050328227571116,2.0479567011579207,10.274288080476538,12.705101963287138,16966.19,33.479704595186,0.9211873926976907,SP,electronics,2017-10-27 15:34:03,2018-08-21 16:45:44,298,93.36295302013423,0.0012982040347919313,True,7.138844704897451,132.5153125205515,0.00030342391423604216,Coach: fulfilment
0c8380b62e38e8a1e6adbeba7eb9688c,172,4.104651162790698,0.12209302325581395,0.05813953488372093,2.851009366925065,10.029966085271319,13.198691860465118,16887.59,120.85808139534883,0.2821457782151046,MG,bed_bath_table,2017-01-17 10:49:05,2018-08-20 16:43:55,580,9.027034482758621,0.001292189788981019,True,-0.9913771452490591,0.0,0.0,Invest
165fc07beebdcb6190fba8a06db2a449,47,3.893617021276596,0.19148936170212766,0.1276595744680851,2.911982860520095,9.574453309692672,12.99934988179669,16882.31,391.6114893617022,0.14909810089153072,PR,computers_accessories,2017-08-07 10:21:18,2018-08-14 17:42:23,372,3.845913978494624,0.0012917857785754005,True,2.9907283382168273,1074.2638921608793,0.0024597712436541814,Coach: fulfilment
94144541854e298c2d976cb893b81343,67,4.253731343283582,0.11940298507462686,0.029850746268656716,5.179736733001659,6.9708747927031505,12.72167288557214,16826.38,272.1679104477612,0.3097814127627559,RS,health_beauty,2017-02-23 22:06:24,2018-02-06 09:17:35,347,5.877463976945245,0.0012875061759264903,True,-0.5664085391377147,0.0,0.0,Invest
54a1852d1b8f10312c55e906355666ee,197,4.355329949238579,0.08121827411167512,0.09644670050761421,1.4058347651775485,9.655724760293287,11.531116046249295,16824.47,102.41705583756345,0.22690509440250242,SP,sports_leisure,2017-01-12 12:01:14,2018-08-21 19:49:42,586,10.233242320819114,0.0012873600282229426,True,-9.187798241942236,0.0,0.0,Invest
c3acdfac4e3e97ff87529454fbc03642,12,4.25,0.08333333333333333,0.08333333333333333,5.866666666666667,4.772743055555555,11.16099537037037,16788.0,1421.4399999999998,0.01730428673713956,SP,watches_gifts,2018-03-24 13:40:27,2018-08-16 18:52:14,145,2.5191724137931035,0.001284569448773528,False,-0.5342821264127251,0.0,0.0,Monitor (low volume)
76d64c4aca3a7baf218bf93ef7fa768d,63,4.222222222222222,0.14285714285714285,0.031746031746031744,1.8548280423280423,8.877634479717813,11.015443121693123,16701.79,321.5263492063492,0.23371679874592033,PR,toys,2017-05-25 08:39:38,2018-08-26 13:53:04,458,4.187161572052402,0.0012779729076620935,True,0.9450188363331933,250.53184365843438,0.0005736495745110585,Invest
41b39e28db005d9731d9d485a83b4c38,183,4.213114754098361,0.12021857923497267,0.06557377049180328,4.061786581663631,7.9752276867030965,12.413277929568913,16696.38,112.50464480874317,0.31170212931546626,SP,bed_bath_table,2017-01-19 15:21:44,2018-08-20 14:19:56,577,9.654280762564992,0.001277558950030579,True,-1.397802427794057,0.0,0.0,Invest
abe42c5d03695b4257b5c6cbf4e6784e,48,3.9583333333333335,0.16666666666666666,0.14583333333333334,1.6528935185185185,12.086328125,14.020789930555557,16561.0,364.4110416666667,0.061420053381957974,RJ,health_beauty,2017-08-31 17:25:03,2018-08-05 14:52:28,338,4.322840236686391,0.0012672000620168216,True,1.8628714943490996,642.7294753732383,0.0014716751558985358,Coach: fulfilment
8ae520247981aa06bc94abddf5f46d34,65,4.446153846153846,0.09230769230769231,0.015384615384615385,1.0641621129326049,9.623044871794873,10.979433760683762,16320.99,273.3283076923077,0.15339359236503822,SC,watches_gifts,2017-11-01 22:26:06,2018-08-20 22:45:38,292,6.776027397260274,0.001248835187499301,True,-2.31069485140226,0.0,0.0,Invest
7aa4334be125fcdd2ba64b3180029f14,213,4.131455399061033,0.14084507042253522,0.13615023474178403,4.982501956181533,10.649515199161424,16.033724569640064,16101.85,96.0250234741784,0.30713933512599567,SP,toys,2017-02-28 10:08:49,2017-12-12 14:44:42,287,22.591358885017424,0.0012320672253236856,True,2.766492256174133,209.13447575153737,0.00047886089559946363,Coach: fulfilment
ef0ace09169ac090589d85746e3e036f,127,4.425196850393701,0.07086614173228346,0.08661417322834646,2.989260717410324,9.558798118985127,12.871981627296588,16077.800000000001,144.8985039370079,0.15021217521440458,RJ,perfumery,2017-11-14 10:43:54,2018-08-23 21:20:25,282,13.708794326241135,0.0012302269885329422,True,-7.237819171201339,0.0,0.0,Invest
1f1bb1f0859883505541bdd6606193e5,27,4.333333333333333,0.07407407407407407,0.1111111111111111,3.5518518518518523,10.232870370370371,13.978755144032922,16040.84,613.4396296296296,0.05297384207244495,SP,fashion_bags_accessories,2017-04-05 21:01:30,2018-07-29 20:22:09,479,1.7158246346555324,0.0012273989156936123,False,-1.4521347844286314,0.0,0.0,Monitor (low volume)
4a3ccda38b2129705f3fb522db62ca31,62,4.016129032258065,0.1774193548387097,0.0967741935483871,3.2339605734767027,9.708210125448028,13.219298835125448,15898.29,277.77758064516127,0.22832708556338174,SP,construction_tools_safety,2017-09-18 13:17:16,2018-08-19 14:51:36,335,5.633671641791046,0.0012164913999131342,True,3.0728756802009216,787.9591725448631,0.001804211542380629,Invest
0adac9fbd9a2b63cccaac4f8756c1ca8,105,4.114285714285714,0.11428571428571428,0.06666666666666667,3.8938969017094016,8.903968253968253,13.136104497354498,15848.39,173.89066666666668,0.49126468544557567,SP,housewares,2017-01-22 20:25:54,2018-08-16 20:56:16,571,5.597548161120841,0.0012126731955115497,True,-1.424968606111344,0.0,0.0,Invest
fa40cc5b934574b62717c68f3d678b6d,300,4.486666666666666,0.07,0.06333333333333334,2.4385276845637582,8.350965277777778,11.226819444444445,15762.67,67.6275,0.3030744591129151,SP,toys,2017-01-18 22:57:25,2018-05-21 20:30:42,487,18.751540041067763,0.0012061141477900303,True,-17.357053160318124,0.0,0.0,Invest
4b9750c8ad28220fe6702d4ecb7c898f,215,4.367441860465116,0.06976744186046512,0.07906976744186046,1.9130994496855347,7.287622739018088,9.477713178294573,15741.6,88.76832558139535,0.24796428493382766,SP,baby,2017-10-12 12:42:46,2018-08-27 12:11:07,318,20.580503144654088,0.00120450193202367,True,-12.489221431561322,0.0,0.0,Invest
c33847515fa6305ce6feb1e818569f13,112,3.830357142857143,0.21428571428571427,0.044642857142857144,1.5921763506625892,7.37882564484127,9.350744047619047,15680.96,179.66017857142856,0.2920769381699989,SC,bed_bath_table,2018-05-09 20:36:26,2018-08-22 16:38:09,104,32.78153846153846,0.0011998619337288386,True,9.680033486814565,1355.2876598696405,0.003103239005753964,Invest
2a5b78b41cd05baeac8df54c6606b92c,46,4.543478260869565,0.043478260869565216,0.021739130434782608,1.3795893719806762,7.3794685990338165,9.040066425120774,15623.28,362.3058695652174,0.11826450825370775,MG,health_beauty,2017-07-02 15:37:04,2018-08-15 18:01:23,409,3.423569682151589,0.0011954484261159453,True,-3.881414817915446,0.0,0.0,Invest
6061155addc1e54b4cfb51c1c2a32ad8,27,4.777777777777778,0.0,0.037037037037037035,0.86059670781893,4.5265946502057615,6.005915637860083,15614.4,610.2244444444445,0.13689777078795903,SP,pet_shop,2018-06-01 01:20:55,2018-08-26 07:38:38,86,9.556744186046512,0.001194768954070132,False,-3.4521347844286314,0.0,0.0,Monitor (low volume)
d921b68bf747894be13a97ae52b0f386,76,4.605263157894737,0.039473684210526314,0.013157894736842105,1.2465277777777777,8.51813779239766,9.947743055555556,15422.8,225.9878947368421,0.12392084136908615,MG,watches_gifts,2018-04-17 08:33:54,2018-08-22 10:59:51,127,18.216062992125984,0.0011801082734420043,True,-6.717120133947258,0.0,0.0,Invest
86ccac0b835037332a596a33b6949ee1,170,4.2823529411764705,0.10588235294117647,0.03529411764705882,2.3958047385620915,9.381225490196078,12.226523692810456,15407.99,113.00158823529412,0.3608959888395784,SC,watches_gifts,2017-03-22 17:23:19,2018-07-30 16:32:00,494,10.475303643724697,0.0011789750548610932,True,-3.735663457513604,0.0,0.0,Invest
229c3efbfb0ea2058de4ccdfbc3d784a,116,3.646551724137931,0.25,0.017241379310344827,1.3323188405797102,9.058890086206896,10.751107519157088,15270.0,151.01991379310346,0.17791609790040783,MG,computers_accessories,2017-03-06 22:48:54,2018-08-17 15:12:27,528,6.6875757575757575,0.0011684164571581948,True,14.168606111343658,1865.1259941398075,0.004270629702492095,Invest
79ebd9a61bac3eaf882805ed4ecfa12a,132,4.053030303030303,0.13636363636363635,0.06060606060606061,4.8916984732824424,9.913836279461279,15.363015572390573,15238.880000000001,147.08863636363637,0.41708455987515525,PR,furniture_decor,2017-10-10 23:13:16,2018-08-18 22:51:17,311,12.919871382636657,0.0011660352443129583,True,1.1228966094600237,129.63399003006188,0.00029682647178496605,Invest
f9244d45189d3a3605499abddeade7d5,20,4.35,0.05,0.0,5.890312499999999,8.984756944444445,15.176909722222224,15081.44,795.108,0.1048168493907284,SP,small_appliances,2017-02-07 22:29:03,2018-08-18 12:45:56,556,1.0949640287769784,0.0011539883885817869,False,-1.5571368773545415,0.0,0.0,Monitor (low volume)
2a84855fd20af891be03bc5924d2b453,153,4.372549019607843,0.0784313725490196,0.032679738562091505,1.6775248015873017,6.8031318082788665,8.658070079883805,15043.2,119.64777777777778,0.3051542769617238,MG,stationery,2017-12-28 12:31:49,2018-08-29 14:18:28,244,19.087377049180326,0.0011510623738259435,True,-7.5620971117622435,0.0,0.0,Invest
8e6d7754bc7e0f22c96d255ebda59eba,82,3.6097560975609757,0.25609756097560976,0.17073170731707318,5.005716463414634,10.11137364498645,15.5050135501355,15027.08,204.8841463414634,0.1379002267321336,SP,computers_accessories,2017-12-30 16:52:49,2018-08-26 04:52:35,238,10.487731092436976,0.0011498289178148505,True,10.51573880284638,1927.0835152375216,0.004412495523205569,Coach: fulfilment
e2a1ac9bf33e5549a2a4f834e70df2f8,5,4.8,0.0,0.0,3.896805555555555,7.6097222222222225,12.335138888888888,14999.449999999999,3040.112,0.013407824953581633,SP,computers_accessories,2017-03-08 18:51:06,2017-07-06 14:51:37,119,1.2789915966386556,0.0011477147497263578,False,-0.6392842193386354,0.0,0.0,Monitor (low volume)
85d9eb9ddc5d00ca9336a2219c97bb13,494,4.228744939271255,0.09109311740890688,0.03643724696356275,6.621702091767881,7.477278733693208,14.660155195681511,14993.89,47.34089068825911,0.5831327679429855,MG,computers_accessories,2017-01-18 15:31:13,2018-08-19 22:46:19,578,26.0161937716263,0.001147289314526502,True,-18.16128087065718,0.0,0.0,Invest
213b25e6f54661939f11710a6fddb871,141,3.971631205673759,0.15602836879432624,0.09219858156028368,8.064173661071143,7.128580575256107,15.46191390858944,14882.65,128.29255319148936,0.22439165496893487,SP,home_construction,2017-11-21 21:24:19,2018-08-14 07:49:51,265,16.19637735849057,0.001138777549844493,True,3.972185014650482,419.266945448851,0.0009600069250725266,Invest
e5a38146df062edaf55c38afa99e42dc,117,3.9914529914529915,0.1623931623931624,0.08547008547008547,2.4156521739130437,8.832555792972459,11.76034544159544,14861.2,142.71444444444444,0.16947762870084282,SP,housewares,2017-01-18 23:15:29,2018-08-21 17:33:29,579,6.151088082901555,0.0011371362575716677,True,4.040749267475932,513.2511368701994,0.0011752050836472373,Invest
01fdefa7697d26ad920e9e0346d4bd1b,127,4.377952755905512,0.05511811023622047,0.06299212598425197,1.453229717813051,8.96515748031496,10.775442913385827,14752.630000000001,137.57677165354332,0.21311004675329207,PR,health_beauty,2017-04-26 15:57:39,2018-08-20 21:50:59,481,8.037172557172557,0.0011288287936061362,True,-9.23781917120134,0.0,0.0,Invest
5cf13accae3222c70a9cac40818ae839,146,4.5,0.0684931506849315,0.03424657534246575,1.652169540229885,8.807477168949772,10.680779109589041,14508.550000000001,120.51808219178082,0.213369530011264,MG,pet_shop,2017-01-16 16:41:18,2018-08-23 20:38:24,584,7.61,0.0011101524944009515,True,-8.667099204688155,0.0,0.0,Invest
a5cba26a62b8b4d0145b68b841e62e7f,53,4.566037735849057,0.03773584905660377,0.018867924528301886,3.713221153846154,9.0125786163522,13.183228511530398,14438.84,297.8447169811321,0.11578018331018837,PR,health_beauty,2017-07-22 10:44:10,2018-08-20 17:09:20,394,4.094720812182741,0.0011048184858070747,True,-4.776412724989536,0.0,0.0,Invest
1b4c3a6f53068f0b6944d2d005c9fc89,109,4.247706422018348,0.10091743119266056,0.06422018348623854,1.501598532494759,12.499190876656472,14.49275611620795,14334.59,158.5345871559633,0.25838889930361203,SC,housewares,2017-02-16 17:42:42,2018-07-26 13:09:48,524,6.331984732824427,0.0010968415758097765,True,-2.9363959815822516,0.0,0.0,Invest
080199a181c46c657dc5aa235411be3b,78,4.615384615384615,0.01282051282051282,0.02564102564102564,2.096171418128655,5.796474358974359,8.087651353276353,14324.710000000001,196.7997435897436,0.07240897209977816,SP,auto,2017-09-20 05:02:16,2018-08-24 11:43:17,338,7.024615384615385,0.0010960855866416874,True,-8.972833821682713,0.0,0.0,Invest
4c2b230173bb36f9b240f2b8ac11786e,251,3.9840637450199203,0.17928286852589642,0.10358565737051793,4.8303010181496235,7.62234395750332,12.963404714475432,14204.029999999999,73.92629482071713,0.324736149728687,SP,sports_leisure,2017-02-14 14:24:24,2018-08-20 21:37:48,552,13.841376811594202,0.0010868515003253905,True,12.907932189200505,730.456797025377,0.0016725467896352634,Coach: fulfilment
66922902710d126a0e7d26b0e3805106,148,4.52027027027027,0.0472972972972973,0.06756756756756757,2.7140718843843845,8.100093843843844,11.179199512012012,14202.2,117.48135135135136,0.25354965579566746,MG,pet_shop,2017-05-14 21:11:45,2018-08-21 21:44:04,464,9.709310344827587,0.001086711473991625,True,-11.922812892423607,0.0,0.0,Invest
c6bda72e4dbf5c5866b13cb1810c6d03,58,4.4655172413793105,0.06896551724137931,0.034482758620689655,1.650742337164751,8.367887931034483,10.273982279693486,14161.86,264.5037931034483,0.12834188073427738,SP,baby,2017-07-12 18:18:00,2018-08-23 18:06:57,406,4.348571428571429,0.0010836247732790016,True,-3.415696944328171,0.0,0.0,Invest
f08a5b9dd6767129688d001acafc21e5,11,4.2727272727272725,0.09090909090909091,0.18181818181818182,5.294823232323232,11.159406565656566,18.870454545454546,14069.630000000001,1324.158181818182,0.05159621799910819,RS,computers_accessories,2017-10-07 14:32:01,2018-01-16 09:15:25,100,3.3484000000000003,0.001076567599091464,False,-0.4064252825449979,0.0,0.0,Monitor (low volume)
c847e075301870dd144a116762eaff9a,40,4.2,0.15,0.075,1.4136458333333333,14.51560763888889,16.43012152777778,14048.900000000001,377.088,0.22804859129581176,MG,cool_stuff,2017-02-15 12:18:51,2018-01-10 11:38:12,328,3.7121951219512197,0.0010749813991466775,True,0.8857262452909165,311.08698618668893,0.0007123043308826654,Invest
aba1721a889e04decc910aa13b768ef4,81,4.444444444444445,0.09876543209876543,0.1111111111111111,1.5685503472222222,7.5984053497942385,9.353858024691359,14036.3,188.34395061728395,0.17557111879437887,SP,stationery,2017-02-08 14:36:40,2018-08-21 10:57:15,558,4.418709677419355,0.0010740172834059966,True,-2.3564043532858943,0.0,0.0,Coach: fulfilment
2e90cb1677d35cfe24eef47d441b7c87,126,4.111111111111111,0.14285714285714285,0.1349206349206349,1.9286738351254482,10.22174823633157,12.498958333333334,13879.91,133.0418253968254,0.23591613618608187,SP,electronics,2017-03-08 21:55:07,2018-08-26 17:23:02,535,7.169046728971963,0.0010620507706532154,True,1.8900376726663866,208.20279994618178,0.00047672761217520905,Coach: fulfilment
3b15288545f8928d3e65a8f949a28291,98,4.112244897959184,0.11224489795918367,0.061224489795918366,2.943827947845805,11.077579365079366,14.343161848072562,13735.65,164.31704081632654,0.18365142364356055,SP,bed_bath_table,2017-03-22 14:09:46,2018-08-13 16:57:13,509,5.860746561886052,0.0010510124105936448,True,-1.5299706990372541,0.0,0.0,Invest
ce248b21cb2adc36282ede306b7660e5,64,4.234375,0.125,0.109375,1.7334635416666666,13.382378472222221,15.71945529513889,13706.43,244.89546875000002,0.3012175086680828,SC,musical_instruments,2017-07-18 15:19:37,2018-08-04 12:12:10,381,5.113280839895014,0.0010487765802807331,True,-0.18283800753453328,0.0,0.0,Coach: fulfilment
610f72e407cdd7caaa2f8167b0163fd8,16,3.625,0.3125,0.125,9.210185185185185,3.5244791666666666,12.7046875,13621.16,904.82875,0.06602506545253911,SP,bed_bath_table,2018-04-03 00:05:04,2018-08-25 20:59:18,144,3.382222222222222,0.0010422519652642382,False,2.9542904981163667,2515.0539725826707,0.005758787466600055,Monitor (low volume)
9e6229250fedbe05838fef417b74e7fb,73,3.8904109589041096,0.1506849315068493,0.0410958904109589,3.0734350547730833,8.357562785388128,11.829480593607306,13602.720000000001,213.5491780821918,0.15087589864457154,SP,baby,2017-09-24 23:53:13,2018-08-22 09:09:10,331,6.713353474320242,0.0010408409895294644,True,1.6664503976559224,310.5240842904407,0.0007110154391052414,Invest
6039e27294dc75811c0d8a39069f52c0,63,3.7301587301587302,0.19047619047619047,0.2222222222222222,5.923181216931217,11.487588183421517,17.993584656084657,13526.98,252.04206349206348,0.1925903435428621,SP,electronics,2017-02-27 16:01:28,2018-08-22 22:04:26,541,3.544768946395564,0.0010350455826882619,True,3.945018836333193,847.050649185752,0.0019395149031721259,Coach: fulfilment
b8bc237ba3788b23da09c0f1f3a3288c,44,4.318181818181818,0.06818181818181818,0.022727272727272728,1.2385732323232324,10.134659090909091,11.626878156565656,13426.710000000001,348.0884090909091,0.14078676603528376,SC,housewares,2017-08-07 08:31:36,2018-06-30 07:43:15,326,4.108466257668712,0.0010273732108376232,True,-2.625701130179992,0.0,0.0,Invest
a3e9a2c700480d9bb01fba070ba80a0e,123,4.040650406504065,0.15447154471544716,0.0975609756097561,2.473955463728191,10.273498193315266,13.033062330623306,13414.19,131.8271544715447,0.24249546049769835,SP,bed_bath_table,2017-05-09 22:58:25,2018-08-19 14:19:27,466,8.034592274678111,0.0010264152164667247,True,3.27360820426957,357.01465396447827,0.0008174661605897655,Invest
289cdb325fb7e7f891c38608bf9e0962,105,4.609523809523809,0.047619047619047616,0.01904761904761905,1.2733680555555555,5.165687830687831,6.800026455026455,13394.94,147.2107619047619,0.15547171570715237,SP,perfumery,2018-02-21 22:53:10,2018-08-25 14:05:07,184,17.370652173913044,0.001024942261862907,True,-8.424968606111344,0.0,0.0,Invest
240b9776d844d37535668549a396af32,35,4.3428571428571425,0.08571428571428572,0.05714285714285714,4.9586507936507935,5.967956349206349,11.357698412698413,13332.09,404.9042857142857,0.12127469966321974,RJ,telephony,2018-07-17 13:48:59,2018-08-21 14:19:34,35,30.44,0.0010201331607278452,True,-1.4749895353704479,0.0,0.0,Invest
8cc6a0e5738e61a87b03c78b2ba9db4b,23,4.478260869565218,0.043478260869565216,0.08695652173913043,1.4872886473429952,15.037590579710145,16.771980676328504,13272.7,598.9826086956522,0.10392133210992738,MG,stationery,2017-02-02 12:25:09,2017-04-28 15:54:22,85,8.236705882352942,0.0010155888088358594,False,-1.940707408957723,0.0,0.0,Monitor (low volume)
d94a40fd42351c259927028d163af842,95,4.28421052631579,0.08421052631578947,0.042105263157894736,2.6317577658303466,11.198625730994152,14.093362573099416,13267.69,173.4367368421053,0.2409272063958804,MG,housewares,2017-07-22 07:12:13,2018-08-08 13:18:36,382,7.570157068062827,0.0010152054580532554,True,-4.146400167434073,0.0,0.0,Invest
1f9ab4708f3056ede07124aad39a2554,75,4.093333333333334,0.08,0.05333333333333334,2.715824074074074,11.420018518518518,14.612546296296296,13186.630000000001,207.46586666666667,0.18312945497119146,SP,baby,2017-01-27 18:00:27,2018-06-02 11:14:30,490,4.659183673469388,0.0010090029801215433,True,-3.589263290079531,0.0,0.0,Invest
d05ae8f7a5bd1d2a690a44cd079e4e27,76,3.8947368421052633,0.21052631578947367,0.09210526315789473,2.300045687134503,8.815880847953217,11.426105628654971,13165.33,188.55605263157895,0.09618491965701073,RJ,sports_leisure,2017-04-22 16:02:43,2018-08-18 12:25:09,482,4.7996680497925315,0.0010073731654170594,True,6.282879866052741,1088.370878775528,0.0024920723944817755,Invest
05f51e13da97139648b8125c31e5f51b,57,4.228070175438597,0.14035087719298245,0.15789473684210525,4.9917275828460035,7.338925438596491,12.506944444444445,13100.31,262.96421052631575,0.16703295888533143,MG,baby,2017-07-10 16:09:38,2018-03-23 10:44:18,255,6.804235294117648,0.0010023980221266582,True,0.7121598995395558,163.6757097111761,0.0003747727229502257,Coach: fulfilment
0b35c634521043bf4b47e21547b99ab5,45,3.488888888888889,0.3333333333333333,0.15555555555555556,3.507175925925926,15.552777777777777,19.44881172839506,13047.7,320.41555555555556,0.1692777963797828,PR,construction_tools_construction,2017-12-20 13:29:07,2018-08-12 02:11:20,234,5.853846153846154,0.0009983724563237054,True,9.24644202595228,2680.9955916003905,0.006138748503700684,Remove
6d66611d7c44cc30ce351abc49a68421,161,3.987577639751553,0.14906832298136646,0.055900621118012424,3.371553657694962,8.055555555555557,11.874439268461007,13036.7,101.05304347826088,0.2898971687489395,SP,musical_instruments,2017-02-02 07:05:42,2018-08-25 11:43:42,569,8.613075571177506,0.0009975307679786667,True,3.4150481372959405,276.52768976078255,0.0006331729701716841,Invest
669ae81880e08f269a64487cfb287169,159,4.283018867924528,0.11320754716981132,0.0440251572327044,1.4747390304317056,10.397182914046121,12.243278301886793,12973.36,102.53622641509435,0.29944339274272375,SC,sports_leisure,2017-01-20 14:30:03,2018-08-08 12:55:10,564,8.581489361702127,0.0009926841734536895,True,-2.3292381749686055,0.0,0.0,Invest
a6bd7d1ccdac48c6b33b28596b7eb122,13,3.6923076923076925,0.3076923076923077,0.15384615384615385,4.117735042735043,11.838354700854701,16.326442307692307,12949.11,1042.8623076923077,0.05349246825355043,PB,watches_gifts,2017-06-28 08:47:01,2018-07-22 16:18:31,389,1.0172750642673523,0.0009908286332384907,False,2.3378610297195483,2328.7092029655155,0.0053321087808000135,Monitor (low volume)
039e6ad9dae79614493083e241147386,5,4.0,0.2,0.2,3.6405555555555558,10.484166666666667,14.59388888888889,12925.0,2654.684,0.0297906540736081,SP,garden_tools,2018-04-03 11:35:18,2018-07-10 20:53:38,98,1.5530612244897959,0.0009889838054204104,False,0.36071578066136467,932.4502930096277,0.0021350567896947534,Monitor (low volume)
440dd6ab244315c632130ecfb63827b1,88,3.8636363636363638,0.1590909090909091,0.13636363636363635,2.350497159090909,13.845241477272726,16.565372474747473,12864.300000000001,168.77477272727273,0.20886836568449182,SP,sports_leisure,2017-01-12 09:45:32,2018-08-04 14:55:00,569,4.707768014059755,0.0009843392160982427,True,2.7485977396400165,401.8043852505803,0.0009200224261707859,Coach: fulfilment
34d1ca11b242c0fee2c834ae8d788566,39,4.333333333333333,0.05128205128205128,0.0,1.6424890350877193,10.63082264957265,12.775373931623932,12841.97,353.90717948717946,0.10466420354156206,MG,computers_accessories,2017-03-01 16:21:50,2018-08-07 08:43:58,523,2.269904397705545,0.0009826305887578142,True,-2.9864169108413563,0.0,0.0,Invest
c31eff8334d6b3047ed34bebd4d62c36,117,3.8803418803418803,0.1794871794871795,0.1452991452991453,4.9346384099616865,7.2169693732193725,12.80971628679962,12779.42,129.1945299145299,0.18953045191755766,SP,art,2017-11-25 11:48:45,2018-08-17 08:05:07,264,13.490454545454545,0.0009778444427594353,True,6.040749267475931,659.8057436219425,0.0015107751516198825,Coach: fulfilment
d50d79cb34e38265a8649c383dcffd48,67,4.253731343283582,0.08955223880597014,0.07462686567164178,1.367589137645108,11.117879353233832,13.194610281923715,12765.35,218.94358208955222,0.18736692574495667,SP,garden_tools,2017-01-18 17:55:34,2018-08-10 10:56:10,568,3.5906338028169014,0.0009767678468490086,True,-2.566408539137715,0.0,0.0,Invest
6edacfd9f9074789dad6d62ba7950b9c,199,4.452261306532663,0.07035175879396985,0.06030150753768844,1.7319444444444445,6.969514237855947,9.003175600223338,12751.57,78.3140703517588,0.26716114211022024,SP,furniture_decor,2017-01-17 14:57:29,2018-08-27 20:31:22,587,10.319522998296423,0.000975713440904042,True,-11.44351192967769,0.0,0.0,Invest
431af27f296bc6519d890aa5a05fdb11,114,3.8157894736842106,0.22807017543859648,0.15789473684210525,4.401596003898636,12.550554337231969,17.34001583820663,12705.49,129.63614035087718,0.17522436701165955,SP,health_beauty,2017-04-26 18:11:15,2018-07-31 18:46:13,461,7.527462039045553,0.0009721875319095529,True,11.424319799079111,1273.2594821403654,0.0029154168568199957,Coach: fulfilment
530ec6109d11eaaf87999465c6afee01,94,4.340425531914893,0.0851063829787234,0.010638297872340425,1.7088503086419753,8.75033244680851,10.851957742316785,12682.11,162.54425531914893,0.22176077700840882,PR,sports_leisure,2017-05-24 12:17:36,2018-08-23 15:50:07,456,6.274912280701755,0.0009703985615907344,True,-4.018543323566346,0.0,0.0,Invest
75d34ebb1bd0bd7dde40dd507b8169c3,57,3.9298245614035086,0.19298245614035087,0.15789473684210525,4.4985867446393755,11.187341617933724,16.047831384015595,12656.33,245.08368421052631,0.21995337283048474,BA,telephony,2017-01-28 17:05:59,2018-02-05 13:50:59,372,4.664193548387097,0.0009684259501784529,True,3.7121598995395555,824.2512403743766,0.0018873104768893719,Coach: fulfilment
ed4acab38528488b65a9a9c603ff024a,31,3.806451612903226,0.1935483870967742,0.03225806451612903,3.150949074074074,6.534050179211469,9.886805555555556,12648.460000000001,427.40774193548384,0.1874024814633776,SP,computers_accessories,2017-03-23 16:39:19,2018-07-27 15:27:42,490,1.925795918367347,0.000967823760426139,True,2.03643784010046,830.8968568708732,0.001902527125679042,Invest
b372ee768ed69e46ca8cdbd267aa7a38,63,4.444444444444445,0.09523809523809523,0.0,1.6180100182149362,10.571274250440917,12.494664902998236,12630.0,219.2673015873016,0.17034964074786135,SP,fashion_bags_accessories,2017-03-18 11:24:06,2018-08-23 14:59:37,523,3.6667686424474186,0.0009664112543489194,True,-2.0549811636668065,0.0,0.0,Invest
e24fc9fcd865784fb25705606fe3dfe7,50,4.16,0.12,0.08,1.4719305555555555,10.538763888888889,12.286777777777777,12558.0,270.69239999999996,0.10623265583284347,SP,health_beauty,2017-01-06 23:31:23,2018-03-26 23:31:51,444,3.427927927927928,0.0009609020215450302,True,-0.39284219338635434,0.0,0.0,Invest
00fc707aaaad2d31347cf883cd2dfe10,100,4.08,0.15,0.05,2.3347361111111113,12.605909722222222,15.355645833333334,12545.3,147.872,0.1747471332052062,PR,computers_accessories,2018-01-31 15:33:18,2018-06-13 16:19:00,133,22.887218045112782,0.0009599302540921218,True,2.214315613227291,277.79253662620334,0.000636069124431258,Invest
a673821011d0cec28146ea42f5ab767f,118,4.101694915254237,0.15254237288135594,0.1016949152542373,3.857971272554606,8.804802259887007,13.012135122410546,12509.460000000001,127.37,0.23042415917912415,SP,bed_bath_table,2017-02-27 19:54:44,2018-08-22 01:35:54,540,6.651703703703704,0.0009571878804297416,True,2.9128924236082057,308.80263777482975,0.0007070737962114537,Coach: fulfilment
ad97a199236354e53fcd91a5a913e9a2,16,4.5,0.0625,0.125,5.010286458333334,10.076649305555556,15.631336805555556,12446.85,830.25125,0.07434012878357633,SC,small_appliances,2017-11-16 20:47:34,2018-07-23 23:29:17,249,1.955983935742972,0.0009523971434040261,False,-1.0457095018836333,0.0,0.0,Monitor (low volume)
99eaacc9e6046db1c82b163c5f84869f,62,3.9838709677419355,0.1774193548387097,0.11290322580645161,2.9772401433691758,11.224473566308243,14.895721326164876,12443.28,217.88645161290322,0.11596918273382746,SP,telephony,2017-02-08 14:04:09,2018-02-18 21:58:51,375,5.032746666666667,0.0009521239772774998,True,3.0728756802009216,616.7202015150085,0.0014121210143401607,Coach: fulfilment
c66dccfb3f109511246da627dd5a2498,43,4.558139534883721,0.06976744186046512,0.046511627906976744,1.400165343915344,9.924725452196382,11.561676356589148,12441.65,311.63209302325583,0.09647168227732689,SP,watches_gifts,2018-01-15 13:54:27,2018-08-24 16:32:04,221,5.922714932126697,0.0009519992543681895,True,-2.4978442863122647,0.0,0.0,Invest
1ca7077d890b907f89be8c954a02686a,107,2.392523364485981,0.5981308411214953,0.21495327102803738,5.358229491173416,9.862779075804776,15.537279335410176,12394.34,130.31644859813085,0.17987796924677854,SP,unknown,2017-09-15 13:53:55,2018-04-09 17:09:08,206,15.81106796116505,0.0009483792293133006,True,50.31931770615319,5828.735815122269,0.013346214882132371,Remove
2b1a40c1daabc6ca280c4b815c101841,22,3.8181818181818183,0.18181818181818182,0.045454545454545456,0.8037563131313131,12.26641414141414,13.42528409090909,12342.6,644.3518181818182,0.13182648207989875,MG,auto,2017-01-16 21:18:10,2018-06-16 12:55:53,515,1.3003495145631068,0.0009444202334067279,False,1.1871494349100042,666.0232097872827,0.0015250114529546817,Monitor (low volume)
cfb1a033743668a192316f3c6d1d2671,132,4.166666666666667,0.12878787878787878,0.12878787878787878,3.5722064393939394,8.493050294612795,12.464278198653199,12272.69,116.32840909090909,0.35660341543839313,SP,bed_bath_table,2017-02-01 09:12:31,2018-08-10 23:06:33,555,7.239783783783784,0.000939070921388396,True,0.12289660946002468,11.426302954196593,2.616311656112565e-05,Coach: fulfilment
70c27847eca8195c983ed7e798c56743,76,4.223684210526316,0.18421052631578946,0.09210526315789473,5.011055555555555,6.086266447368421,11.198437499999999,12235.53,180.09,0.13429984591825297,RJ,pet_shop,2018-04-03 09:02:42,2018-08-22 21:34:37,141,16.40737588652482,0.0009362275451246109,True,4.282879866052741,689.5171722037408,0.001578806217512254,Invest
ac3508719a1d8f5b7614b798f70af136,99,4.636363636363637,0.030303030303030304,0.030303030303030304,1.2195987654320988,8.014064253647586,9.477083333333335,12230.34,153.27868686868686,0.25487151056170776,RS,toys,2017-05-23 21:17:18,2018-08-05 13:31:47,438,6.88027397260274,0.0009358304212599972,True,-9.65782754290498,0.0,0.0,Invest
87b740daf17b5d1be335a64164ec6842,11,3.727272727272727,0.18181818181818182,0.09090909090909091,4.377146464646465,13.60138888888889,18.169823232323232,12228.76,1227.0127272727273,0.10938875182755395,SP,sports_leisure,2017-02-13 18:38:38,2018-03-15 15:58:43,394,0.8498477157360407,0.0009357095242068008,False,0.5935747174550021,659.8802510750029,0.0015109457533610498,Monitor (low volume)
ce7d1888639e6fb06b2749cbfdac1ff7,78,4.166666666666667,0.16666666666666666,0.08974358974358974,2.197646103896104,12.02965633903134,14.550738960113959,12222.68,198.4394871794872,0.28012266858315726,MG,housewares,2017-08-12 20:33:46,2018-08-18 13:33:20,370,6.417081081081081,0.0009352443001033611,True,3.027166178317287,474.36004492814277,0.0010861550929592366,Invest
09f952a5f58d2285b0372551ae8f9b01,48,3.8958333333333335,0.16666666666666666,0.0625,2.328058510638298,10.621354166666666,13.520587384259258,12206.47,288.999375,0.14063202838821315,SP,furniture_decor,2017-09-15 09:24:57,2018-08-24 22:21:24,343,4.259825072886298,0.0009340039575512632,True,1.8628714943490996,473.7309377005719,0.0010847146090345269,Invest
ff063b022a9a0aab91bad2c9088760b7,93,4.311827956989247,0.08602150537634409,0.03225806451612903,1.6952666028097063,7.396542712066905,9.337432795698925,12150.64,152.15623655913978,0.20040339750386957,SP,furniture_decor,2017-02-14 06:59:36,2018-08-20 14:39:22,552,5.128478260869565,0.0009297320066145807,True,-3.8906864796986182,0.0,0.0,Invest
66e0557ecc2b4dbea057e93f215f68d8,30,4.033333333333333,0.13333333333333333,0.26666666666666666,17.925787037037036,13.606111111111112,31.725879629629627,12141.0,420.94733333333335,0.04028158075271461,SP,consoles_games,2017-05-24 18:43:12,2018-02-12 22:58:08,264,3.459090909090909,0.0009289943815558379,True,0.16429468396818747,66.49005860192547,0.00015224409507883253,Coach: fulfilment
2e1c9f22be269ef4643f826c9e650a52,159,4.264150943396227,0.1069182389937107,0.06918238993710692,1.8610761705101326,7.658018867924528,9.793059923130677,12079.66,90.42427672955974,0.24980480855358672,SP,health_beauty,2017-07-18 13:44:30,2018-08-24 10:16:19,401,12.069725685785535,0.0009243008212754132,True,-3.3292381749686055,0.0,0.0,Invest
2138ccb85b11a4ec1e37afbd1c8eda1f,380,3.955263157894737,0.16578947368421051,0.05526315789473684,2.227369173262973,8.69658260233918,11.405533625730994,12077.33,47.471973684210525,0.5771078321622465,SP,telephony,2017-01-25 11:58:33,2018-08-28 13:28:34,580,19.943448275862067,0.0009241225363805095,True,14.414399330263704,458.12488806150986,0.0010489810128396584,Invest
056b4ada5bbc2c50cc7842547dda6b51,63,4.2063492063492065,0.12698412698412698,0.09523809523809523,1.8353009259259259,10.52581569664903,12.634038800705467,12073.41,211.6822222222222,0.12465107341970218,RJ,watches_gifts,2017-12-01 10:20:48,2018-08-23 13:21:08,265,7.236679245283019,0.0009238225892611866,True,-0.05498116366680664,0.0,0.0,Invest
d6b1ce66b035a475f00c017792ff9769,88,4.318181818181818,0.06818181818181818,0.06818181818181818,2.1594065656565657,7.434698547979798,10.226949179292928,12017.6,158.1559090909091,0.1717114808194342,SP,construction_tools_lights,2018-03-17 14:39:25,2018-08-26 22:50:16,162,16.53530864197531,0.0009195521686669498,True,-5.251402260359984,0.0,0.0,Invest
c8b0e2b0a7095e5d8219575d5e7e1181,82,4.097560975609756,0.14634146341463414,0.06097560975609756,1.0891232638888888,8.806148373983739,10.078141937669377,12005.23,164.59719512195122,0.14877445667018827,SP,auto,2017-07-12 19:56:51,2018-08-17 12:03:54,400,6.240200000000001,0.0009186056518643926,True,1.5157388028463785,221.912109123115,0.0005081181901606177,Invest
adbc26658d6c7b4b6219f9d934598091,88,4.125,0.1590909090909091,0.1590909090909091,3.2036601307189545,13.760866477272726,17.25830176767677,11935.39,157.45545454545456,0.16507202051534364,PR,baby,2017-08-28 11:44:24,2018-08-21 12:31:00,358,7.4824581005586595,0.0009132616960446199,True,2.7485977396400165,372.7907497241143,0.0008535891160105514,Coach: fulfilment
6e386f64c84e482f0b9abf960797ee1b,28,4.607142857142857,0.03571428571428571,0.10714285714285714,0.9894032921810699,8.842435515873015,10.291443452380951,11921.6,447.0621428571429,0.060988158574689366,SP,health_beauty,2018-04-04 20:17:01,2018-08-17 00:56:07,134,6.360597014925373,0.0009122065249284306,False,-2.579991628296358,0.0,0.0,Monitor (low volume)
7202e2ba20579a9bd1acb29e61fe71f6,50,3.98,0.16,0.06,1.2127955082742317,11.677597222222223,13.38336111111111,11895.8,260.16200000000003,0.13060837225406483,SP,telephony,2017-07-22 13:08:11,2018-08-21 20:36:22,395,3.853164556962026,0.0009102323831737036,True,1.607157806613646,382.3685567182922,0.0008755196811104911,Invest
8b8cfc8305aa441e4239358c9f6f2485,15,4.2,0.13333333333333333,0.13333333333333333,2.493564814814815,9.601666666666667,12.536527777777776,11892.0,874.0466666666667,0.12089456909568562,PR,cool_stuff,2017-01-29 21:40:02,2018-04-11 10:48:14,436,1.0472477064220185,0.0009099416181090539,False,0.08214734198409374,65.1264127249895,0.0001491217180361977,Monitor (low volume)
7901646fdd36a55f564ffaf2dbccaaf7,22,4.5,0.09090909090909091,0.13636363636363635,2.2732007575757573,7.129040404040404,9.824242424242424,11857.08,567.2195454545455,0.09923718204067745,RJ,air_conditioning,2017-03-02 13:52:03,2018-08-23 00:13:49,538,1.2447583643122677,0.0009072696401991676,False,-0.8128505650899958,0.0,0.0,Monitor (low volume)
72c5da29406b4234927b81855e7b64f6,31,4.129032258064516,0.12903225806451613,0.03225806451612903,0.9280092592592593,9.417898745519713,10.797065412186381,11846.69,410.4209677419355,0.08639830001738319,SP,construction_tools_construction,2018-04-07 17:15:59,2018-08-26 20:32:14,141,6.692482269503546,0.0009064746272987174,True,0.036437840100460334,13.924767610958789,3.1883919020219754e-05,Invest
e8b3a3a38279a82f0e5d006d5e5b7d2c,80,4.0125,0.1625,0.05,5.824496527777778,11.218585069444444,17.30703125,11832.39,168.53387500000002,0.277024599576354,PR,consoles_games,2017-10-10 01:06:52,2018-03-05 15:23:25,146,16.67945205479452,0.0009053804324501672,True,2.771452490581834,409.9113341879448,0.0009385851275846725,Invest
48436dade18ac8b2bce089ec2a041202,133,4.120300751879699,0.12030075187969924,0.07518796992481203,4.068478487886383,10.058030492898913,14.42048350041771,11813.2,110.14451127819548,0.281844631201773,SP,cool_stuff,2017-03-15 09:19:06,2018-08-18 21:19:10,521,7.770671785028791,0.0009039120688736861,True,-1.0049602344077029,0.0,0.0,Invest
701938c450705b8ae65fc923b70f35c7,73,4.0,0.1232876712328767,0.0684931506849315,2.932115677321157,9.791124429223744,13.047840563165906,11775.32,212.64260273972602,0.3250845513611279,SP,furniture_living_room,2017-01-27 19:04:57,2018-04-01 21:48:34,429,5.1797668997669,0.0009010136002818621,True,-0.3335496023440775,0.0,0.0,Invest
128639473a139ac0f3e5f5ade55873a5,519,4.217726396917149,0.10404624277456648,0.06358381502890173,2.513296529120997,11.497583493898523,14.399535698993791,11755.05,41.334084778420035,0.9025807066692004,PR,electronics,2017-05-12 23:12:12,2018-08-18 11:11:55,462,34.19558441558442,0.0008994625982133227,True,-12.357701967350353,0.0,0.0,Invest
bba3293d6f5d5af2f415e004e8b93ae3,17,4.294117647058823,0.11764705882352941,0.058823529411764705,2.0435049019607843,9.339583333333334,12.072712418300654,11702.1,707.5758823529412,0.03260676580573223,SP,health_beauty,2017-09-02 21:01:18,2018-06-22 22:17:39,293,1.7661433447098978,0.0008954110165887958,False,-0.17356634575136043,0.0,0.0,Monitor (low volume)
e26901d5ab434ce92fd9b5c256820a4e,197,4.2030456852791875,0.10152284263959391,0.025380710659898477,2.4491539763113366,6.485948956570784,9.289216723068245,11618.49,73.62771573604061,0.31033640422914194,SP,garden_tools,2017-01-30 15:32:24,2017-09-12 22:47:46,225,26.65191111111111,0.0008890134199952792,True,-5.187798241942235,0.0,0.0,Invest
fbc14c0cf93505ef89f64665ffa4a7b5,16,4.125,0.125,0.0,2.805295138888889,6.8766493055555555,9.847960069444445,11555.84,748.32875,0.05599397786427976,SP,fixed_telephony,2017-08-17 17:36:22,2018-08-08 21:34:09,356,1.3680898876404495,0.0008842196222846728,False,-0.04570950188363332,0.0,0.0,Monitor (low volume)
25e6ffe976bd75618accfe16cefcbd0d,104,4.4423076923076925,0.07692307692307693,0.057692307692307696,1.658299622437972,8.134314903846153,10.184014423076924,11496.11,126.97865384615385,0.25835961109744854,SP,toys,2017-01-26 21:33:43,2018-06-24 20:26:36,513,6.1710721247563365,0.000879649254571113,True,-5.297111762243616,0.0,0.0,Invest
c4d51195486dc781531876a7d00453d8,17,3.9411764705882355,0.11764705882352941,0.29411764705882354,5.470588235294118,17.71968954248366,23.733700980392157,11468.98,708.1382352941176,0.07709981362784683,SP,telephony,2018-03-31 21:04:40,2018-06-05 00:43:11,65,7.961230769230769,0.0008775733450437585,False,-0.17356634575136043,0.0,0.0,Monitor (low volume)
b4f8921fcc4ff77b66bea6dda43dcd51,18,4.555555555555555,0.1111111111111111,0.05555555555555555,1.3430941358024693,6.0658564814814815,7.785069444444444,11465.04,721.3211111111111,0.14983216994832477,RS,bed_bath_table,2018-05-19 16:23:57,2018-08-21 21:18:33,94,5.828936170212766,0.0008772718675819902,False,-0.3014231896190876,0.0,0.0,Monitor (low volume)
c60b801f2d52c7f7f91de00870882a75,38,3.4473684210526314,0.2894736842105263,0.21052631578947367,7.050091374269005,8.920869883040936,16.393512426900585,11418.51,318.6707894736842,0.0762734716823323,SP,watches_gifts,2018-01-27 19:13:48,2018-08-21 12:26:53,205,5.642536585365854,0.0008737115258824767,True,6.141439933026371,1845.4235076226564,0.004225516383393295,Remove
d1b65fc7debc3361ea86b5f14c68d2e2,39,4.641025641025641,0.02564102564102564,0.05128205128205128,1.6727386039886039,7.012304131054131,9.191969373219374,11413.17,328.8030769230769,0.14537463187557076,SP,luggage_accessories,2017-03-28 09:00:00,2018-06-06 20:01:45,435,2.729103448275862,0.0008733029244495216,True,-3.9864169108413563,0.0,0.0,Invest
a7f13822ceb966b076af67121f87b063,68,3.5294117647058822,0.23529411764705882,0.058823529411764705,9.305994689542484,11.538470179738562,21.45654616013072,11406.8,208.4720588235294,0.24611012892832354,SP,office_furniture,2017-02-02 18:59:30,2017-05-04 19:31:51,91,22.74637362637363,0.0008728155103806219,True,7.305734616994558,1225.5154945460813,0.0028060961502424215,Invest
0be8ff43f22e456b4e0371b2245e4d01,154,4.0519480519480515,0.16883116883116883,0.06493506493506493,2.249520285087719,7.88553841991342,10.391170634920634,11386.09,90.23714285714286,0.2956496092765836,SP,sports_leisure,2017-05-09 10:57:58,2018-08-29 10:22:35,476,9.848235294117648,0.000871230840778281,True,6.310046044370029,466.5373517229945,0.0010682432596244612,Invest
5d378b73ab7dd6f0418d743e5dcb0bd1,6,3.8333333333333335,0.16666666666666666,0.16666666666666666,24.275462962962962,5.569675925925925,30.48888888888889,11254.0,1935.45,0.03205056775741025,SP,unknown,2017-10-09 12:55:44,2017-11-14 21:07:55,36,5.073333333333333,0.0008611236940968123,False,0.23285893679363745,436.765745779266,0.0010000744039902255,Monitor (low volume)
6cd68b3ed6d59aaa9fece558ad360c0a,147,4.469387755102041,0.027210884353741496,0.02040816326530612,1.6476190476190475,8.658848261526833,10.607860922146637,11178.47,93.26591836734694,0.2661257941074838,MG,luggage_accessories,2017-01-26 17:40:03,2018-04-23 22:25:36,452,9.899734513274337,0.0008553443558512879,True,-14.79495604855588,0.0,0.0,Invest
1d8dbc4f32378d715c717c1c1fc57bae,88,4.068181818181818,0.14772727272727273,0.09090909090909091,3.89229797979798,10.945257260101009,15.09464962121212,11172.62,150.81079545454546,0.19891359428921926,PR,baby,2017-03-20 16:41:25,2018-06-24 18:49:49,461,5.810672451193058,0.000854896730685972,True,1.7485977396400174,222.00475088473695,0.0005083303145211794,Invest
ccb83a794700270fde70898fe9ff368b,12,4.333333333333333,0.08333333333333333,0.16666666666666666,1.5783564814814814,14.659722222222221,16.59207175925926,11062.0,1065.4775,0.1568609590284112,SC,sports_leisure,2017-02-21 21:50:47,2017-08-06 13:09:40,165,2.2138181818181817,0.0008464324066197741,False,-0.5342821264127251,0.0,0.0,Monitor (low volume)
80e6699fe29150b372a0c8a1ebf7dcc8,93,4.365591397849462,0.07526881720430108,0.043010752688172046,1.5485582729468599,9.606653225806452,11.596841397849461,10985.74,145.6101075268817,0.27740358203802273,PR,sports_leisure,2017-01-08 20:25:12,2018-05-13 19:30:39,489,5.7892024539877305,0.000840597210874988,True,-4.890686479698618,0.0,0.0,Invest
8d956fec2e4337affcb520f56fd8cbfd,209,4.229665071770335,0.09090909090909091,0.10526315789473684,1.3877562028047465,7.499963450292397,9.258074162679426,10962.11,68.25866028708134,0.3590073406891436,SP,sports_leisure,2017-10-12 09:04:48,2018-08-26 18:03:59,318,20.006163522012578,0.0008387891112756005,True,-7.72208036835496,0.0,0.0,Coach: fulfilment
cab85505710c7cb9b720bceb52b01cee,197,4.324873096446701,0.06598984771573604,0.025380710659898477,2.601177382966723,7.074189227298364,10.073336153412296,10920.3,69.58893401015229,0.2606148142359405,SP,fashion_bags_accessories,2017-01-25 00:46:17,2018-08-28 11:26:02,580,10.339103448275862,0.0008355899303932307,True,-12.187798241942234,0.0,0.0,Invest
6973a06f484aacf400ece213dbf3d946,82,3.8658536585365852,0.1951219512195122,0.18292682926829268,5.999788279132791,8.908206300813008,15.204581639566397,10899.75,149.62634146341463,0.13166840460322765,SP,computers_accessories,2018-01-22 15:14:12,2018-06-16 07:41:21,144,17.33388888888889,0.0008340175035304541,True,5.515738802846379,733.1728538576199,0.0016787658188149959,Coach: fulfilment
82e0a475a88cc9595229d8029273f045,41,3.5609756097560976,0.3170731707317073,0.0975609756097561,3.3392445799457993,12.14784891598916,16.00172764227642,10827.02,299.98146341463416,0.1569042288803839,SP,furniture_decor,2017-02-22 14:08:00,2018-01-18 02:11:56,329,3.7934346504559273,0.0008284524132273031,True,7.75786940142319,2048.648955282851,0.0046908472167025775,Invest
c9c7905cffc4ef9ff9f113554423e671,126,4.150793650793651,0.1111111111111111,0.10317460317460317,1.6666222222222222,9.138690476190476,11.164021164021165,10746.69,102.36190476190477,0.3019593923222051,SP,telephony,2017-06-02 09:41:21,2018-08-21 19:49:49,445,8.618966292134832,0.0008223057927948527,True,-2.109962327333613,0.0,0.0,Coach: fulfilment
5a8e7d5003a1f221f9e1d6e411de7c23,130,4.184615384615385,0.12307692307692308,0.06153846153846154,2.0091773504273505,7.955972222222223,10.323317307692308,10744.59,102.18746153846153,0.23711439042576127,SP,furniture_decor,2017-01-11 19:21:04,2018-08-24 16:26:08,589,6.718505942275043,0.0008221451068380726,True,-0.6213897028045199,0.0,0.0,Invest
7ea5bfa6c340f58f8e71fc1f0412b0d6,94,4.223404255319149,0.0851063829787234,0.06382978723404255,1.9391651732377537,10.234980791962174,12.50760195035461,10716.41,131.525,0.16792455034397327,MG,baby,2017-11-20 16:35:55,2018-08-11 12:01:37,263,10.879695817490495,0.0008199888543323281,True,-4.018543323566346,0.0,0.0,Invest
95e03ca3d4146e4011985981aeb959b9,167,4.065868263473054,0.1317365269461078,0.029940119760479042,1.8802146464646463,10.282842648037258,12.489999168330009,10644.460000000001,82.43814371257486,0.3568559017276985,RJ,housewares,2017-05-14 12:47:08,2018-08-15 08:44:39,457,11.1235886214442,0.0008144834473845527,True,0.6479070740895791,41.29713134050037,9.455916452003402e-05,Invest
813348c996469b40f2e028d5429d3495,168,4.065476190476191,0.1488095238095238,0.05357142857142857,1.6625330687830686,8.298784722222221,10.28052662037037,10615.83,83.35196428571427,0.3474453789435245,SP,housewares,2017-05-01 14:48:33,2018-04-24 13:21:26,357,14.324705882352943,0.0008122927621737839,True,3.52005023022185,222.43008830652394,0.0005093042211809826,Invest
c864036feaab8c1659f65ea4faebe1da,58,4.568965517241379,0.05172413793103448,0.034482758620689655,1.262595785440613,10.693630268199234,12.280699233716476,10454.2,212.065,0.17565638644201065,PR,sports_leisure,2017-07-19 16:15:37,2018-08-09 16:23:03,386,4.573886010362695,0.0007999252997002752,True,-4.415696944328171,0.0,0.0,Invest
23d7c96d4a1160db1c726b248601b25a,48,3.9375,0.16666666666666666,0.10416666666666667,2.992983217592592,9.786689814814816,12.974450231481482,10408.44,243.11625,0.15657291861841777,SP,cool_stuff,2017-07-20 17:52:10,2018-08-16 09:59:36,391,3.73687979539642,0.0007964238761849143,True,1.8628714943490996,403.9497120133946,0.0009249346391921113,Coach: fulfilment
ea566164622c6b439516ab18062c42cd,50,3.78,0.24,0.22,3.640190972222222,10.105527777777779,14.027625,10309.42,223.3596,0.2623261008728359,SP,health_beauty,2017-11-12 23:19:39,2018-08-19 22:47:43,279,5.455197132616488,0.000788847150737121,True,5.607157806613645,1156.130896693177,0.0026472243499366505,Coach: fulfilment
1c5e4e49b9079480255b49d50aac1aa9,12,4.333333333333333,0.08333333333333333,0.0,2.9957754629629627,5.561516203703704,8.798090277777778,10173.11,921.8933333333333,0.12020450020654228,SP,bed_bath_table,2017-03-09 18:15:38,2018-08-05 04:43:04,513,0.712046783625731,0.0007784171017996466,False,-0.5342821264127251,0.0,0.0,Monitor (low volume)
f262cbc1c910c83959f849465454ddd3,188,4.180851063829787,0.13829787234042554,0.09042553191489362,1.2982487922705312,7.3343048167848695,9.021572104018913,10164.77,67.21579787234042,0.41275253678098645,SP,computers_accessories,2017-11-04 10:25:02,2018-08-27 07:18:36,295,19.39905084745763,0.0007777789489998628,True,1.9629133528673095,106.13065298843108,0.00024301024189323506,Invest
c510bc1718f0f2961eaa42a23330681a,12,4.25,0.16666666666666666,0.0,1.3364583333333333,5.326851851851852,6.9575810185185185,10141.0,904.2875,0.11574013784134217,SP,baby,2018-04-17 12:05:48,2018-08-13 19:38:49,118,3.095593220338983,0.0007759601370033565,False,0.4657178735872749,393.57041300404626,0.0009011688760320665,Monitor (low volume)
33a6f4b1e7cdc205511e76ba1b6e0186,102,4.431372549019608,0.0784313725490196,0.0196078431372549,1.5333616780045352,6.928533496732026,8.671786492374729,10125.01,117.28176470588235,0.18904452513102493,SP,bed_bath_table,2018-01-26 10:54:11,2018-08-28 14:32:59,214,14.508785046728972,0.0007747366282181594,True,-5.041398074508162,0.0,0.0,Invest
0ea22c1cfbdc755f86b9b54b39c16043,219,4.47945205479452,0.0410958904109589,0.0182648401826484,1.438530361757106,9.097219051243025,10.999644850329783,10116.68,65.0683105022831,0.4958643107378868,MG,fashion_bags_accessories,2017-01-16 14:24:22,2018-08-22 18:03:39,583,11.434579759862778,0.0007740992405895984,True,-19.00064880703223,0.0,0.0,Invest
7b1222c3624aa89b9558b50a2594188c,22,4.454545454545454,0.09090909090909091,0.13636363636363635,4.839425505050506,12.458270202020202,17.66556186868687,10103.52,480.04954545454547,0.055126612158057336,SP,toys,2017-02-18 20:50:28,2018-06-26 14:07:10,492,1.3611382113821138,0.000773092275260443,False,-0.8128505650899958,0.0,0.0,Monitor (low volume)
b499c00f28f4b7069ff6550af8c1348a,143,4.265734265734266,0.09090909090909091,0.13286713286713286,3.0786309523809523,8.008192501942501,11.441074203574203,10094.210000000001,88.19377622377621,0.2975536338249142,SP,furniture_decor,2017-01-26 15:50:03,2018-08-24 14:09:35,574,7.583484320557492,0.0007723799008520513,True,-5.283528673084972,0.0,0.0,Coach: fulfilment
54965bbe3e4f07ae045b90b0b8541f52,69,3.1449275362318843,0.4057971014492754,0.2898550724637681,15.255949419568822,10.895601851851852,26.09298510466989,10088.89,175.7072463768116,0.2411577188537697,PR,bed_bath_table,2017-10-18 21:56:13,2018-07-03 18:34:56,257,8.17260700389105,0.0007719728297615416,True,19.17787777312683,2804.108685311906,0.006420643901878636,Remove
9d5a9018aee56acb367ba9c3f05d1d6a,65,4.492307692307692,0.09230769230769231,0.015384615384615385,3.910138888888889,10.588311965811966,14.829273504273505,10056.65,180.38000000000002,0.18208630397835554,GO,baby,2017-03-11 19:59:25,2018-03-21 20:20:40,375,5.276266666666667,0.0007695059177393556,True,-2.31069485140226,0.0,0.0,Invest
5882820ef11c4c068eea0677a7a879b4,13,4.153846153846154,0.0,0.07692307692307693,7.416933760683761,7.895886752136752,15.406677350427351,9895.6,816.0015384615385,0.2399801532152608,RS,furniture_decor,2017-04-04 09:36:12,2018-07-20 10:32:03,472,0.8383898305084746,0.000757182835196767,False,-1.662138970280452,0.0,0.0,Monitor (low volume)
0df3984f9dfb3d49ac6366acbd3bbb85,85,4.423529411764706,0.08235294117647059,0.011764705882352941,2.3368790849673204,6.858725490196078,9.567279411764705,9870.48,133.84988235294117,0.21878033790210025,MG,health_beauty,2017-03-12 09:25:41,2018-06-17 15:32:09,462,5.600432900432901,0.0007552607250851879,True,-3.8678317287568023,0.0,0.0,Invest
dd2bdf855a9172734fbc3744021ae9b9,99,3.8383838383838382,0.18181818181818182,0.06060606060606061,5.231593714927048,9.681867283950618,15.284378507295175,9857.8,118.41343434343435,0.2572787969388819,MG,bed_bath_table,2017-01-31 11:22:14,2018-01-03 10:05:57,336,8.968928571428572,0.0007542904879747251,True,5.342172457095019,531.9400772479927,0.0012179976585919223,Invest
06532f10282704ef4c69168b914b77be,7,4.714285714285714,0.0,0.0,2.5811507936507936,13.72936507936508,16.615376984126986,9827.95,1494.392857142857,0.08284192458976616,PR,garden_tools,2017-03-03 14:12:45,2017-08-18 16:26:37,168,1.2683333333333333,0.0007520064518747794,False,-0.8949979070740895,0.0,0.0,Monitor (low volume)
f3b80352b986ab4d1057a4b724be19d0,86,4.209302325581396,0.11627906976744186,0.0,2.2252232142857142,7.843208979328165,10.45563630490956,9815.1,138.85302325581395,0.24429463333641246,DF,health_beauty,2017-02-17 22:27:53,2018-07-26 19:00:25,523,5.005430210325048,0.0007510232068535297,True,-0.9956885726245293,0.0,0.0,Invest
af4a0e4cfe1d9c26b6712b1be25a72e5,21,3.4285714285714284,0.38095238095238093,0.09523809523809523,4.586805555555555,8.144014550264549,13.361838624338624,9812.98,500.22476190476186,0.0804609692546417,MG,computers_accessories,2017-08-01 11:03:32,2018-03-15 22:35:02,226,2.8284955752212393,0.000750860990554304,False,5.31500627877773,2483.621443500966,0.0056868155500954636,Monitor (low volume)
9d4db00d65d7760644ac0c14edb5fd86,96,4.541666666666667,0.041666666666666664,0.03125,1.1476201622971287,6.697388599537038,8.070970775462962,9802.82,117.6959375,0.18919180819175996,SP,toys,2017-12-24 12:20:23,2018-08-18 09:08:48,236,12.382372881355932,0.0007500835765919774,True,-8.2742570113018,0.0,0.0,Invest
bd23da7354813347129d751591d1a6e2,84,4.119047619047619,0.15476190476190477,0.047619047619047616,1.848661311914324,7.447792658730159,9.822164351851852,9672.6,131.66142857142856,0.15429877183877191,SP,furniture_decor,2017-07-17 11:44:41,2018-08-17 09:08:30,395,6.473316455696203,0.0007401195169291654,True,2.2600251151109254,260.2418920050231,0.0005958829362313218,Invest
17ca9b9e9b9ef8fdb529001b49ebb50f,114,4.087719298245614,0.13157894736842105,0.02631578947368421,1.5238142033542976,6.345041423001949,8.261866471734892,9667.78,105.5171052631579,0.35067035882613323,MG,bed_bath_table,2017-07-11 09:36:46,2018-08-21 12:21:04,406,8.5471921182266,0.000739750704399794,True,0.42431979907911177,35.984477781939084,8.239463721328443e-05,Invest
e96498ed8daaa3e9c23f7a62da76591c,34,3.9411764705882355,0.20588235294117646,0.14705882352941177,1.8323325163398694,12.839950980392157,15.198366013071894,9619.09,303.8879411764706,0.09460334175772844,SP,auto,2017-10-10 17:26:22,2018-07-19 20:37:53,282,3.6700709219858156,0.0007360250857161637,True,2.652867308497279,750.5343940733262,0.001718519009515875,Coach: fulfilment
cf8ab1616079e2793aa29d524df01bb1,6,2.5,0.6666666666666666,0.16666666666666666,15.640972222222222,10.16851851851852,26.406944444444445,9594.0,1671.9266666666665,0.04560767146133,SP,sports_leisure,2017-12-01 14:09:20,2018-03-09 00:37:23,97,1.8828865979381444,0.0007341052711182528,False,3.232858936793637,5169.341439933026,0.011836381651998153,Monitor (low volume)
5343d0649eca2a983820bfe93fc4d17e,65,4.015384615384615,0.2,0.1076923076923077,1.1642735042735042,9.796752136752136,11.394220085470085,9578.62,180.92353846153847,0.24884555614077253,SP,furniture_decor,2017-12-18 19:26:02,2018-07-29 19:42:00,223,8.872645739910315,0.0007329284377776443,True,4.68930514859774,691.0318781917122,0.0015822744809985266,Coach: fulfilment
e7df4cd29ab5abab70fb0783ddb53987,22,4.363636363636363,0.09090909090909091,0.18181818181818182,3.536458333333334,6.3106691919191915,10.433996212121212,9548.8,452.3545454545454,0.10324739607972525,SP,fashion_sport,2017-02-16 12:58:36,2018-08-19 20:46:26,549,1.219817850637523,0.0007306466971913668,False,-0.8128505650899958,0.0,0.0,Monitor (low volume)
3db66a856d18a9cba7c9241fc5221c50,94,4.180851063829787,0.10638297872340426,0.11702127659574468,5.287898936170213,10.262381796690308,16.004779846335698,9498.300000000001,122.99904255319149,0.25790829910794,MG,sports_leisure,2017-04-20 17:15:47,2018-08-21 12:20:32,487,5.875482546201232,0.0007267825825164168,True,-2.0185433235663455,0.0,0.0,Coach: fulfilment
31344c16881c08a8a72c6d2eb29918c1,41,4.512195121951219,0.07317073170731707,0.04878048780487805,2.5875846883468836,12.927947154471545,15.98790650406504,9484.9,285.7692682926829,0.24479180251153915,MG,furniture_decor,2017-01-26 21:58:21,2018-08-20 12:03:54,570,2.189543859649123,0.000725757253077915,True,-2.2421305985768107,0.0,0.0,Invest
4830e40640734fc1c52cd21127c341d4,200,4.24,0.105,0.07,1.6352631211613624,8.119184027777779,10.040086805555555,9475.31,62.334849999999996,0.37968438341125016,SP,housewares,2017-07-25 17:24:33,2018-08-27 17:32:01,398,15.296482412060302,0.0007250234538752859,True,-4.571368773545418,0.0,0.0,Invest
b2ac621f0d0322434d04a12b078b9369,29,4.413793103448276,0.06896551724137931,0.10344827586206896,2.6584770114942526,11.659578544061302,14.953879310344828,9445.6,352.3379310344827,0.1732487848020057,PR,health_beauty,2017-08-22 10:55:25,2018-08-16 15:59:08,359,2.458941504178273,0.0007227501301724587,False,-1.7078484721640854,0.0,0.0,Monitor (low volume)
ef506c96320abeedfb894c34db06f478,310,3.9838709677419355,0.15806451612903225,0.08387096774193549,2.9480174731182793,9.944914874551971,13.473416218637993,9422.63,46.653354838709674,0.5953601607429506,SP,telephony,2017-01-23 07:03:04,2018-08-21 13:16:24,575,16.41113043478261,0.0007209925318737735,True,9.3643784010046,284.63571887954186,0.000651738144906281,Invest
270297ead4c65a6cd2593960d2af6b21,17,3.823529411764706,0.29411764705882354,0.0,2.88031045751634,11.202165032679737,14.341462418300653,9412.6,587.47,0.10183651094604233,SP,furniture_decor,2017-03-15 19:48:58,2018-08-13 23:03:46,516,1.0028682170542635,0.0007202250651373428,False,2.82643365424864,1564.9464361165149,0.003583300406453594,Monitor (low volume)
a00824eb9093d40e589b940ec45c4eb0,3,4.666666666666667,0.0,0.0,1.1074074074074074,6.597916666666667,8.007175925925926,9399.97,3259.8199999999997,0.040512483120411946,SP,computers,2017-10-05 19:23:16,2018-04-09 11:32:37,185,0.49362162162162165,0.0007192586538829938,False,-0.3835705316031812,0.0,0.0,Monitor (low volume)
3c487ae8f8d7542beff5788e2e0aea83,30,4.2,0.1,0.03333333333333333,2.9474305555555556,10.313611111111111,13.742199074074074,9385.699999999999,336.845,0.08337232559747457,DF,fashion_bags_accessories,2017-08-09 15:42:26,2018-08-17 15:27:40,372,2.4548387096774196,0.0007181667545481118,True,-0.8357053160318123,0.0,0.0,Invest
05feb94f19d094d4b0f9281f0b1d4c99,6,4.5,0.0,0.0,1.3711805555555554,13.828472222222222,15.371296296296299,9353.0,1675.006666666667,0.07642643228547365,SP,garden_tools,2017-08-14 08:05:48,2018-02-18 18:26:06,188,0.9714893617021277,0.0007156646446496789,False,-0.7671410632063624,0.0,0.0,Monitor (low volume)
7b07b3c7487f0ea825fc6df75abd658b,90,4.411111111111111,0.1,0.044444444444444446,1.7281944444444444,7.70962962962963,9.65925925925926,9245.47,117.00855555555556,0.20040681728865628,SP,sports_leisure,2017-01-25 15:32:48,2018-08-24 10:48:37,575,4.764521739130435,0.0007074367584913147,True,-2.507115948095437,0.0,0.0,Invest
ca3bd7cd9f149df75950150d010fe4a2,67,4.104477611940299,0.14925373134328357,0.04477611940298507,5.4854482323232325,7.438629767827529,13.682794361525705,9227.29,187.0034328358209,0.45455429639488787,SP,housewares,2017-01-25 11:32:02,2018-08-06 17:47:40,558,3.6549820788530467,0.0007060456772083327,True,1.4335914608622846,197.43528583432766,0.00045207294233919363,Invest
aafe36600ce604f205b86b5084d3d767,128,4.40625,0.09375,0.046875,1.603701881014873,10.426741536458334,12.548502604166666,9197.59,90.81890625,0.2980146197165922,SC,baby,2017-02-18 22:42:34,2018-08-16 09:28:54,543,7.175543278084715,0.0007037731186767283,True,-4.3656760150690666,0.0,0.0,Invest
01cf7e3d21494c41fb86034f2e714fa1,57,4.105263157894737,0.12280701754385964,0.05263157894736842,2.2741319444444446,9.111184210526316,11.750852826510721,9159.76,194.5078947368421,0.22825061101467645,PR,air_conditioning,2017-01-28 17:59:37,2018-02-26 09:41:21,393,4.414961832061069,0.0007008784759410181,True,-0.28784010046044406,0.0,0.0,Invest
aaed1309374718fdd995ee4c58c9dfcd,102,4.078431372549019,0.12745098039215685,0.029411764705882353,1.3962622549019608,10.393675108932461,12.235260076252723,9095.35,111.48764705882353,0.3268514203081884,SC,sports_leisure,2017-01-21 22:41:08,2018-08-01 15:54:56,556,5.58431654676259,0.0006959500080952055,True,-0.041398074508163296,0.0,0.0,Invest
06df0c10d34e459d9672bc77388742eb,26,4.346153846153846,0.07692307692307693,0.11538461538461539,1.0985042735042734,8.843108974358975,10.081864316239317,9070.0,369.06807692307694,0.05820785322907967,PR,sports_leisure,2018-03-16 13:58:32,2018-08-06 19:44:03,143,5.534545454545454,0.0006940102990455028,False,-1.324277940560904,0.0,0.0,Monitor (low volume)
1c129092bf23f28a5930387c980c0dfc,188,4.361702127659575,0.09042553191489362,0.05851063829787234,3.7143026004728132,7.7842013888888895,11.804100177304964,9065.23,63.742606382978714,0.33045768099438033,SP,bed_bath_table,2017-10-02 14:50:52,2018-08-11 14:36:54,312,18.342051282051283,0.000693645312372245,True,-7.03708664713269,0.0,0.0,Invest
7040e82f899a04d1b434b795a43b4617,201,3.6417910447761193,0.25870646766169153,0.09950248756218906,1.9718836373687119,8.064348396904368,10.569060945273632,9054.5,59.907960199004975,0.5911143003814705,SP,audio,2017-09-12 22:20:18,2018-08-28 09:18:03,349,17.531346704871062,0.000692824283650221,True,26.300774382586855,1184.7779186424511,0.002712818215020782,Invest
5b8154610ebb21fb90eb587365e673df,37,4.162162162162162,0.13513513513513514,0.10810810810810811,1.69512012012012,11.047128378378378,13.051539039039039,9048.05,272.8843243243244,0.1406951751122665,SP,computers_accessories,2017-07-10 17:44:35,2018-07-28 17:56:15,383,2.940678851174935,0.0006923307482115392,True,0.26929677689409826,65.8543433020715,0.0001507884804713394,Coach: fulfilment
624f4ece8da4aafb77699233d480f8ef,50,4.22,0.12,0.08,3.180902777777778,9.647708333333334,13.256888888888888,9035.79,214.0768,0.1840596748685135,SP,furniture_decor,2017-02-15 00:17:46,2018-08-19 10:47:22,550,2.7672727272727276,0.0006913926482924326,True,-0.39284219338635434,0.0,0.0,Invest
dd7ddc04e1b6c2c614352b383efe2d36,116,3.9051724137931036,0.1724137931034483,0.16379310344827586,6.799015700483091,8.261320641762453,15.362272509578544,9015.81,101.66250000000001,0.42187521280658935,SP,pet_shop,2017-04-26 10:53:06,2018-07-25 15:40:35,455,7.760527472527473,0.0006898638361893532,True,5.16860611134366,401.7169884889076,0.0009198223114292222,Coach: fulfilment
4e7c18b98d84e05cbae3ff0ff03846c2,80,4.225,0.175,0.05,1.6534989316239315,9.98084201388889,12.105190972222221,9012.8,147.74200000000002,0.38848509401713605,SP,small_appliances,2017-02-04 20:09:10,2018-07-12 16:53:30,522,4.665134099616859,0.0006896335196513017,True,3.7714524905818325,424.8918375889492,0.0009728863935493448,Invest
cb8bcce248bb1fb274ba762d8b971456,65,4.323076923076923,0.046153846153846156,0.015384615384615385,1.5712131076388889,10.790641025641026,12.703301282051282,9012.5,156.99046153846155,0.1346015925167321,MG,cool_stuff,2017-01-26 00:16:29,2018-08-14 17:42:27,565,3.5019469026548675,0.0006896105645146189,True,-5.3106948514022605,0.0,0.0,Invest
81a1104df0f08b59c68aa5b03cfe398e,70,4.314285714285714,0.07142857142857142,0.05714285714285714,1.8351587301587302,10.58952380952381,13.029563492063492,8988.18,153.4794285714286,0.207986798617698,PR,garden_tools,2017-05-21 13:07:26,2018-04-16 18:51:24,330,6.456969696969697,0.0006877496681008607,True,-3.949979070740896,0.0,0.0,Invest
32b8764b4ef628b53608fc34011fcc13,36,4.194444444444445,0.05555555555555555,0.08333333333333333,1.5582465277777777,9.312827932098765,11.231847993827161,8969.0,333.3377777777778,0.3665539482883927,SC,housewares,2018-03-06 22:41:47,2018-08-22 08:33:48,168,6.522857142857143,0.0006862820696956025,True,-2.602846379238175,0.0,0.0,Invest
0db783cfcd3b73998abc6e10e59a102f,128,4.2265625,0.125,0.0390625,2.426334208223972,8.76691623263889,11.690272352430556,8930.4,85.195078125,0.24913989002581052,SP,telephony,2017-01-27 12:29:31,2018-04-07 15:24:30,435,8.957057471264367,0.0006833285087757395,True,-0.36567601506906655,0.0,0.0,Invest
f80edd2c5aaa505cc4b0a3b219abf4b8,112,4.196428571428571,0.125,0.05357142857142857,3.1690315315315316,8.780753968253968,12.267020089285714,8924.84,105.63116071428571,0.38759359110113994,SP,kitchen_dining_laundry_garden_furniture,2017-04-06 15:51:57,2018-08-27 12:59:16,507,6.724418145956608,0.0006829030735758837,True,-0.31996651318543323,0.0,0.0,Invest
b1a81260566c1bac3114a6d124413f27,51,4.2745098039215685,0.13725490196078433,0.0196078431372549,0.6198611111111111,7.685062636165577,8.565196078431372,8921.95,206.581568627451,0.20909647644481907,RS,luggage_accessories,2018-03-11 10:24:44,2018-08-17 15:57:10,159,9.76377358490566,0.0006826819390925053,True,0.4793009627459194,83.84900440335208,0.00019199134527879194,Invest
066a6914e1ebf3ea95a216c73a986b91,64,4.125,0.109375,0.03125,3.012434895833333,10.428924162257497,13.487706163194444,8915.39,165.136875,0.34429563739472663,PR,sports_leisure,2017-01-20 19:22:40,2018-08-10 12:12:35,566,3.4419787985865726,0.0006821799867703732,True,-1.1828380075345333,0.0,0.0,Invest
f27e33c6d29b5138fa9967bcd445b6d5,92,4.086956521739131,0.16304347826086957,0.10869565217391304,3.870667270531401,7.565708031400966,12.07715881642512,8908.3,114.30565217391303,0.2679472310694424,SP,pet_shop,2017-07-25 12:31:12,2018-08-25 20:24:40,396,7.071919191919192,0.0006816374803734346,True,3.2371703641691085,313.45309516443115,0.0007177220749446903,Coach: fulfilment
8b28d096634035667e8263d57ba3368c,135,4.051851851851852,0.13333333333333333,0.1111111111111111,2.577888257575758,11.103081275720163,14.063446502057612,8876.6,84.02385185185184,0.42769027857397085,SP,health_beauty,2017-02-28 14:56:37,2018-07-19 17:43:55,506,8.121343873517787,0.0006792118875972779,True,0.7393260778568436,48.61260639040042,0.0001113096066532217,Coach: fulfilment
5f2684dab12e59f83bef73ae57724e45,67,3.791044776119403,0.23880597014925373,0.05970149253731343,1.8580845771144279,8.462261608623548,10.647315505804311,8870.970000000001,148.96597014925374,0.1469143522699615,SP,toys,2017-01-27 12:54:57,2018-08-29 12:25:59,578,3.528512110726644,0.0006787810961988626,True,7.433591460862285,984.2263707696345,0.002253609882759334,Invest
048c2757535328e0d7dac690ad3c0aae,49,4.244897959183674,0.14285714285714285,0.12244897959183673,2.4538690476190474,15.38201530612245,18.277054988662133,8865.38,206.0012244897959,0.14379656913704095,SP,fashion_shoes,2017-03-04 15:23:15,2018-08-21 16:31:46,535,2.78796261682243,0.0006783533654853383,True,0.7350146504813726,132.98335065478676,0.00030449559387819196,Coach: fulfilment
8e8a7ce9f2f970dc00e2acf6f6e199f6,63,4.015873015873016,0.1111111111111111,0.09523809523809523,1.797233422939068,10.212477954144621,12.246009700176367,8821.0,158.2346031746032,0.1335845854811954,RJ,computers_accessories,2017-11-30 16:02:21,2018-08-21 08:16:01,263,7.29171102661597,0.0006749575355987188,True,-1.0549811636668065,0.0,0.0,Invest
5058e8c1e82653974541e83690655b4a,58,3.3448275862068964,0.27586206896551724,0.13793103448275862,15.47333572796935,11.07702346743295,27.12502394636015,8812.92,197.375,0.33051093640597495,SP,office_furniture,2017-10-16 17:57:03,2018-07-31 19:35:26,288,6.130277777777778,0.0006743392772507269,True,8.584303055671828,1304.3582083688168,0.002986624455855227,Remove
a49928bcdf77c55c6d6e05e09a9b4ca5,96,3.03125,0.40625,0.2604166666666667,6.871665219907407,9.701258680555556,16.933890335648147,8726.79,109.00156250000002,0.20484735462257184,SP,toys,2017-06-07 20:32:48,2018-05-27 19:10:54,353,8.27830028328612,0.0006677488575090743,True,26.725742988698197,2429.478611003558,0.005562843234355408,Remove
6d803cb79cc31c41c4c789a75933b3c7,58,4.258620689655173,0.08620689655172414,0.06896551724137931,1.5924329501915708,11.431645114942528,13.296647509578543,8711.4,171.12189655172412,0.1792413654050208,SP,sports_leisure,2017-07-25 00:16:20,2018-06-06 15:11:41,316,5.587088607594937,0.0006665712589972428,True,-2.4156969443281704,0.0,0.0,Invest
17306570e772e7718c92a562d33f5f1d,27,3.7777777777777777,0.18518518518518517,0.07407407407407407,4.040560699588478,10.044032921810699,14.355478395061729,8699.9,351.19481481481483,0.1039381896664616,SP,bed_bath_table,2017-02-28 21:17:05,2018-04-18 14:37:49,413,1.9900242130750605,0.000665691312091066,False,1.5478652155713686,498.7508366277537,0.0011420033519116814,Monitor (low volume)
1da3aeb70d7989d1e6d9b0e887f97c23,256,4.1640625,0.12109375,0.05859375,1.5611275153105861,6.811410675381263,8.665953233506945,8653.29,50.033828125,0.6711333311362832,SP,sports_leisure,2017-03-04 09:55:07,2018-08-21 17:04:34,535,14.565682242990654,0.0006621248490217706,True,-1.731352030138133,0.0,0.0,Invest
562fc2f2c2863ab7e79a9e4388a58a14,250,4.248,0.092,0.036,1.5137259945130317,9.299402777777777,11.290333333333335,8637.24,51.33532,0.5128895686819526,SP,telephony,2018-01-15 18:33:21,2018-08-21 09:42:29,217,35.06912442396314,0.0006608967492092369,True,-8.964210966931772,0.0,0.0,Invest
9b013e03b2ab786505a1d3b5c0756754,167,4.233532934131737,0.11976047904191617,0.059880239520958084,2.2843114837398377,5.961082002661344,8.620126413838989,8598.02,66.5656886227545,0.4290442568936714,SP,health_beauty,2017-10-19 13:21:58,2018-08-27 14:54:22,312,16.293205128205127,0.0006578957476735627,True,-1.3520929259104226,0.0,0.0,Invest
fffd5413c0700ac820c7069d66d98c89,55,3.909090909090909,0.21818181818181817,0.12727272727272726,2.0469778806584364,11.152133838383838,13.542297979797981,8442.59,201.18563636363638,0.3454747376150868,SP,housewares,2017-07-24 21:13:55,2018-08-26 19:56:12,397,4.217128463476071,0.0006460026913581666,True,4.96787358727501,762.5767248944023,0.001746092661833901,Coach: fulfilment
db2956745b3a8e9f3785c99f34b5d25e,45,3.8444444444444446,0.2,0.1111111111111111,6.9368213383838375,6.966635802469137,14.282314814814814,8382.9,207.94911111111114,0.1177581553872005,SP,health_beauty,2018-04-14 15:12:34,2018-08-10 23:54:45,118,11.608474576271187,0.0006414353843294978,True,3.2464420259522817,604.7688635412308,0.0013847557108187347,Coach: fulfilment
259f7b5e6e482c230e5bfaa670b6bb8f,134,4.388059701492537,0.08955223880597014,0.022388059701492536,1.4299777353689567,6.987202380952381,8.731503938640133,8374.99,82.45037313432836,0.33069406022204567,SP,bed_bath_table,2017-03-23 14:28:37,2018-08-27 13:59:44,521,7.829097888675625,0.0006408301338922928,True,-5.13281707827543,0.0,0.0,Invest
d03698c2efd04a549382afa6623e27fb,16,4.6875,0.0,0.0625,1.2226128472222222,12.940668402777778,14.707769097222222,8299.04,562.868125,0.11547073023303286,BA,computers_accessories,2017-01-12 20:28:10,2018-07-31 20:19:04,564,0.8635460992907801,0.0006350186584554124,False,-2.0457095018836333,0.0,0.0,Monitor (low volume)
054694fa03fe82cec4b7551487331d74,20,3.4,0.3,0.3,9.458645833333332,20.38295138888889,30.79322916666667,8286.1,447.317,0.08413539075738195,SP,small_appliances,2017-01-07 17:20:56,2018-04-09 16:57:00,456,1.3350877192982458,0.0006340285268931577,False,3.4428631226454582,1426.3954060276267,0.003266056345587147,Monitor (low volume)
6c7d50c24b3ccd2fd83b44d8bb34e073,106,4.528301886792453,0.03773584905660377,0.018867924528301886,2.291208071278826,9.50165749475891,12.327070230607967,8270.960000000001,102.49452830188679,0.3686029652412079,SP,furniture_decor,2017-07-09 21:20:45,2018-08-17 07:32:27,403,8.006550868486352,0.0006328700576618954,True,-9.552825449979071,0.0,0.0,Invest
33a17d60c64393351ebf1ef860f4e0f2,43,4.627906976744186,0.023255813953488372,0.023255813953488372,3.1127149470899473,7.232832687338501,10.613113695090439,8217.48,221.59627906976743,0.17329147231538913,RS,housewares,2017-07-08 11:40:20,2018-08-14 19:12:16,402,3.2560199004975128,0.000628777921962562,True,-4.497844286312264,0.0,0.0,Invest
d71d863e5ef30d94e440c11be17dcd8f,20,3.25,0.4,0.15,11.161562499999999,8.421423611111111,19.685555555555556,8199.9,441.04650000000004,0.18736446597162096,SP,air_conditioning,2017-10-15 20:06:58,2018-04-27 19:04:19,193,3.1544041450777205,0.0006274327509529457,False,5.442863122645458,2231.5466659690246,0.005109633077941091,Monitor (low volume)
397c4d0c005b6f41f90098ac724e28cb,5,4.4,0.0,0.4,4.223194444444444,11.250694444444445,16.082638888888887,8177.0,1724.4740000000002,0.06082978589065493,SP,small_appliances,2018-04-09 21:35:35,2018-08-04 14:32:55,116,1.3120689655172415,0.0006256805088528199,False,-0.6392842193386354,0.0,0.0,Monitor (low volume)
67883baaae6134ee81b271a542613728,19,4.105263157894737,0.10526315789473684,0.15789473684210525,0.6910108024691358,4.86703216374269,5.838523391812865,8167.9,447.1589473684211,0.05815900118473508,SP,watches_gifts,2018-07-17 13:21:24,2018-08-22 11:39:32,35,16.524571428571427,0.0006249842030401061,False,-0.42928003348681465,0.0,0.0,Monitor (low volume)
784ba75dd9d20200c4caed3d7a77141a,19,4.157894736842105,0.15789473684210525,0.10526315789473684,7.348720760233918,5.549597953216375,13.691885964912279,8142.33,460.1236842105262,0.5171780843642132,SP,stationery,2017-03-29 07:03:56,2017-12-21 15:18:29,267,2.1661423220973783,0.0006230276602235026,False,0.5707199665131852,244.5784371020686,0.0005600178976428409,Monitor (low volume)
8fb791022c1fc8909664f48ab7dc636d,5,4.2,0.2,0.0,0.4378472222222222,5.010416666666667,5.729444444444445,8119.95,1696.67,0.0461014958378254,SP,home_appliances_2,2018-07-04 13:44:57,2018-07-22 16:56:59,18,5.0,0.0006213152070269604,False,0.36071578066136467,585.7988206362496,0.001341319487774229,Monitor (low volume)
b1fc4f64df5a0e8b6913ab38803c57a9,104,3.8461538461538463,0.21153846153846154,0.125,4.647749732905983,10.797142094017094,15.796868322649573,8114.09,98.78855769230769,0.2729076219845632,RJ,watches_gifts,2017-05-09 10:49:49,2018-08-10 08:13:28,457,6.927264770240701,0.0006208668166904215,True,8.702888237756383,679.0001771259298,0.001554725167920225,Coach: fulfilment
6c177e38df6d3f34182b1f1d427231bf,53,4.150943396226415,0.1320754716981132,0.03773584905660377,6.346344339622641,7.928000524109015,14.40977463312369,8112.89,171.9820754716981,0.13695756573600498,PR,telephony,2017-02-06 16:00:46,2018-08-21 13:32:24,560,2.8809285714285715,0.00062077499614369,True,0.22358727501046455,34.22526353886128,7.836651652699257e-05,Invest
7d456afc660226829370f3173d14520c,53,4.320754716981132,0.09433962264150944,0.05660377358490566,1.2635212418300654,6.5129848008385745,8.074279350104822,8110.14,181.49792452830187,0.28917911838687416,SP,bed_bath_table,2017-04-05 13:15:12,2018-08-21 18:47:23,503,3.207395626242545,0.0006205645740574304,True,-1.776412724989535,0.0,0.0,Invest
6bd69102ab48df500790a8cecfc285c2,5,3.0,0.6,0.2,7.53125,8.515,16.254305555555554,8070.0,1671.804,0.0277446287458245,SP,agro_industry_and_commerce,2017-06-26 13:44:08,2018-05-10 14:00:13,318,0.47861635220125787,0.0006174931767692621,False,2.3607157806613643,3810.195269987442,0.00872430771080848,Monitor (low volume)
403aa86912527d730337ffcb0fb096ab,10,4.0,0.1,0.0,2.676111111111111,7.561875000000001,10.907291666666667,8069.9,825.1719999999999,0.04921820969461471,MG,telephony,2017-01-30 13:13:59,2017-11-15 14:31:58,289,1.053287197231834,0.0006174855250570344,False,-0.27856843867727077,0.0,0.0,Monitor (low volume)
b92e3c8f9738272ff7c59e111e108d7c,60,4.2,0.16666666666666666,0.03333333333333333,5.276259416195857,11.465937499999999,17.08443287037037,8052.14,175.1101666666667,0.31865166904034586,MG,furniture_decor,2017-01-17 22:26:00,2018-08-07 15:23:50,566,3.226855123674912,0.0006161265809654084,True,2.3285893679363747,312.50212655225334,0.0007155446162560738,Invest
972d0f9cf61b499a4812cf0bfa3ad3c4,78,3.0256410256410255,0.4230769230769231,0.11538461538461539,4.528035968660968,13.221518874643875,18.2127938034188,8043.99,130.59320512820514,0.2835185707413388,SC,bed_bath_table,2017-10-22 15:28:07,2018-08-22 07:25:32,303,7.836039603960397,0.000615502966418857,True,23.02716617831729,2374.7473649579806,0.00543752361211485,Remove
fdb9095204a334cd8872252ffec6f2db,45,4.177777777777778,0.13333333333333333,0.06666666666666667,1.3595679012345678,7.278009259259259,8.778395061728395,8018.0,202.85044444444446,0.13280720267844076,SP,bed_bath_table,2017-06-27 23:21:05,2018-05-28 10:55:14,334,4.1011976047904195,0.0006135142864108976,True,0.2464420259522812,43.91049253523091,0.00010054304870620867,Invest
52d76513f0c4d97f3b99570e2c94ee31,18,4.055555555555555,0.16666666666666666,0.05555555555555555,1.4594184027777777,8.44891975308642,9.940663580246913,7983.030000000001,494.65166666666664,0.12766441431354209,RS,industry_commerce_and_business,2017-07-14 17:24:44,2018-08-16 14:34:23,397,1.3801511335012595,0.0006108384826448975,False,0.6985768103809123,309.8199796986186,0.0007094032316763897,Monitor (low volume)
5656537e588803a555b8eb41f07a944b,171,3.8947368421052633,0.1871345029239766,0.07602339181286549,1.5907060878243513,9.330916991552957,11.29429012345679,7961.71,66.14748538011696,0.6447905708009755,DF,electronics,2017-05-19 13:27:20,2018-08-23 14:56:46,461,11.29119305856833,0.000609207137597968,True,10.136479698618666,471.9515308847323,0.001080640252865336,Invest
cbd996ad3c1b7dc71fd0e5f5df9087e2,157,4.210191082802548,0.11464968152866242,0.08917197452229299,1.7085412243453646,10.830484784147204,12.848482837933476,7930.22,67.32095541401273,0.412939106246652,SP,food,2017-02-19 11:03:43,2018-08-27 22:12:59,554,8.62649819494585,0.0006067976134174892,True,-2.0735244872331515,0.0,0.0,Invest
3078096983cf766a32a06257648502d1,56,4.303571428571429,0.10714285714285714,0.05357142857142857,1.5618179563492063,10.189632936507936,12.067906746031747,7910.84,165.73375000000001,0.22666345787150716,SP,toys,2017-05-19 08:15:11,2018-05-09 19:32:24,355,4.801802816901409,0.0006053147115877756,True,-1.1599832565927168,0.0,0.0,Invest
8476243f92442881ddd5b578975cf115,12,4.083333333333333,0.16666666666666666,0.08333333333333333,4.822743055555556,12.155439814814814,17.335416666666667,7892.99,682.5033333333333,0.05978976764269156,RS,health_beauty,2018-03-14 10:12:48,2018-08-14 17:50:05,153,2.387450980392157,0.0006039488809551448,False,0.4657178735872749,306.32554325380204,0.0007014019255332155,Monitor (low volume)
750303a20e9c56b2a6bc45cdce0b897d,53,4.30188679245283,0.09433962264150944,0.03773584905660377,1.1312893081761006,12.549135220125786,14.103708071278827,7876.0,172.9211320754717,0.37943350472622484,GO,sports_leisure,2017-09-06 21:43:47,2018-08-24 17:53:18,351,4.596353276353277,0.0006026488550476715,True,-1.776412724989535,0.0,0.0,Invest
903037660cf848a717166eb7a06d616e,42,3.9285714285714284,0.19047619047619047,0.14285714285714285,2.8107554200542006,8.92417328042328,12.153736772486772,7855.2,212.3259523809524,0.25401346802499347,SP,garden_tools,2017-01-23 21:38:10,2018-08-13 17:23:09,566,2.2587985865724383,0.0006010572989043256,True,2.630012557555462,491.8874914788015,0.0011262881639063325,Coach: fulfilment
bbf9ad41dca6603e614efcdad7aab8c4,14,4.5,0.07142857142857142,0.0,0.8574900793650794,12.396130952380954,13.931498015873016,7846.0,615.8757142857143,0.10334184059479988,CE,health_beauty,2017-02-05 17:07:34,2018-06-23 18:22:41,503,0.8472365805168987,0.0006003533413793842,False,-0.7899958141481792,0.0,0.0,Monitor (low volume)
6c12e40690c335dbc2f68a4134d30dc1,14,4.071428571428571,0.14285714285714285,0.0,2.6282242063492065,10.142460317460317,13.449007936507938,7829.3,590.3942857142857,0.25201010821660014,PR,garden_tools,2017-02-20 13:35:27,2018-08-06 09:57:33,531,0.8025612052730697,0.000599075505437371,False,0.21000418585182073,117.44184087783286,0.0002689097763604638,Monitor (low volume)
fcb5ace8bcc92f75707dc0f01a27d269,57,4.035087719298246,0.12280701754385964,0.03508771929824561,3.54078621031746,6.583893762183235,10.70606725146199,7787.7,152.00333333333333,0.25301026748422367,SP,cool_stuff,2017-11-23 13:18:15,2018-08-09 23:10:26,259,6.699150579150579,0.0005958923931506793,True,-0.28784010046044406,0.0,0.0,Invest
2dee2ce60de9709b1a24083217181a1f,54,4.425925925925926,0.05555555555555555,0.018518518518518517,1.6862011316872427,12.020498971193417,14.143930041152263,7784.5,182.30666666666664,0.2732869789450714,MT,perfumery,2017-07-18 19:49:49,2018-06-28 14:29:37,344,4.778372093023256,0.0005956475383593954,True,-3.904269568857263,0.0,0.0,Invest
725c32fa80c2faacc4fc88450d27314e,87,4.517241379310345,0.022988505747126436,0.0,0.8439624183006535,7.825015964240102,8.991738505747126,7778.0,104.5390804597701,0.21697230295360243,SP,toys,2017-01-17 12:42:06,2018-08-12 09:20:39,571,4.637968476357268,0.0005951501770645999,True,-9.123545416492256,0.0,0.0,Invest
7bac63f6603d382cc8d0832eb6c100a8,19,4.0,0.10526315789473684,0.15789473684210525,2.020906432748538,13.103472222222223,15.764619883040936,7751.95,427.0842105263158,0.06902580413001987,SP,sports_leisure,2017-11-04 09:09:12,2018-08-03 15:28:52,272,2.126323529411765,0.0005931569060293037,False,-0.42928003348681465,0.0,0.0,Monitor (low volume)
5b925e1d006e9476d738aa200751b73b,63,4.603174603174603,0.047619047619047616,0.06349206349206349,1.774910394265233,8.809468694885362,10.885008818342152,7748.5,139.71174603174603,0.16444057988455243,SP,sports_leisure,2017-10-06 11:52:25,2018-08-20 18:43:09,318,6.030566037735849,0.0005928929219574507,True,-5.054981163666806,0.0,0.0,Invest
4371b634e0efc0e22b09b52907d9d469,98,4.510204081632653,0.061224489795918366,0.07142857142857142,1.5347005208333335,9.088619614512472,10.968317743764171,7742.99,93.24693877551022,0.26853441513824494,SP,sports_leisure,2017-06-17 14:01:58,2018-08-13 18:15:19,422,7.069004739336493,0.0005924713126137086,True,-6.529970699037254,0.0,0.0,Invest
2089a6d640999f9b9141ac719b2af596,41,3.926829268292683,0.24390243902439024,0.14634146341463414,8.77454268292683,10.508836805555557,19.527540650406504,7741.0199999999995,204.76170731707316,0.11080187241435847,SP,sports_leisure,2017-04-17 07:25:25,2018-06-24 22:09:28,433,2.882309468822171,0.0005923205738828244,True,4.757869401423189,898.3112730196325,0.0020568877473666047,Coach: fulfilment
257e61d3251fb5efb9daadddbc2cf7ca,12,4.75,0.0,0.0,1.102199074074074,6.469675925925927,8.095138888888888,7729.0,733.8483333333334,0.1468155085047283,PR,baby,2018-04-06 17:16:18,2018-08-15 16:12:57,130,2.809846153846154,0.000591400838073064,False,-1.5342821264127249,0.0,0.0,Monitor (low volume)
0432ead42b6c8a0bdf68154add917fdf,81,4.530864197530864,0.07407407407407407,0.037037037037037035,1.3030435528120714,7.301474622770919,8.956953017832648,7719.5,110.14777777777779,0.18439794707603593,SP,toys,2017-04-05 19:59:24,2018-07-27 18:03:57,477,5.169056603773585,0.0005906739254114398,True,-4.356404353285894,0.0,0.0,Invest
ebd2d60905fb58271facef5596b620d3,81,4.222222222222222,0.09876543209876543,0.037037037037037035,1.3526909722222222,11.345781893004116,13.009610768175584,7715.12,115.42703703703704,0.2642566906826683,SP,health_beauty,2017-02-13 14:48:03,2018-08-17 18:41:50,550,4.482981818181819,0.0005903387804158698,True,-2.3564043532858943,0.0,0.0,Invest
4bfc7a4a1cf8d4d2121c27422d9e50b5,24,4.5,0.08333333333333333,0.041666666666666664,2.997856280193237,4.427112268518519,7.609866898148148,7678.6,361.41833333333335,0.16169899503771343,SP,housewares,2018-03-27 14:07:56,2018-08-22 19:14:34,148,4.936216216216216,0.0005875443751103415,False,-1.0685642528254502,0.0,0.0,Monitor (low volume)
08633c14ef2db992c11f840f04fad4cd,73,4.383561643835616,0.0684931506849315,0.0684931506849315,1.1332440476190477,8.521870243531202,10.056773211567732,7650.5,124.54369863013699,0.24223241099756232,SP,sports_leisure,2017-12-13 09:15:58,2018-08-24 14:57:19,254,8.748503937007873,0.0005853942439743792,True,-4.333549602344077,0.0,0.0,Invest
4e17c65a516f69d023a2ae78b84f28d6,61,4.229508196721311,0.18032786885245902,0.06557377049180328,5.339398148148148,7.773144353369763,13.331841985428051,7639.26,144.17704918032786,0.26067093167997235,SP,perfumery,2017-03-13 23:46:04,2018-08-26 19:22:51,530,3.503471698113208,0.0005845341915199943,True,3.2007325240686484,400.83980232486334,0.0009178137944182788,Invest
52f976b17ea7f2f087f56dcc419328f6,6,3.6666666666666665,0.3333333333333333,0.0,2.131828703703704,7.729282407407407,10.383217592592592,7630.0,1415.4416666666666,0.11307141782627711,PR,sports_leisure,2017-10-05 10:28:57,2018-07-23 20:37:29,291,0.6276288659793815,0.0005838256429677162,False,1.2328589367936373,1567.7856146225756,0.0035898013506776073,Monitor (low volume)
6fd52c528dcb38be2eea044946b811f8,66,3.393939393939394,0.36363636363636365,0.13636363636363635,13.76412037037037,7.485690235690235,21.567561026936026,7625.679999999999,132.54030303030302,0.17441700315441297,SP,bed_bath_table,2017-08-18 16:58:56,2018-08-11 23:56:26,358,5.611843575418995,0.0005834950889994828,True,15.561448304730014,1797.9791683092965,0.004116881789632139,Remove
9596c870880d900012f2e8e6e30d06d7,21,4.285714285714286,0.047619047619047616,0.047619047619047616,1.9345238095238095,11.151785714285714,13.83449074074074,7625.349999999999,446.2719047619047,0.2539665221322643,MG,construction_tools_construction,2017-04-20 13:47:11,2018-08-06 13:05:58,472,1.354322033898305,0.0005834698383491316,False,-1.6849937212222688,0.0,0.0,Monitor (low volume)
058fd0aa2bfdb2274e05e1ae971dabb6,60,4.4,0.1,0.06666666666666667,1.5899129001883239,8.26261574074074,10.141608796296298,7602.8,141.55716666666666,0.11766196416572779,SP,perfumery,2017-08-03 11:36:18,2018-06-07 19:45:30,308,5.92987012987013,0.0005817443772418025,True,-1.6714106320636246,0.0,0.0,Invest
e0a366315b1b726b6c7832d664c0f530,43,4.3023255813953485,0.13953488372093023,0.046511627906976744,1.3901289682539681,6.330555555555556,7.974418604651162,7577.59,193.92697674418605,0.13080058159265612,SP,construction_tools_construction,2017-06-10 15:22:55,2018-08-16 22:08:23,432,3.0299074074074075,0.0005798153805892185,True,0.5021557136877354,88.49139801123364,0.0002026211601517663,Invest
42bde9fef835393bb8a8849cb6b7f245,34,4.352941176470588,0.058823529411764705,0.029411764705882353,2.0163398692810457,8.151899509803922,10.37250816993464,7574.0,245.33441176470586,0.17082786813821135,DF,toys,2017-07-06 20:25:32,2018-08-19 18:19:11,408,2.5366666666666666,0.0005795406841202467,True,-2.3471326915027206,0.0,0.0,Invest
b18dc380845b24038cfc48006478f099,42,4.214285714285714,0.09523809523809523,0.14285714285714285,2.602017195767196,9.7198082010582,12.756448412698413,7554.07,198.5457142857143,0.14578093853251053,SP,health_beauty,2017-10-06 06:30:11,2018-08-03 11:34:23,301,4.247441860465116,0.0005780156978732813,True,-1.3699874424445377,0.0,0.0,Coach: fulfilment
8a432f4e5b471f8da497d7dc517666e2,92,4.239130434782608,0.11956521739130435,0.043478260869565216,0.9811884669479606,6.341236413043478,7.60354015700483,7523.7,102.86989130434783,0.27880951508062857,SP,bed_bath_table,2018-04-05 11:05:44,2018-08-28 11:16:37,145,19.313655172413792,0.0005756918728697518,True,-0.7628296358308913,0.0,0.0,Invest
c26a2be5b53b7db6b276280da212a779,13,3.3846153846153846,0.38461538461538464,0.0,4.333814102564103,9.401602564102564,14.082532051282051,7482.0,637.6038461538462,0.10679812022301059,RJ,office_furniture,2017-08-08 13:37:37,2018-08-03 16:58:12,360,1.0992222222222223,0.0005725011088708326,False,3.337861029719549,1921.0674018739742,0.004398720264855918,Monitor (low volume)
93dc87703c046b603023e75222018b45,30,4.166666666666667,0.1,0.03333333333333333,8.349652777777779,10.038101851851852,18.747939814814814,7472.5,268.11966666666666,0.08933774723172314,MG,watches_gifts,2017-11-08 16:32:33,2018-07-28 07:54:14,261,3.498850574712644,0.0005717741962092083,True,-0.8357053160318123,0.0,0.0,Invest
7008613ea464bad5cb9b83456e1e6a8f,121,4.2727272727272725,0.0743801652892562,0.04132231404958678,2.369364095500459,11.446217860422404,14.370351239669422,7469.3,85.82661157024793,0.4687389287485769,SC,sports_leisure,2017-01-28 13:24:20,2018-08-21 16:08:39,570,6.4618245614035095,0.0005715293414179243,True,-6.470678107994977,0.0,0.0,Invest
73a63f72308aa20a46f4b1632018f196,24,4.208333333333333,0.08333333333333333,0.0,2.7812801932367153,8.54615162037037,11.689062499999999,7443.9,347.81166666666667,0.1914277002094674,PR,garden_tools,2017-03-18 22:33:43,2018-08-01 14:47:50,500,1.46112,0.0005695858065121078,False,-1.0685642528254502,0.0,0.0,Monitor (low volume)
bd0389da23d89b726abf911cccc54596,86,4.209302325581396,0.10465116279069768,0.08139534883720931,1.305274470899471,11.984770671834625,13.71640019379845,7412.26,105.41406976744187,0.27226912760928934,DF,computers_accessories,2017-03-13 19:41:54,2018-08-14 14:48:11,518,5.053745173745174,0.0005671648047632876,True,-1.9956885726245286,0.0,0.0,Invest
e5a3438891c0bfdb9394643f95273d8e,212,4.028301886792453,0.1650943396226415,0.18867924528301888,3.3634204664570233,11.822402384696016,15.75142819706499,7409.96,50.21452830188679,0.487672681234009,SP,fashion_bags_accessories,2017-05-19 21:06:12,2018-04-11 10:56:21,326,19.795337423312883,0.0005669888153820522,True,7.894349100041857,275.9283540440856,0.0006318006548849248,Coach: fulfilment
062ce95fa2ad4dfaedfc79260130565f,52,4.096153846153846,0.09615384615384616,0.038461538461538464,5.364423076923076,7.598384081196581,13.327096688034187,7389.3,164.3551923076923,0.27272044288911423,RS,furniture_decor,2017-01-26 18:48:30,2017-08-31 09:56:53,216,7.3281481481481485,0.000565407971635825,True,-1.648555881121808,0.0,0.0,Invest
d51e0a403fe2e689ece6c73359d96e12,18,4.222222222222222,0.05555555555555555,0.1111111111111111,2.4133873456790123,11.14741512345679,14.026273148148148,7380.0,445.9761111111111,0.10012121557171771,SP,costruction_tools_garden,2017-08-21 15:49:41,2018-07-25 11:49:46,337,1.6258753709198814,0.0005646963623986561,False,-1.3014231896190875,0.0,0.0,Monitor (low volume)
b410bdd36d5db7a65dcd42b7ead933b8,42,4.809523809523809,0.0,0.023809523809523808,1.2265625,7.7177248677248675,9.202397486772487,7368.9,198.08833333333337,0.1307600250035324,GO,housewares,2018-01-24 15:42:08,2018-08-21 10:48:37,208,6.146538461538462,0.0005638470223413897,True,-5.369987442444537,0.0,0.0,Invest
b347677812ea483b0f528eaf8cbc09b7,21,4.523809523809524,0.047619047619047616,0.0,2.3616732804232803,10.335052910052909,13.219179894179893,7368.89,388.56333333333333,0.11217292284794284,PR,housewares,2017-11-24 12:12:36,2018-06-22 22:10:44,210,3.044,0.000563846257170167,False,-1.6849937212222688,0.0,0.0,Monitor (low volume)
381c83fdca332ea6afd896da20bf6e4a,46,4.391304347826087,0.08695652173913043,0.043478260869565216,2.089538043478261,10.333725845410628,12.69134963768116,7355.8,181.63065217391303,0.17466270145239696,PR,watches_gifts,2017-08-17 08:58:53,2018-08-14 07:04:43,361,3.8787811634349034,0.0005628446480395711,True,-1.881414817915446,0.0,0.0,Invest
7a241947449cc45dbfda4f9d0798d9d0,55,4.1454545454545455,0.10909090909090909,0.07272727272727272,3.9485982510288067,9.02955808080808,13.266224747474746,7355.56,167.57963636363635,0.3081604268493989,MG,air_conditioning,2017-03-10 10:24:46,2018-08-05 21:37:08,513,3.263547758284601,0.0005628262839302247,True,-1.0321264127249898,0.0,0.0,Invest
a2e874074c877c5a05abae80ad6e488f,40,4.25,0.075,0.05,10.475416666666666,8.374461805555555,19.237829861111113,7355.0,211.5085,0.273662343336445,SP,housewares,2017-03-21 13:38:25,2018-08-26 07:54:47,522,2.3325670498084294,0.00056278343434175,True,-2.1142737547090835,0.0,0.0,Invest
512d298ac2a96d1931b6bd30aa21f61d,10,4.6,0.1,0.0,1.6763194444444445,7.557916666666666,9.876666666666667,7352.04,765.6539999999999,0.1846386677864454,RJ,musical_instruments,2018-01-17 09:54:55,2018-08-17 17:25:51,212,1.4358490566037736,0.0005625569436598124,False,-0.27856843867727077,0.0,0.0,Monitor (low volume)
0873d9f8f36123f8d910f4760e788cfb,6,3.1666666666666665,0.3333333333333333,0.5,5.290046296296296,7.666666666666667,13.130787037037038,7343.39,1260.8016666666667,0.03069318133859072,SP,telephony,2018-05-07 20:22:07,2018-08-14 14:19:51,98,1.8636734693877552,0.0005618950705521229,False,1.2328589367936373,1508.8939979768381,0.003454955614751302,Monitor (low volume)
e333046ce6517bd8bb510291d44f0130,68,4.338235294117647,0.08823529411764706,0.058823529411764705,1.5605514096185737,7.981219362745097,10.15876225490196,7342.28,129.47573529411764,0.27594909177277493,SP,housewares,2017-07-13 09:00:21,2018-08-24 16:27:11,407,5.085798525798526,0.0005618101365463962,True,-2.6942653830054413,0.0,0.0,Invest
640e21a7d01df7614a3b4923e990d40c,110,4.363636363636363,0.06363636363636363,0.07272727272727272,1.3802295918367347,8.830965909090908,10.305928030303031,7327.48,88.13245454545454,0.34519118118975683,SP,bed_bath_table,2018-03-17 19:47:48,2018-08-25 20:27:21,161,20.79751552795031,0.0005606776831367079,True,-7.06425282544998,0.0,0.0,Invest
a420f60ff1aa9acc80d0e42959f2b313,64,4.0,0.140625,0.09375,1.2990927419354839,10.255490451388889,11.76015625,7318.3,130.91343750000001,0.24321298288768975,SP,baby,2017-08-16 01:00:34,2018-08-13 10:05:23,362,5.381657458563536,0.000559975255954212,True,0.8171619924654667,93.4411970228129,0.00021395484953609423,Invest
f25e239052084705e17a982bc600ab2a,7,4.142857142857143,0.14285714285714285,0.0,3.6882936507936503,9.884920634920634,13.872420634920633,7311.0,1099.2685714285715,0.16735324767643894,SP,pet_shop,2017-03-18 17:56:04,2018-03-09 18:05:10,356,0.5985393258426966,0.0005594166809615955,False,0.10500209292591037,109.66718591161866,0.0002511079374875596,Monitor (low volume)
aced59e9b31ef866a94f9e7f29d8d418,59,4.47457627118644,0.05084745762711865,0.0847457627118644,2.2333215630885124,7.422139830508475,9.935063559322035,7303.58,142.48118644067796,0.36449544047838167,SP,housewares,2017-02-13 11:50:50,2018-08-26 04:51:22,558,3.218566308243728,0.0005588489239143058,True,-4.543553788195898,0.0,0.0,Invest
961dff0a659b4561334372337dd897d9,3,4.666666666666667,0.0,0.6666666666666666,17.258564814814815,2.5842592592592593,20.516203703703706,7297.0,2463.2466666666664,0.012822018156429416,RJ,cool_stuff,2017-04-01 15:44:55,2017-06-05 19:38:57,65,1.404923076923077,0.0005583454412497281,False,-0.3835705316031812,0.0,0.0,Monitor (low volume)
18a349e75d307f4b4cc646a691ed4216,106,3.650943396226415,0.25471698113207547,0.0660377358490566,3.4112632275132277,7.403262578616352,11.237984800838573,7262.21,85.73981132075471,0.4320153146613246,SP,telephony,2017-08-21 12:54:37,2018-08-26 19:04:40,370,8.720648648648648,0.0005556834105657376,True,13.447174550020929,921.2849574425235,0.002109491217255687,Invest
8648b1e89e9b349e32d3741b30ec737e,92,4.163043478260869,0.14130434782608695,0.10869565217391304,1.1906898656898657,7.607880434782608,9.020523852657005,7234.35,93.87739130434782,0.26872892393721487,SP,construction_tools_construction,2017-09-28 08:26:10,2018-08-26 21:18:34,332,8.435180722891566,0.0005535516435391216,True,1.2371703641691074,97.28395026116068,0.00022275370611232485,Coach: fulfilment
6a51fc556dab5f766ced6fbc860bc613,24,4.0,0.16666666666666666,0.08333333333333333,5.382465277777778,8.423755787037036,14.15211226851852,7217.87,331.8754166666667,0.11353948773232862,SP,air_conditioning,2017-04-08 19:06:55,2018-08-21 12:46:29,499,1.4640480961923847,0.0005522906413640091,False,0.9314357471745498,280.124255685782,0.0006414081249625847,Monitor (low volume)
ade45994b717ccee333492330fbf037b,10,4.5,0.0,0.0,1.1675694444444444,7.159999999999999,8.409930555555556,7196.0,747.963,0.04075214131511795,PR,telephony,2018-06-09 20:12:15,2018-08-15 18:26:46,66,4.612121212121212,0.0005506172118998278,False,-1.2785684386772709,0.0,0.0,Monitor (low volume)
0bae85eb84b9fb3bd773911e89288d54,130,4.323076923076923,0.06153846153846154,0.007692307692307693,1.0564019097222221,9.019444444444446,10.360934829059829,7193.99,76.42507692307693,0.4382567951853369,SP,housewares,2017-05-02 16:32:37,2018-08-21 20:24:33,476,8.313445378151261,0.0005504634124840525,True,-8.621389702804521,0.0,0.0,Invest
cee48807215b30a12ca2ca10ffb5f250,38,3.8157894736842106,0.21052631578947367,0.15789473684210525,11.78486842105263,11.886129385964912,24.088395467836257,7192.2300000000005,212.79657894736843,0.19231802934654277,SP,auto,2017-08-04 15:34:27,2018-07-06 10:07:51,335,3.45289552238806,0.0005503287423488463,True,3.1414399330263705,594.5778560397434,0.0013614210838439797,Coach: fulfilment
4aba391bc3b88717ce08eb11e44937b2,26,3.9615384615384617,0.19230769230769232,0.15384615384615385,2.0199786324786326,14.268482905982905,16.84049145299145,7177.88,304.9807692307692,0.14981187661387316,BA,sports_leisure,2017-02-02 01:00:37,2018-08-04 10:49:08,548,1.4442335766423358,0.0005492307216441823,False,1.6757220594390962,462.62045600025766,0.0010592746369857537,Monitor (low volume)
febab0275244b9a49a623f0bd613ca2f,102,4.480392156862745,0.058823529411764705,0.049019607843137254,1.4219090413943356,6.909976622662266,8.72347494553377,7159.48,99.28794117647058,0.44326364157836984,SP,housewares,2017-02-15 20:49:15,2018-08-17 20:05:53,547,5.6761974405850095,0.0005478228065942994,True,-7.041398074508162,0.0,0.0,Invest
dbb9b48c841a0e39e21f98e1a6b2ec3e,105,4.314285714285714,0.09523809523809523,0.0380952380952381,1.890818643162393,7.658736772486772,9.957804232804232,7147.87,83.09657142857142,0.28105049803809595,SP,housewares,2017-01-11 10:24:36,2018-06-26 18:51:12,531,6.019209039548023,0.0005469344428046723,True,-3.424968606111344,0.0,0.0,Invest
cc63f0dd2acba93ffed4fe9f8e0321fa,55,4.090909090909091,0.09090909090909091,0.0,1.663181818181818,6.974431818181818,8.99861111111111,7096.71,154.48509090909093,0.21957949253923703,SP,housewares,2018-05-10 14:37:54,2018-08-24 09:17:45,105,15.944761904761906,0.0005430198268290198,True,-2.032126412724989,0.0,0.0,Invest
54065e9aef7e9e9c2dc23b7594db021a,12,4.333333333333333,0.08333333333333333,0.0,2.724247685185185,9.522222222222222,12.422395833333333,7079.0,610.1483333333333,0.06526850956409806,RJ,cool_stuff,2017-03-03 17:42:10,2017-07-17 19:40:32,136,2.6858823529411766,0.0005416647085935076,False,-0.5342821264127251,0.0,0.0,Monitor (low volume)
87e24fc7052259b1f7f607d61c10d8be,7,3.857142857142857,0.14285714285714285,0.14285714285714285,7.991765873015873,7.071230158730159,15.34126984126984,7073.59,1041.1785714285713,0.0383199197467356,SP,telephony,2018-05-15 13:18:27,2018-08-14 11:15:33,90,2.3675555555555556,0.0005412507509619932,False,0.10500209292591037,106.10596492854147,0.0002429537129712251,Monitor (low volume)
d13e50eaa47b4cbe9eb81465865d8cfc,66,4.818181818181818,0.030303030303030304,0.21212121212121213,1.2541232638888888,3.51947601010101,5.038941498316499,7073.05,119.81136363636364,0.1366214356677058,SP,food,2018-08-04 09:09:37,2018-08-28 10:00:01,24,66.0,0.0005412094317159639,True,-6.438551695269988,0.0,0.0,Coach: fulfilment
014c0679dd340a0e338872e7ec85666a,14,3.857142857142857,0.14285714285714285,0.14285714285714285,5.432837301587301,14.105505952380952,19.76344246031746,7058.0,549.0221428571429,0.10535099517152345,MG,kitchen_dining_laundry_garden_furniture,2017-01-26 00:20:22,2018-07-04 23:17:21,524,0.8132824427480916,0.0005400578490257065,False,0.21000418585182073,105.87211026729649,0.0002424182495947471,Monitor (low volume)
f1fd5ab1181f827ffad998c1a5de7d74,15,4.666666666666667,0.0,0.0,1.8799603174603177,7.441203703703704,9.457453703703703,7045.99,525.1973333333333,0.14548162671440362,PR,luggage_accessories,2017-11-16 13:58:07,2018-08-09 06:47:46,265,1.7230188679245284,0.0005391388783871689,False,-1.9178526580159063,0.0,0.0,Monitor (low volume)
dd55f1bb788714a40e7954c3be6df745,35,3.742857142857143,0.2,0.17142857142857143,3.268531746031746,14.390753968253968,18.294940476190476,7041.76,220.0337142857143,0.14442301917181102,SP,cool_stuff,2017-11-10 09:22:13,2018-07-16 19:20:36,248,4.295967741935484,0.0005388152109599404,True,2.5250104646295526,508.0147911259943,0.0011632152804178667,Coach: fulfilment
679769a98cfcc6da877c8486ff1c13f3,21,4.571428571428571,0.047619047619047616,0.0,1.3568402777777777,7.860383597883598,9.537003968253968,7029.0,355.59000000000003,0.06432668870344353,MG,health_beauty,2017-03-01 12:40:04,2018-08-27 15:03:18,544,1.1750735294117647,0.0005378388524796956,False,-1.6849937212222688,0.0,0.0,Monitor (low volume)
5b67882648febfb6e1225e6ad7164f6b,27,4.0,0.14814814814814814,0.037037037037037035,1.422996794871795,10.728369341563788,12.55864197530864,7028.38,284.32481481481483,0.18334151411444052,PR,sports_leisure,2017-07-09 18:30:33,2018-08-10 19:41:30,397,2.0702267002518893,0.0005377914118638843,False,0.5478652155713686,142.61499717842577,0.00032654943681266246,Monitor (low volume)
6fa9202c10491e472dffd59a3e82b2a3,3,4.333333333333333,0.0,0.0,0.6525462962962962,6.703009259259258,8.46412037037037,7014.24,2646.4166666666665,0.13187601222655626,SP,housewares,2018-07-30 10:04:21,2018-08-13 14:07:50,14,3.0,0.0005367094597548982,False,-0.3835705316031812,0.0,0.0,Monitor (low volume)
b8630e1121437d41cb08e3c749c2c2e2,12,4.333333333333333,0.16666666666666666,0.16666666666666666,2.8334490740740743,8.048668981481482,11.137384259259258,6988.0,611.1750000000001,0.17339779677708686,RJ,musical_instruments,2017-11-25 04:02:51,2018-08-06 09:14:27,254,1.4381102362204723,0.0005347016504663697,False,0.4657178735872749,271.20304171898977,0.0006209809787705434,Monitor (low volume)
30829ded4523ab9224b93bc49a62c95f,18,3.7777777777777777,0.2222222222222222,0.05555555555555555,3.7925154320987655,7.814930555555555,12.086574074074074,6911.71,419.42833333333334,0.12492969267491298,RS,computers_accessories,2018-01-10 10:50:11,2018-08-23 11:30:04,225,2.4352,0.0005288641592079153,False,1.6985768103809122,652.2261292265475,0.001493419902445234,Monitor (low volume)
d9bd94811c3338dceb4181f3dbc0c73e,54,4.796296296296297,0.037037037037037035,0.1111111111111111,1.3593333333333333,6.418904320987655,8.041280864197532,6911.02,142.26129629629628,0.1216900546628563,SP,baby,2018-05-01 12:25:50,2018-08-21 15:39:07,112,14.676428571428572,0.0005288113623935448,True,-4.904269568857263,0.0,0.0,Coach: fulfilment
7722b1df1b0e383e000397b2c11e3e19,127,4.267716535433071,0.10236220472440945,0.031496062992125984,1.9214065255731922,6.318099300087489,8.525716316710412,6903.36,70.3264566929134,0.36612829975899663,SP,housewares,2017-01-19 13:06:45,2018-08-27 16:57:10,585,6.608341880341881,0.0005282252412369087,True,-3.2378191712013398,0.0,0.0,Invest
d98eec89afa3380e14463da2aabaea72,164,4.390243902439025,0.06707317073170732,0.018292682926829267,2.211565500685871,5.849474932249322,8.372040142276424,6863.54,61.00926829268293,0.5088646499370592,RS,fashion_bags_accessories,2017-01-18 08:01:37,2018-08-27 10:46:53,586,8.519044368600683,0.0005251783294278688,True,-9.968522394307241,0.0,0.0,Invest
b3b17aab11f273023a5f22ca52e1eb70,7,4.857142857142857,0.0,0.14285714285714285,1.6551587301587303,14.602579365079366,16.55168650793651,6850.0,1046.4785714285715,0.061966436206335525,PR,auto,2018-01-25 13:07:28,2018-06-09 10:24:21,134,1.5901492537313433,0.0005241422875922485,False,-0.8949979070740895,0.0,0.0,Monitor (low volume)
d624126b9206f595fb3fbb6ba03b28a8,22,4.318181818181818,0.0,0.045454545454545456,2.465034722222222,8.752525252525253,11.454671717171719,6838.9,335.8109090909091,0.20511681177941954,PR,auto,2017-05-14 21:45:11,2018-08-16 19:27:59,458,1.4621834061135373,0.0005232929475349822,False,-2.8128505650899958,0.0,0.0,Monitor (low volume)
36a968b544695394e4e9d7572688598f,146,3.7465753424657535,0.21232876712328766,0.04794520547945205,3.7197771990740742,6.629019216133942,10.776626712328767,6838.71,60.88815068493151,0.76433677610519,SP,computers_accessories,2017-02-22 17:12:07,2018-08-27 16:24:47,550,8.080436363636364,0.0005232784092817497,True,12.332900795311843,577.6789862870346,0.0013227272822824677,Invest
ce27a3cc3c8cc1ea79d11e561e9bebb6,113,4.212389380530974,0.10619469026548672,0.017699115044247787,1.7182403160040776,6.791064405113078,8.861307767944936,6800.66,75.6624778761062,0.4118744654650432,SP,computers_accessories,2017-02-18 16:41:18,2018-08-25 13:07:13,552,6.2313768115942025,0.0005203669327791387,True,-2.4478233570531605,0.0,0.0,Invest
ececbfcff9804a2d6b40f589df8eef2b,97,4.11340206185567,0.13402061855670103,0.10309278350515463,1.3641959064327487,11.444766609392898,13.180777491408934,6796.05,89.21072164948454,0.29679502485585146,SP,health_beauty,2017-06-26 16:05:09,2018-08-15 16:54:26,415,7.11489156626506,0.0005200141888454453,True,0.5978861448304726,41.88932097500138,9.591511722808383e-05,Coach: fulfilment
33dd941c27854f7625b968cc6195a552,5,4.4,0.2,0.0,1.8325,9.655138888888889,11.700416666666666,6787.5,1433.682,0.05633024744193975,ES,housewares,2018-05-27 16:26:55,2018-08-03 00:45:12,67,2.271641791044776,0.0005193599674499835,False,0.36071578066136467,489.6716722478025,0.001121214542363879,Monitor (low volume)
ff1fb4c404b2efe68b03350a8dc24122,45,4.066666666666666,0.15555555555555556,0.15555555555555556,2.755652454780362,7.37179012345679,10.408858024691359,6772.89,171.09022222222222,0.16899698595072696,SP,toys,2018-01-20 23:30:17,2018-08-21 06:06:38,212,6.461320754716981,0.0005182420522935276,True,1.2464420259522815,187.6003274033766,0.0004295535706023981,Coach: fulfilment
3340ef1913fb70d28420f6ceb685c339,32,4.375,0.0625,0.09375,1.9308376736111112,14.50857204861111,16.713823784722223,6769.95,235.84875,0.15302667125153777,PR,computers_accessories,2017-01-18 20:14:17,2017-11-23 16:22:37,308,3.1625974025974024,0.0005180170919540354,True,-2.0914190037672666,0.0,0.0,Invest
40d54b51e962dbe09cabbcfd33298dee,29,4.103448275862069,0.1724137931034483,0.0,2.183230452674897,4.939487547892719,7.43536877394636,6761.16,251.6396551724138,0.14788119249822432,SP,health_beauty,2017-07-08 14:21:09,2018-08-25 14:20:27,412,2.142621359223301,0.0005173445064492273,False,1.292151527835915,301.25666289458877,0.0006897955723493285,Monitor (low volume)
54219883e72aad869adfb2a54b7bfa0f,5,3.2,0.4,0.0,8.18,8.405972222222221,17.007083333333334,6750.0,1515.91,0.12289629629629628,SP,toys,2017-11-03 12:26:01,2018-07-10 17:16:33,249,0.6112449799196787,0.0005164905753646244,False,1.3607157806613646,1836.9663038928422,0.004206151694057533,Monitor (low volume)
e3b4998c7a498169dc7bce44e6bb6277,1,5.0,0.0,0.0,3.526388888888889,15.208333333333334,18.740277777777777,6735.0,6929.31,0.02885077951002227,SP,housewares,2017-02-12 20:37:36,2017-02-12 20:37:36,0,1.0,0.0005153428185304808,False,-0.12785684386772708,0.0,0.0,Monitor (low volume)
455c5640e8c5bd1b2ee85c0158f85727,8,4.5,0.0,0.0,2.3004629629629627,12.729947916666667,14.968836805555554,6729.5,898.36125,0.08898657994038267,SC,musical_instruments,2018-02-15 13:43:21,2018-05-14 23:49:10,88,2.7672727272727276,0.0005149219743579615,False,-1.0228547509418167,0.0,0.0,Monitor (low volume)
abe021b01ba992245271b9aa422032df,2,3.5,0.5,0.0,11.062847222222222,6.528125,17.930208333333333,6720.0,3418.62,0.017827165022191248,PR,unknown,2017-02-04 18:54:15,2017-05-09 14:46:34,93,0.6546236559139785,0.0005141950616963372,False,0.7442863122645458,2500.8020092088736,0.0057261543585450485,Monitor (low volume)
31ae0774c17fabd06ff707cc5bde005f,11,4.0,0.18181818181818182,0.09090909090909091,1.3823232323232322,9.632828282828283,11.775441919191918,6719.85,688.2427272727273,0.13424741396727116,SP,agro_industry_and_commerce,2017-05-08 16:25:25,2018-08-25 10:39:56,473,0.707906976744186,0.0005141835841279958,False,0.5935747174550021,362.61209682636326,0.0008302827777078992,Monitor (low volume)
b4ffb71f0cb1b1c3d63fad021ecf93e1,141,4.2695035460992905,0.09929078014184398,0.02127659574468085,1.3509592326139088,8.367341410559495,10.104580378250592,6696.64,65.49191489361702,0.6117602738384929,SP,auto,2017-02-01 14:38:41,2018-08-18 10:55:43,562,7.637081850533808,0.0005124076217199642,True,-4.027814985349518,0.0,0.0,Invest
5d0363b33554b373851fc1622e4d5f3c,93,4.075268817204301,0.11827956989247312,0.08602150537634409,3.6404047192353644,8.58915770609319,12.488806750298686,6656.49,95.71709677419355,0.3727868043014942,SP,auto,2017-11-07 19:31:50,2018-08-21 19:44:49,287,9.863832752613241,0.0005093354592605731,True,-0.8906864796986181,0.0,0.0,Invest
58f1a6197ed863543e0136bdedb3fce2,42,4.142857142857143,0.14285714285714285,0.023809523809523808,2.9782520325203254,6.90787037037037,10.302628968253968,6634.9,183.19095238095238,0.16172300253102362,MG,watches_gifts,2018-05-10 20:49:54,2018-08-18 21:16:18,100,12.7848,0.0005076834545906291,True,0.6300125575554623,99.52548376487466,0.00022788620632419767,Invest
5670f4db5b62c43d542e1b2d56b0cf7c,21,4.380952380952381,0.09523809523809523,0.047619047619047616,1.950277777777778,6.312268518518519,8.835945767195767,6622.4400000000005,342.59285714285716,0.20926076116086212,SP,perfumery,2018-04-24 16:16:53,2018-08-17 11:51:36,114,5.607368421052632,0.0005067300512470672,False,-0.6849937212222689,0.0,0.0,Monitor (low volume)
63b464dbf392c7b80d12d932fa7cafed,36,3.861111111111111,0.16666666666666666,0.05555555555555555,5.448051697530864,7.44093364197531,13.079629629629629,6622.0,207.85666666666668,0.12817841885269063,SP,furniture_decor,2017-02-01 15:47:22,2018-01-28 22:03:43,361,3.0355678670360113,0.0005066963837132656,True,1.3971536207618247,256.9986465745779,0.0005884567889837633,Invest
aac29b1b99776be73c3049939652091d,92,4.173913043478261,0.09782608695652174,0.09782608695652174,2.8564407814407815,11.899448973429951,14.995078502415458,6608.52,99.42652173913044,0.5249813368558552,MG,cool_stuff,2017-01-25 12:48:49,2018-08-08 17:52:59,560,5.000857142857143,0.000505664932904982,True,-2.762829635830891,0.0,0.0,Invest
1127b7f2594683f2510f1c2c834a486b,109,4.2110091743119265,0.13761467889908258,0.027522935779816515,2.0876274209989805,6.861569826707441,9.403969164118246,6600.5,76.68678899082569,0.47357280274448826,SP,garden_tools,2017-02-24 21:36:00,2018-08-22 20:38:11,543,6.110423572744015,0.0005050512655843264,True,1.0636040184177489,64.40659012446194,0.0001474735206554326,Invest
83e197e95a1bbabc8c75e883ed016c47,46,4.804347826086956,0.021739130434782608,0.021739130434782608,1.6231582125603865,8.46147342995169,10.443176328502416,6574.1900000000005,163.81565217391307,0.14592512185584575,RJ,books_general_interest,2017-01-27 05:27:14,2018-02-27 19:17:20,396,3.535959595959596,0.0005030381000972386,True,-4.881414817915446,0.0,0.0,Invest
33c51922b6e3c16b24a8f28e5833c99d,17,4.235294117647059,0.11764705882352941,0.058823529411764705,6.2814950980392155,7.991503267973856,14.686478758169935,6562.59,405.0635294117647,0.07620744679871835,PR,perfumery,2017-12-02 08:50:05,2018-07-30 19:08:55,240,2.156166666666667,0.0005021505014788342,False,-0.17356634575136043,0.0,0.0,Monitor (low volume)
ee27a8f15b1dded4d213a468ba4eb391,1,5.0,0.0,0.0,0.3576388888888889,10.24236111111111,11.95486111111111,6499.0,6726.66,0.03503000461609478,GO,art,2017-05-24 18:14:34,2017-05-24 18:14:34,0,1.0,0.000497284777673288,False,-0.12785684386772708,0.0,0.0,Monitor (low volume)
e5e33c0d8e7e002f398f5dc4cbbb338f,26,4.576923076923077,0.038461538461538464,0.11538461538461539,1.6011217948717946,10.098824786324787,12.06519764957265,6494.900000000001,278.4942307692308,0.203805840265117,SP,auto,2017-03-04 17:36:19,2018-08-08 18:04:56,522,1.5161685823754791,0.0004969710574719555,False,-2.324277940560904,0.0,0.0,Monitor (low volume)
4c03b9dd4c11ee2cb35c96c49efc9420,47,4.1063829787234045,0.14893617021276595,0.02127659574468085,1.8375,8.38144208037825,10.52994976359338,6478.1,155.90234042553192,0.1383244402835652,SP,toys,2017-05-04 08:41:54,2017-10-06 19:35:38,155,9.230193548387097,0.0004956855698177147,True,0.9907283382168268,136.5539839957963,0.0003126713701264109,Invest
ea67327e24487bdfac5fbfa37ea124df,32,3.53125,0.25,0.03125,1.5347685185185185,6.946440972222222,8.721657986111111,6419.08,231.5078125,0.1752244706876554,SP,bed_bath_table,2018-01-07 23:08:30,2018-08-22 16:41:47,226,4.310088495575221,0.0004911695292609708,True,3.9085809962327334,784.0466906655504,0.001795253026239224,Invest
57e632711dec9ec14ca7546769483e7e,61,4.409836065573771,0.04918032786885246,0.0,1.2483333333333335,9.370321038251365,10.946687158469945,6417.06,124.91934426229508,0.24589730170147703,SC,health_beauty,2017-02-05 23:17:55,2018-08-08 12:17:57,548,3.3883941605839416,0.0004910149646739729,True,-4.7992674759313525,0.0,0.0,Invest
11305281b50fff20ae8bb473f8e11876,33,4.303030303030303,0.09090909090909091,0.12121212121212122,1.7529882154882155,11.642781986531986,13.851578282828283,6413.72,236.13090909090909,0.22798728059047924,MG,home_confort,2017-02-06 20:11:26,2018-08-14 20:59:19,554,1.8132129963898918,0.0004907593974855703,True,-1.2192758476349936,0.0,0.0,Coach: fulfilment
376a891762bbdecbc02b4b6adec3fdda,57,4.666666666666667,0.017543859649122806,0.03508771929824561,1.1579312865497076,10.533759746588693,12.221320662768031,6406.23,134.97596491228072,0.2581604901531605,GO,sports_leisure,2017-05-20 00:26:11,2018-05-02 22:17:41,347,5.000230547550433,0.0004901862842397212,True,-6.287840100460444,0.0,0.0,Invest
34056b8b55c1775a22af2331670a799c,77,4.038961038961039,0.14285714285714285,0.11688311688311688,1.4028679653679652,10.990214646464647,12.927588383838383,6398.7,105.84688311688312,0.3115819969749017,SP,auto,2017-11-16 13:18:14,2018-08-23 17:19:01,280,8.371,0.000489610110308981,True,1.155023022185014,95.98241314357465,0.0002197735411847418,Coach: fulfilment
516e7738bd8f735ac19a010ee5450d8d,72,4.694444444444445,0.013888888888888888,0.05555555555555555,1.3146662520729686,7.352584876543209,8.918624614197531,6394.39,108.54777777777777,0.3013034973509871,RJ,health_beauty,2018-05-11 18:34:36,2018-08-24 19:51:08,105,20.87314285714286,0.0004892803215119705,True,-8.20569275847635,0.0,0.0,Invest
dbdd0ec73a4817971d962698f2fea022,16,4.375,0.125,0.0625,0.8744444444444445,11.110980902777778,12.651432291666666,6384.0,510.92499999999995,0.2805137844611529,CE,health_beauty,2018-04-30 11:04:32,2018-08-19 21:21:03,111,4.387747747747748,0.0004884853086115203,False,-0.04570950188363332,0.0,0.0,Monitor (low volume)
282f23a9769b2690c5dda22e316f9941,97,4.381443298969073,0.041237113402061855,0.05154639175257732,3.0321783625730996,7.825429553264605,11.273138602520048,6367.4,84.63845360824743,0.3962321438129457,MG,food_drink,2017-07-14 12:12:53,2018-08-23 19:14:36,405,7.290567901234568,0.0004872151243817347,True,-8.402113855169528,0.0,0.0,Invest
4b5f66b7adcf57f1ecc0d3c07dd6b177,22,4.090909090909091,0.13636363636363635,0.045454545454545456,4.5956123737373735,9.39542297979798,14.553345959595958,6345.59,323.0468181818182,0.12488057751187687,PR,computers_accessories,2017-03-21 16:03:34,2018-07-25 16:11:44,491,1.3639103869653768,0.00048554628594488995,False,0.18714943491000396,53.98061739411691,0.00012360088740733983,Monitor (low volume)
92eb0f42c21942b6552362b9b114707d,327,4.045871559633028,0.13761467889908258,0.07951070336391437,5.094065269256987,8.081430513081889,13.701569401970778,6296.04,33.77492354740061,0.898671243606065,SP,telephony,2017-02-05 18:47:13,2018-08-22 15:57:59,562,17.71153024911032,0.0004817548625361022,True,3.1908120552532466,61.435719670815445,0.00014067103779826222,Invest
6b243f80ed07b10f0e8aa0f21a205f3c,78,4.256410256410256,0.10256410256410256,0.038461538461538464,1.4397962962962962,9.411191239316238,11.223254985754986,6295.87,100.56397435897436,0.29841183603452565,PR,sports_leisure,2017-07-18 12:35:54,2018-08-23 03:31:57,400,5.9358,0.0004817418546253152,True,-1.9728338216827126,0.0,0.0,Invest
670c26e0f1bf8d0576271d5cfaec6d2b,77,4.311688311688312,0.07792207792207792,0.05194805194805195,1.4236201298701299,12.630266955266956,14.281592712842714,6289.1,103.7635064935065,0.3006212299410302,PR,sports_leisure,2017-11-04 18:20:58,2018-08-01 10:17:18,269,8.713308550185875,0.00048122383370750513,True,-3.8449769778149854,0.0,0.0,Invest
3bb548e3cb7f70f28e3f11ee9dce0e59,42,4.357142857142857,0.09523809523809523,0.0,2.913985339506173,8.241369047619047,11.273578042328042,6285.62,168.15880952380954,0.16010249577354052,PR,computers_accessories,2017-03-05 14:10:40,2018-08-09 12:13:17,521,2.453896353166987,0.00048095755412198377,True,-1.3699874424445377,0.0,0.0,Invest
86bb7c4b535e49a541baf3266b1c95b1,12,2.9166666666666665,0.5,0.16666666666666666,3.4812499999999997,17.947511574074074,22.022627314814812,6274.799999999999,542.3266666666667,0.04126884324522976,SP,toys,2017-09-14 22:19:06,2018-02-05 12:56:57,143,2.5544055944055946,0.0004801296388589548,False,4.465717873587275,2335.1238760987862,0.00534679663229144,Monitor (low volume)
751bdc4d83a466c7206cd42e8f426b03,47,4.0212765957446805,0.19148936170212766,0.0,2.3414302600472814,7.685047281323878,10.376994680851064,6255.09,153.8872340425532,0.30000156526752264,SP,sports_leisure,2017-06-13 21:56:02,2018-07-26 12:43:57,407,3.515184275184275,0.00047862148637889016,True,2.9907283382168273,398.02712598078074,0.000911373532915154,Invest
02f623a8eb246f3c5f7c2f96462654e6,43,4.558139534883721,0.046511627906976744,0.09302325581395349,0.814329268292683,7.341472868217054,8.47564599483204,6249.0,164.06813953488373,0.13746150917310104,SP,sports_leisure,2018-04-25 15:13:02,2018-08-22 23:52:12,119,10.999327731092437,0.00047815549710422786,True,-3.4978442863122647,0.0,0.0,Invest
2528744c5ef5d955adc318720a94d2e7,5,2.4,0.6,0.0,2.8443055555555556,6.283055555555555,10.070555555555554,6245.0,1301.74,0.044934301055277404,SP,agro_industry_and_commerce,2017-10-28 12:57:36,2018-06-27 13:33:58,242,0.6289256198347107,0.0004778494286151229,False,2.3607157806613643,2948.534010046044,0.006751338494919326,Monitor (low volume)
eb3071b9f0b0ddaa2df5ea130f09f26b,9,4.555555555555555,0.0,0.1111111111111111,1.3305555555555555,7.354243827160494,9.653935185185185,6230.0,756.8244444444445,0.09871890317885602,SP,furniture_bedroom,2017-02-15 11:20:36,2018-05-16 10:05:44,454,0.6034361233480177,0.00047670167178097926,False,-1.1507115948095437,0.0,0.0,Monitor (low volume)
dee656f0f566ed1aa85bd137c943f08f,90,4.4,0.06666666666666667,0.05555555555555555,1.3995344065656565,10.95111111111111,12.716041666666666,6192.18,87.254,0.3504088884471766,SP,sports_leisure,2017-10-15 03:18:50,2018-08-22 10:16:30,311,8.809003215434084,0.0004738077942164919,True,-5.5071159480954375,0.0,0.0,Invest
0691148aee60ca47977c187804f935ae,47,4.191489361702128,0.14893617021276595,0.02127659574468085,2.235854468599034,9.386628250591016,11.94001182033097,6178.21,166.8372340425532,0.38177083499507364,PR,sports_leisure,2017-11-24 15:13:24,2018-08-27 08:56:49,275,5.202472727272728,0.0004727388500182928,True,0.9907283382168268,130.23250481818258,0.0002981969073692429,Invest
989becdce12ebc39863c2bceab6f3ca1,14,4.928571428571429,0.0,0.14285714285714285,2.4187499999999997,10.706547619047617,13.438789682539682,6164.9,496.9271428571428,0.21579421088939169,PR,sports_leisure,2017-11-13 12:16:11,2018-07-26 19:28:07,255,1.67121568627451,0.00047172040712079597,False,-1.789995814148179,0.0,0.0,Monitor (low volume)
fa1a9dec3a9940c072684a46728bf1fc,49,4.183673469387755,0.12244897959183673,0.0,4.41359126984127,9.702777777777778,14.464554988662131,6148.6,148.52938775510205,0.23125832677205918,SC,pet_shop,2017-01-23 13:57:21,2018-08-22 20:55:15,576,2.589513888888889,0.00047047317802769334,True,-0.2649853495186272,0.0,0.0,Invest
bd4889b5e9133b35b66e42a8665cea5c,35,4.4,0.08571428571428572,0.0,1.8546160130718956,8.01547619047619,10.536626984126984,6119.0,202.2817142857143,0.19527779862792713,SP,furniture_decor,2017-04-08 19:30:11,2018-07-19 18:52:21,466,2.286266094420601,0.00046820827120831656,True,-1.4749895353704479,0.0,0.0,Invest
7dc8c42cc750eeafea6c85712ffee9bf,39,4.282051282051282,0.10256410256410256,0.05128205128205128,2.9780519005847954,5.911734330484331,9.354113247863248,6111.68,182.55153846153846,0.25237263641351415,SP,housewares,2017-02-09 18:39:50,2018-08-28 22:30:32,565,2.1011681415929204,0.0004676481658732545,True,-0.9864169108413563,0.0,0.0,Invest
f12ff17ad8bbf01ec5c33b17e506649b,28,3.857142857142857,0.14285714285714285,0.10714285714285714,2.2889632936507938,11.2953125,13.791220238095239,6101.0,240.31714285714287,0.13978754493516213,SP,auto,2018-01-03 12:03:50,2018-05-22 11:20:15,138,6.176231884057971,0.0004668309630073442,False,0.42000837170364147,91.51682413442559,0.00020954856060889087,Monitor (low volume)
d6b664fa0667064c6d76394e7848d790,6,4.833333333333333,0.0,0.16666666666666666,3.9533564814814817,13.073842592592593,17.54537037037037,6080.0,1067.39,0.05139830458687062,SP,garden_tools,2017-05-04 01:04:02,2018-05-16 12:19:35,377,0.4844562334217507,0.0004652241034395432,False,-0.7671410632063624,0.0,0.0,Monitor (low volume)
609e1a9a6c2539919b8205cf7c4e6ff0,78,3.9358974358974357,0.16666666666666666,0.01282051282051282,2.0169615677321158,7.714280626780626,10.027252492877492,6043.53,108.22205128205128,0.4844857038760301,SC,bed_bath_table,2018-02-12 14:39:15,2018-08-24 00:35:51,192,12.36625,0.0004624335239901287,True,3.027166178317287,234.5483283800753,0.0005370516849784119,Invest
ba143b05f0110f0dc71ad71b4466ce92,83,4.457831325301205,0.08433734939759036,0.1566265060240964,2.5244022503516175,7.179769076305221,10.241557898259705,6033.7,88.68855421686746,0.23669292240779924,SP,books_technical,2018-04-24 13:18:10,2018-08-18 21:58:12,116,21.78034482758621,0.0004616813606781532,True,-3.6121180410213483,0.0,0.0,Coach: fulfilment
2c9e548be18521d1c43cde1c582c6de8,122,4.131147540983607,0.13114754098360656,0.1557377049180328,1.6118916437098256,11.489133652094717,13.526115664845173,5992.85,69.15450819672131,0.5772880416734298,SP,stationery,2017-10-06 17:00:22,2018-08-27 16:17:16,324,11.461975308641975,0.0004585556362331688,True,0.4014650481372968,19.720654210898353,4.5154918161161665e-05,Coach: fulfilment
9baf5cb77970f539089d09a38bcec5c3,31,4.419354838709677,0.06451612903225806,0.0,8.148543906810037,6.723835125448029,15.171527777777778,5989.68,210.3658064516129,0.13657952861794728,SP,housewares,2017-01-21 09:44:46,2018-08-05 19:32:36,561,1.6820677361853835,0.00045831307695555316,True,-1.9635621598995396,0.0,0.0,Invest
f4c4daa86e30c7e5a553a8d518ac03a5,18,4.0,0.16666666666666666,0.05555555555555555,8.526350308641975,7.969560185185186,16.640663580246912,5984.3099999999995,351.3611111111111,0.06788787324257446,PR,watches_gifts,2017-03-21 14:37:07,2017-11-13 21:54:11,237,2.3118987341772153,0.0004579021800089297,False,0.6985768103809123,232.25001067392208,0.0005317891644342229,Monitor (low volume)
6f892e20a171e98efe17fdb971ff319b,40,4.15,0.1,0.075,4.830121527777778,11.79861111111111,17.138194444444444,5978.1,170.5335,0.17555956108103074,SP,telephony,2017-07-27 16:40:14,2017-12-04 08:36:15,129,9.438759689922481,0.0004574270086795943,True,-1.114273754709083,0.0,0.0,Invest
bba74270a87732727b5a3b4fd9ac1c39,35,4.057142857142857,0.14285714285714285,0.0,2.0092063492063494,7.406904761904762,9.715595238095238,5964.6,191.66685714285714,0.23682745303887742,MG,sports_leisure,2017-10-02 09:21:04,2018-05-31 13:18:45,241,4.420746887966805,0.00045639402752886503,True,0.5250104646295518,89.47078335226928,0.00020486368539711366,Invest
ad781527c93d00d89a11eecd9dcad7c1,36,3.2777777777777777,0.3611111111111111,0.3333333333333333,11.696219135802469,14.495524691358023,26.689621913580247,5944.63,225.14222222222222,0.3662660382624859,SP,baby,2017-07-17 20:24:19,2018-05-16 09:44:37,302,3.6286092715231786,0.0004548659805970085,True,8.397153620761825,1386.6103146830383,0.0031749593401588774,Remove
dfc5fb7259bb2b599ca565e6e9448f0f,31,4.193548387096774,0.06451612903225806,0.03225806451612903,3.623521505376344,9.27320788530466,13.378270609318996,5939.74,212.96322580645162,0.10779073261660782,SP,garden_tools,2017-07-27 19:34:53,2018-08-06 22:05:30,375,2.5163733333333336,0.00045449181186907767,True,-1.9635621598995396,0.0,0.0,Invest
26d8a1c7c75d513045798992ead43aa2,34,4.411764705882353,0.08823529411764706,0.08823529411764706,2.922732843137255,9.58327205882353,12.723243464052288,5937.13,193.83705882352942,0.12442231341352442,PR,perfumery,2017-08-17 02:43:54,2018-08-11 20:30:25,359,2.882896935933148,0.0004542921021799367,True,-1.3471326915027206,0.0,0.0,Invest
bacb1f0ed56ad24198f5810d2b3fe9a5,37,4.324324324324325,0.08108108108108109,0.02702702702702703,1.5362424924924925,8.17759009009009,9.877027027027026,5924.14,181.00324324324325,0.13475794849554187,SP,toys,2017-04-30 21:10:28,2018-01-17 22:58:43,262,4.298778625954198,0.00045329814476156833,True,-1.7307032231059019,0.0,0.0,Invest
e2aee0892199b1d92530e371abd825bf,36,3.888888888888889,0.2222222222222222,0.1388888888888889,2.9241319444444445,12.119888117283951,15.507291666666667,5849.66,238.48055555555553,0.5614529482096002,PR,sports_leisure,2017-01-12 00:06:12,2018-07-31 20:54:24,565,1.9395398230088499,0.0004475991494944339,True,3.3971536207618245,552.0053791451559,0.0012639417259314677,Coach: fulfilment
8a32e327fe2c1b3511609d81aaf9f042,122,3.9836065573770494,0.14754098360655737,0.03278688524590164,1.8589822404371583,6.459096083788706,8.687596766848817,5841.18,65.47032786885246,0.4210145593011828,SP,furniture_decor,2017-01-19 08:57:04,2018-02-23 11:16:55,400,9.2842,0.0004469502842975314,True,2.4014650481372954,114.97860335966071,0.0002632696344384428,Invest
1da366cade6d8276e7d8beea7af5d4bf,41,3.975609756097561,0.17073170731707318,0.12195121951219512,7.048966802168022,10.507881944444446,17.703912601626016,5817.69,180.40097560975607,0.39912273258644,MG,furniture_decor,2017-02-04 17:33:35,2017-12-21 17:43:41,320,3.900125,0.0004451528970952625,True,1.7578694014231901,249.43266434062627,0.000571132753739837,Coach: fulfilment
6a8b085f816a1f75f92dbac6eb545f8f,123,4.195121951219512,0.0975609756097561,0.08943089430894309,2.0026041666666665,12.109293134598012,14.418281391147245,5812.37,64.18691056910569,0.5241468833808818,SP,auto,2017-07-29 17:28:18,2018-08-23 12:04:18,389,9.624987146529564,0.0004447458260047529,True,-3.726391795730431,0.0,0.0,Invest
2fdde51ad3e12f297da656d4fbd5d0b5,9,4.777777777777778,0.0,0.0,2.276543209876543,12.654243827160492,15.26689814814815,5803.0,706.1022222222223,0.10489850594466886,SC,garden_tools,2017-04-17 19:55:27,2017-10-16 17:03:04,181,1.5135911602209946,0.00044402886056902453,False,-1.1507115948095437,0.0,0.0,Monitor (low volume)
f84a00e60c73a49e7e851c9bdca3a5bb,87,3.8850574712643677,0.19540229885057472,0.11494252873563218,2.051221264367816,9.499720625798211,11.850925925925926,5793.24,88.78459770114942,0.6225797254936841,RJ,health_beauty,2017-02-20 11:45:39,2018-07-25 11:32:31,519,5.102658959537572,0.0004432820534556084,True,5.876454583507745,391.3070316248323,0.0008959863501456066,Coach: fulfilment
37515688008a7a40ac93e3b2e4ab203f,219,4.127853881278539,0.1004566210045662,0.1050228310502283,4.632575469304921,10.306104134956874,15.47240296803653,5763.9,41.41625570776256,0.6097951550450219,SP,consoles_games,2017-07-10 22:08:53,2018-07-16 08:50:17,370,18.01718918918919,0.00044103704108802347,True,-6.000648807032232,0.0,0.0,Coach: fulfilment
f46490624488d3ff7ce78613913a7711,80,3.7625,0.2375,0.125,3.0543055555555556,6.680364583333334,10.25228298611111,5690.95,92.30449999999999,0.41437138458412326,SP,health_beauty,2018-05-23 13:50:08,2018-08-21 16:39:32,90,27.05777777777778,0.00043545511701797177,True,8.771452490581833,623.9737193909585,0.0014287295914475083,Coach: fulfilment
a63bfbaa882c8f4542891b4e2246cc7f,6,5.0,0.0,0.16666666666666666,1.5702546296296296,9.834027777777777,11.690162037037036,5682.0,987.665,0.04147656443078429,RJ,health_beauty,2018-06-11 23:01:49,2018-08-23 18:19:17,72,2.5366666666666666,0.0004347702887735994,False,-0.7671410632063624,0.0,0.0,Monitor (low volume)
080102cd0a76b09e0dcf55fcacc60e05,122,4.516393442622951,0.040983606557377046,0.040983606557377046,1.1468808851224106,8.33833674863388,9.905572632058288,5667.55,64.4395081967213,0.5607610348953537,MG,computers_accessories,2017-07-23 11:22:00,2018-08-26 16:26:52,399,9.307468671679198,0.00043366461635670775,True,-10.598534951862705,0.0,0.0,Invest
52ac6f920b7280e4c6d30dd94de6259b,6,3.6666666666666665,0.16666666666666666,0.0,3.188425925925926,8.658217592592592,12.983912037037037,5657.3,1063.9816666666666,0.14912138171233855,PR,office_furniture,2017-02-28 11:27:39,2018-05-23 08:20:07,448,0.40767857142857145,0.0004328803158533763,False,0.23285893679363745,219.55881052044086,0.0005027297783627068,Monitor (low volume)
9616352088dcf83a7c06637f4ebf1c80,91,4.329670329670329,0.07692307692307693,0.0,3.2357677045177042,8.742941086691086,12.439232295482295,5643.099999999999,81.42637362637363,0.3135776072735107,PR,sports_leisure,2017-02-27 18:30:11,2018-08-22 11:44:50,540,5.129703703703703,0.0004317937727170536,True,-4.634972791963164,0.0,0.0,Invest
e8b4225284fbb02d16f200513f1f395d,30,4.3,0.03333333333333333,0.1,1.2120689655172414,8.730949074074074,10.222291666666667,5638.62,230.42000000000002,0.23543231593204098,SP,baby,2018-04-05 20:32:06,2018-08-19 11:55:56,135,6.764444444444444,0.0004314509760092561,True,-2.8357053160318126,0.0,0.0,Invest
d63c73efd41eb002280e7ec831424edb,2,4.0,0.0,0.0,0.6708333333333333,5.6149305555555555,6.289930555555555,5598.0,2883.295,0.030731324353135785,SP,health_beauty,2017-11-20 11:46:07,2018-05-29 14:21:11,190,0.32042105263157894,0.0004283428505023952,False,-0.25571368773545416,0.0,0.0,Monitor (low volume)
8e6cc767478edae941d9bd9eb778d77a,97,4.061855670103093,0.15463917525773196,0.07216494845360824,5.786461912943872,10.436741122565865,16.504846792668957,5584.45,78.50288659793814,0.6402565285764196,MG,housewares,2017-01-29 19:08:00,2018-06-13 11:37:39,499,5.917194388777555,0.0004273060434955521,True,2.5978861448304738,149.56459053091277,0.00034246210967477683,Invest
05d2173d43ea568aa0540eba70d2ca76,60,4.183333333333334,0.11666666666666667,0.05,1.9091319444444443,11.883611111111112,14.459895833333333,5554.679999999999,120.06583333333333,0.47736036254453257,MG,auto,2017-09-27 12:01:09,2018-08-12 20:44:16,319,5.725391849529781,0.0004250281287653884,True,-0.6714106320636248,0.0,0.0,Invest
f181738b150df1f37cb0bd72e705b193,36,4.472222222222222,0.05555555555555555,0.1111111111111111,1.163503086419753,7.725578703703704,9.318981481481481,5549.6,184.93916666666667,0.3224636752188023,SP,cool_stuff,2017-05-15 19:45:02,2018-08-22 16:51:32,463,2.3668250539956803,0.00042463942178422515,True,-2.602846379238175,0.0,0.0,Coach: fulfilment
04aa0a1c5ce6b222003403a3e11c3cc0,11,4.090909090909091,0.18181818181818182,0.18181818181818182,3.8476641414141413,13.19513888888889,17.522790404040403,5518.0,576.319090909091,0.20240542962688043,SP,auto,2017-03-22 17:10:13,2018-01-24 11:40:28,307,1.090684039087948,0.00042222148072029595,False,0.5935747174550021,297.7586628106092,0.0006817861064446659,Monitor (low volume)
23c38debaffe4a25a30fdbd9b586a13f,41,4.317073170731708,0.024390243902439025,0.14634146341463414,2.4836551490514904,8.530657181571817,11.482181571815719,5479.0599999999995,154.57756097560977,0.18839599224796746,SP,garden_tools,2018-04-02 12:30:02,2018-08-07 08:19:25,126,9.905079365079365,0.0004192419039788591,True,-4.242130598576811,0.0,0.0,Coach: fulfilment
688756f717c462a206ad854c5027a64a,75,3.96,0.16,0.09333333333333334,4.2470185185185185,6.228074074074074,10.902222222222221,5475.51,96.06240000000001,0.38429735238909446,SP,housewares,2018-04-10 16:07:47,2018-08-18 20:06:13,130,17.56153846153846,0.0004189702681947785,True,2.410736709920469,176.0001728338217,0.000402992381270474,Invest
ff4ea69c2a729e83e63c7579e4ef8170,7,5.0,0.0,0.0,1.59375,8.836904761904762,10.662698412698413,5469.0,801.1942857142857,0.025897755458366555,SP,small_appliances,2017-02-28 19:07:02,2017-05-22 18:54:48,82,2.5985365853658537,0.00041847214172876016,False,-0.8949979070740895,0.0,0.0,Monitor (low volume)
91f848e9f4be368f4318775aac733370,58,4.396551724137931,0.05172413793103448,0.034482758620689655,1.2872725095785442,8.220965038314176,9.99187021072797,5448.63,113.81155172413793,0.22459605149860687,SP,housewares,2017-02-22 09:19:58,2017-07-28 06:22:12,155,11.390451612903226,0.00041691348794799314,True,-4.415696944328171,0.0,0.0,Invest
b6d44737c043328708f6749c2dbe50bd,60,4.516666666666667,0.08333333333333333,0.06666666666666667,1.5285193032015065,6.423472222222222,8.316238425925926,5440.24,117.27816666666666,0.32151578887360055,SP,housewares,2017-03-15 12:56:04,2018-08-07 17:47:15,510,3.5811764705882356,0.00041627150929209543,True,-2.6714106320636253,0.0,0.0,Invest
cc3d14116804f7209f3884f6367f1152,26,4.615384615384615,0.038461538461538464,0.038461538461538464,2.839930555555555,9.930742521367522,13.003525641025643,5437.8,231.36653846153845,0.11699930586195902,PR,small_appliances,2017-05-03 21:07:12,2018-08-21 16:40:15,474,1.669704641350211,0.00041608480751374147,False,-2.324277940560904,0.0,0.0,Monitor (low volume)
2a261b5b644fa05f4f2700eb93544f2c,49,3.9183673469387754,0.1836734693877551,0.20408163265306123,1.8675679669030731,12.135714285714286,14.34621598639456,5418.0,151.1826530612245,0.37866993877554145,SP,furniture_decor,2017-10-16 12:29:49,2018-08-01 16:43:40,289,5.1611072664359865,0.0004145697684926719,True,2.7350146504813733,302.4144770675118,0.0006924466509426178,Coach: fulfilment
3f0e48d209018b466fcd3bb4ccfeb520,9,3.888888888888889,0.2222222222222222,0.0,1.3189814814814815,8.015895061728395,9.594367283950618,5399.0,628.3111111111111,0.04645425686422684,PR,pet_shop,2017-08-02 14:10:38,2018-01-21 16:56:40,172,1.5927906976744186,0.0004131159431694233,False,0.8492884051904561,509.4786777359192,0.001166567181392422,Monitor (low volume)
0bf0150d5b9d60d9cd2906003332f085,38,3.789473684210526,0.21052631578947367,0.18421052631578946,5.197428678678679,7.766228070175439,13.317543859649122,5396.6,169.21657894736845,0.21120410952435834,SP,furniture_decor,2017-02-16 23:15:22,2018-07-14 14:08:11,512,2.25921875,0.00041293230207596035,True,3.1414399330263705,446.1340721728977,0.0010215253156632118,Coach: fulfilment
83deb69e889cf80f82be1dc6d5f2d486,40,4.325,0.15,0.05,4.600034722222222,10.829375,15.94546875,5363.01,156.91625000000002,0.2018634104907407,SC,musical_instruments,2017-07-17 22:19:33,2018-08-12 18:45:22,390,3.1220512820512822,0.00041036209193870144,True,0.8857262452909165,118.75396776894095,0.0002719141889804215,Invest
02ecc2a19303f05e59ce133fd923fff7,21,4.619047619047619,0.047619047619047616,0.0,3.208531746031746,7.189682539682539,11.091369047619047,5361.1900000000005,278.6819047619048,0.10249544796107424,SP,home_construction,2017-06-18 18:04:34,2018-08-21 20:13:02,429,1.49006993006993,0.00041022283077615866,False,-1.6849937212222688,0.0,0.0,Monitor (low volume)
916c9de0b5ad957346eeeb12f332687e,22,4.545454545454546,0.045454545454545456,0.0,1.228888888888889,7.17354797979798,8.834911616161616,5336.5,264.285,0.09559628513288848,PR,health_beauty,2017-06-23 12:52:21,2018-07-25 10:31:43,396,1.6911111111111112,0.0004083336230271583,False,-1.8128505650899958,0.0,0.0,Monitor (low volume)
a4b6b9b992b46e9ef863637af96e04bc,6,3.6666666666666665,0.16666666666666666,0.16666666666666666,1.5997222222222223,15.559837962962964,18.31087962962963,5293.0,917.14,0.07800922371787915,SC,garden_tools,2017-02-18 12:45:31,2017-07-01 13:23:05,133,1.373233082706767,0.0004050051282081418,False,0.23285893679363745,205.42039207478717,0.00047035665721701286,Monitor (low volume)
02d35243ea2e497335cd0f076b45675d,12,2.6666666666666665,0.4166666666666667,0.4166666666666667,11.134606481481482,17.236458333333335,28.906944444444445,5286.0,482.1158333333333,0.11512375212128086,RN,furniture_decor,2017-04-29 22:33:10,2018-03-19 12:08:34,323,1.1308978328173376,0.0004044695083522081,False,3.4657178735872756,1526.648723315195,0.0034956090921184142,Monitor (low volume)
e06f09ec0a4aca210779cf1cfc63cf19,29,3.9310344827586206,0.1724137931034483,0.06896551724137931,5.998587164750957,8.473395593869732,14.870785440613027,5279.49,203.49689655172412,0.30609121234621434,SP,housewares,2017-06-27 23:17:52,2017-12-19 23:35:40,175,5.0443428571428575,0.00040397138188618976,False,1.292151527835915,235.23796792049777,0.0005386307713857617,Monitor (low volume)
94e93ce877be27a515118dbfd2c2be41,28,4.035714285714286,0.14285714285714285,0.0,2.8975942460317463,10.326016865079366,13.555729166666667,5258.68,217.63000000000002,0.23668364001872141,SP,housewares,2017-04-16 19:32:11,2017-09-13 09:21:17,149,5.720268456375839,0.00040237906057162125,False,0.42000837170364147,78.8817722896609,0.00018061773884654357,Monitor (low volume)
e9c6969d40e6a3d2d0f90013165c2b98,10,4.4,0.1,0.0,1.5070987654320989,7.050555555555556,9.087361111111111,5239.98,548.198,0.06228079205193419,SP,pet_shop,2017-11-06 08:57:51,2018-06-03 13:31:36,209,1.4564593301435407,0.00040094819038505547,False,-0.27856843867727077,0.0,0.0,Monitor (low volume)
5bffbafbb22daf6d3bfc216a46db8708,21,4.761904761904762,0.0,0.0,1.4401455026455026,6.800925925925926,8.65380291005291,5239.7,271.15238095238095,0.24971374129019408,RJ,computers_accessories,2017-02-25 14:34:40,2017-06-25 23:06:20,120,5.327,0.00040092676559081813,False,-2.6849937212222685,0.0,0.0,Monitor (low volume)
4d0041cdbe51b4617d95c70b19decc74,8,4.5,0.0,0.0,1.4892361111111112,5.623611111111111,7.155815972222222,5235.200000000001,683.18625,0.08570955969333667,MG,auto,2018-05-10 21:50:13,2018-07-31 09:52:59,81,3.0064197530864196,0.00040058243854057513,False,-1.0228547509418167,0.0,0.0,Monitor (low volume)
3ade81dab5a172b88e1871c28ae05260,27,4.185185185185185,0.14814814814814814,0.14814814814814814,3.44320987654321,10.57826646090535,14.345679012345679,5227.5,245.86777777777777,0.27604616195471604,SP,furniture_bedroom,2017-10-06 09:42:10,2018-08-25 12:54:41,323,2.5445201238390096,0.00039999325669904805,False,0.5478652155713686,106.07279312590109,0.00024287775859276148,Monitor (low volume)
e62b2d6ac10570a035a30bafcf01d263,58,3.9482758620689653,0.15517241379310345,0.1206896551724138,5.0843750000000005,8.0044061302682,13.359351053639847,5216.98,106.70413793103448,0.2287401654186784,SP,tablets_printing_image,2017-09-16 20:43:05,2018-08-20 13:42:28,337,5.23893175074184,0.00039918829657270197,True,1.5843030556718296,142.50478198929002,0.00032629707409729213,Coach: fulfilment
fad44952713764836814be105382aee5,32,4.28125,0.0625,0.03125,2.0296527777777778,8.298046875,10.794184027777778,5207.0,179.4909375,0.10617426416445312,RJ,health_beauty,2018-01-04 19:21:49,2018-08-14 08:38:20,221,4.407601809954752,0.0003984246556923851,True,-2.0914190037672666,0.0,0.0,Invest
3be634553519fb6536a03e1358e9fdc7,79,4.075949367088608,0.13924050632911392,0.08860759493670886,2.393846694796062,7.547169479606189,10.18259493670886,5203.42,88.21822784810126,0.4025747337130567,SP,housewares,2017-07-09 11:27:14,2018-08-27 21:36:16,414,5.808599033816425,0.0003981507243946362,True,0.89930933444956,59.233976924829484,0.00013562964756628988,Invest
822bad9bc42b51213ba522fe87b7ab5d,18,4.111111111111111,0.1111111111111111,0.2777777777777778,5.191859567901235,20.970061728395063,26.656288580246912,5188.99,320.81888888888886,0.12642098546685598,SC,telephony,2017-08-10 22:52:11,2018-06-09 10:48:27,302,1.8143046357615893,0.00039704658232018997,False,-0.3014231896190876,0.0,0.0,Monitor (low volume)
b14db04aa7881970e83ffa9426897925,72,3.8333333333333335,0.16666666666666666,0.125,4.780246913580247,11.261313657407406,16.4388599537037,5188.46,99.62791666666666,0.37609816383433825,SP,furniture_decor,2017-01-05 22:52:33,2018-08-19 18:43:15,590,3.71471186440678,0.0003970060282453836,True,2.7943072415236494,201.36321319938605,0.0004610668244292807,Coach: fulfilment
f680f85bee2d253556ac91be391d2c82,45,4.333333333333333,0.06666666666666667,0.022222222222222223,1.3755681818181817,7.980030864197531,9.748842592592593,5183.92,135.052,0.2876818043249263,SP,baby,2017-09-30 19:19:56,2018-08-24 21:06:11,328,4.176219512195122,0.0003966586405102495,True,-2.7535579740477187,0.0,0.0,Invest
8c16d1f32a54d92897cc437244442e1b,104,4.336538461538462,0.07692307692307693,0.009615384615384616,1.363275350593312,9.241846955128205,11.018796741452991,5172.13,69.53259615384616,0.4407982211425883,SC,computers_accessories,2017-02-14 19:49:42,2018-08-24 11:44:39,555,5.704072072072072,0.00039575650363861257,True,-5.297111762243616,0.0,0.0,Invest
709e16e2b25c7474d980076c6bfc4806,59,4.508474576271187,0.01694915254237288,0.03389830508474576,1.6045386904761905,8.682144538606403,10.640560263653484,5108.0,107.28999999999999,0.3188091005338146,SP,health_beauty,2017-10-14 14:08:47,2018-08-26 08:40:36,315,5.701460317460318,0.0003908494605870373,True,-6.543553788195898,0.0,0.0,Invest
45ba18c210d42734ec52c0c1c574e9ee,34,4.147058823529412,0.14705882352941177,0.029411764705882353,0.9917624521072798,5.398529411764706,7.086376633986928,5104.219999999999,177.055,0.3276864665036353,SP,baby,2018-04-03 00:54:42,2018-08-23 19:03:09,142,7.288450704225352,0.00039056022586483305,True,0.6528673084972794,98.0111286287642,0.0002244187461929707,Invest
4917cee8d902e13428c3ec4b1ca6f315,31,4.161290322580645,0.12903225806451613,0.03225806451612903,7.97627688172043,9.78456541218638,18.0777105734767,5103.9,199.30129032258066,0.2127159971460215,SC,home_appliances_2,2017-05-21 10:32:54,2018-08-17 01:48:47,452,2.087699115044248,0.00039053574038570464,True,0.036437840100460334,5.999196518991596,1.3736523390693906e-05,Invest
b39d7fe263ef469605dbb32608aee0af,42,3.9285714285714284,0.14285714285714285,0.047619047619047616,2.544560185185185,10.525694444444444,13.443138227513227,5096.09,149.30642857142857,0.2419789557593347,SP,bed_bath_table,2017-09-16 14:51:37,2018-08-23 12:47:56,340,3.7602352941176473,0.00038993814166072725,True,0.6300125575554623,76.44287367697181,0.00017503332637819422,Invest
67bf6941ba2f1fa1d02c375766bc3e53,15,4.333333333333333,0.06666666666666667,0.13333333333333333,1.7315277777777778,13.10199074074074,14.965462962962963,5062.0,421.32933333333335,0.27010160987005405,PR,office_furniture,2017-09-17 20:41:21,2018-08-29 14:18:23,345,1.3234782608695654,0.0003873296729623302,False,-0.9178526580159062,0.0,0.0,Monitor (low volume)
0cbcee27c791afa0cdcb08587a2013a8,37,4.0,0.13513513513513514,0.10810810810810811,1.9284346846846845,10.550675675675675,12.791253753753754,5054.15,157.77513513513514,0.16723294338847022,MG,fashion_bags_accessories,2017-03-04 23:32:12,2018-07-14 18:39:58,496,2.2707258064516127,0.00038672901355246166,True,0.26929677689409826,36.785575809170446,8.422893314849277e-05,Coach: fulfilment
e067ad2c1c0b48758eb1b5228bcf7a68,54,4.148148148148148,0.1111111111111111,0.09259259259259259,5.756854423868313,8.922003600823045,14.983667695473251,5042.55,111.99833333333333,0.23794812487345687,SP,pet_shop,2017-02-01 12:44:51,2018-08-13 20:25:15,558,2.9458064516129037,0.0003858414149340573,True,-0.9042695688572628,0.0,0.0,Invest
f67efa3f0b6761102a7f8c6b7b571f5d,29,4.586206896551724,0.034482758620689655,0.0,1.690301724137931,7.486374521072797,9.468247126436781,5028.19,201.2551724137931,0.19149736581876461,PR,pet_shop,2017-01-27 13:32:58,2018-04-09 10:47:49,436,2.024678899082569,0.0003847426290581705,False,-2.7078484721640854,0.0,0.0,Monitor (low volume)
e0878efa0e0b7e5313ac0b43bc04c081,26,3.6153846153846154,0.2692307692307692,0.19230769230769232,2.5277777777777777,15.188995726495726,18.133707264957266,5025.4,213.17423076923075,0.1557853301437457,PR,toys,2017-11-04 19:22:13,2018-03-05 08:58:05,120,6.5953333333333335,0.00038452914628701976,False,3.6757220594390954,710.4605245194318,0.0016267607807697335,Monitor (low volume)
099095b050cfe8eb1ddff5317587e96e,16,3.375,0.375,0.1875,2.2008680555555555,8.988585069444444,11.334418402777777,5003.84,356.620625,0.161122646603961,SP,housewares,2017-12-16 09:01:56,2018-08-13 18:43:30,240,2.0293333333333337,0.00038287943713074407,False,3.9542904981163667,1236.6648103809125,0.0028316250418649177,Monitor (low volume)
4bf2f4ee540798a61f9636d12cd9cc80,29,4.137931034482759,0.10344827586206896,0.034482758620689655,2.2802203065134097,11.226077586206896,13.562428160919541,4995.56,189.69,0.10575100897427808,SP,fashion_underwear_beach,2017-03-29 10:31:33,2018-08-09 09:12:58,497,1.7761770623742457,0.0003822458753582968,False,-0.7078484721640854,0.0,0.0,Monitor (low volume)
f84fa566034f5e8e880a07ec624c56af,89,4.247191011235955,0.11235955056179775,0.1348314606741573,3.595913154533844,8.08769506866417,11.963888888888889,4993.91,69.71157303370786,0.24626160215846146,SP,health_beauty,2017-07-21 00:45:06,2018-08-14 16:22:27,389,6.964421593830335,0.00038211962210654097,True,-1.3792591042277107,0.0,0.0,Coach: fulfilment
817245bcc3badd82bbd222e0366951a6,27,4.111111111111111,0.07407407407407407,0.037037037037037035,0.9477564102564102,11.401748971193415,12.573971193415638,4986.0,208.76703703703703,0.13030942534795292,SP,auto,2017-11-14 22:19:50,2018-07-17 14:16:29,244,3.3683606557377046,0.0003815143716693359,False,-1.4521347844286314,0.0,0.0,Monitor (low volume)
cfa5ab0e4d3fc212fd0b3410e7081c62,15,3.8666666666666667,0.2,0.0,3.3029166666666665,8.334027777777779,11.974953703703704,4969.71,407.85266666666666,0.3672342479273262,MG,furniture_living_room,2017-10-15 16:50:20,2018-08-20 21:59:32,309,1.4776699029126215,0.000380267907747456,False,1.082147341984094,358.5305644621181,0.0008209371820745773,Monitor (low volume)
3df020b72d3d44b3af9d110fa3940b65,54,4.037037037037037,0.14814814814814814,0.12962962962962962,1.6763233752620548,11.447800925925925,13.480529835390946,4965.0,122.48685185185184,0.33440050078475286,SP,furniture_decor,2017-07-14 12:40:11,2018-08-19 23:12:41,401,4.099152119700748,0.00037990751210153486,True,1.0957304311427372,100.74632575229056,0.0002306816014180891,Coach: fulfilment
d566c37fa119d5e66c4e9052e83ee4ea,63,4.682539682539683,0.031746031746031744,0.015873015873015872,1.0427203065134099,4.443937389770723,5.845701058201057,4964.0,93.35063492063492,0.26518617889807633,SP,sports_leisure,2018-03-16 14:11:50,2018-08-26 19:39:08,163,11.76515337423313,0.0003798309949792586,True,-6.054981163666806,0.0,0.0,Invest
9674754b5a0cb32b638cec001178f799,84,4.107142857142857,0.15476190476190477,0.03571428571428571,1.8733062330623307,6.292989417989418,8.410358796296297,4960.63,73.3504761904762,0.35283276065862407,SP,small_appliances,2017-06-07 14:10:15,2018-08-22 02:28:35,440,5.811272727272728,0.0003795731322771877,True,2.2600251151109254,133.46605222348464,0.000305600848784937,Invest
45213867cefbf2cd4c6177e10216a951,14,3.857142857142857,0.21428571428571427,0.14285714285714285,2.2637896825396826,12.034523809523808,14.915674603174605,4955.42,384.94,0.09301781965006696,SP,musical_instruments,2017-01-27 18:16:50,2017-10-11 11:41:40,256,1.6646874999999999,0.0003791744780701285,False,1.2100041858518207,428.29135304670206,0.0009806703565274897,Monitor (low volume)
afe0067131b73e40875c9b6c10bd2e21,44,4.2727272727272725,0.09090909090909091,0.045454545454545456,3.5184501262626267,11.814993686868688,15.58994633838384,4950.6,137.4756818181818,0.2240935902501918,MG,perfumery,2017-02-22 20:39:41,2018-06-10 22:56:17,473,2.831627906976744,0.000378805665540757,True,-1.6257011301799915,0.0,0.0,Invest
835f0f7810c76831d6c7d24c7a646d4d,41,3.4146341463414633,0.2926829268292683,0.3170731707317073,9.598848238482386,8.25569105691057,18.050779132791327,4929.400000000001,142.30317073170733,0.2062380807598357,SP,housewares,2017-02-11 21:54:04,2018-01-25 16:58:18,347,3.5966570605187322,0.0003771835025485007,True,6.757869401423189,812.4936933506214,0.0018603889017754856,Remove
503c1de08ae81a2d86f17951b204db55,22,4.409090909090909,0.045454545454545456,0.09090909090909091,1.2201704545454546,11.81568813131313,13.48822601010101,4906.99,241.90454545454543,0.08486620466413326,SP,baby,2017-06-28 15:23:34,2018-07-26 09:26:38,392,1.7083673469387757,0.00037546875383829013,False,-1.8128505650899958,0.0,0.0,Monitor (low volume)
1bb2bdb95f4841f1bba2c0d2cd83d3c9,78,4.628205128205129,0.038461538461538464,0.07692307692307693,4.9817930911680905,6.933493589743589,12.417743945868946,4885.8099999999995,76.76474358974359,0.46571513270080583,SP,books_general_interest,2017-01-30 18:43:16,2018-08-13 11:43:17,559,4.247441860465116,0.0003738481211884793,True,-6.972833821682713,0.0,0.0,Invest
575df70bde3f9f2b30bf8d2e9910d725,25,4.16,0.12,0.08,5.166666666666666,7.439527777777778,13.08286111111111,4882.65,222.6444,0.3924719083005757,SP,furniture_decor,2017-01-27 19:33:54,2018-08-14 19:32:48,563,1.3516873889875667,0.0003736063270820864,False,-0.19642109669317717,0.0,0.0,Monitor (low volume)
1336efc61c316ddf92c899eb817f7cae,69,4.159420289855072,0.10144927536231885,0.10144927536231885,2.928472222222222,8.720360305958131,11.976761272141708,4863.38,91.00739130434783,0.39641964141141367,SP,pet_shop,2017-01-22 21:42:56,2018-08-16 01:59:55,570,3.6848421052631584,0.0003721318421358233,True,-1.8221222268731683,0.0,0.0,Coach: fulfilment
e9d99831abad74458942f21e16f33f92,128,3.9453125,0.15625,0.1015625,3.1794053819444446,9.00129123263889,12.679069010416667,4853.49,53.344609375,0.49503707939439356,SP,computers_accessories,2017-01-24 17:11:53,2018-08-26 20:58:26,579,6.7293955094991365,0.00037137508779651123,True,3.6343239849309334,137.80589935642527,0.0003155379147678489,Coach: fulfilment
c12b92bf1c350f3e6bf88d3596219c86,17,3.8823529411764706,0.23529411764705882,0.058823529411764705,1.4241319444444445,9.109109477124184,10.782393790849673,4849.58,313.0958823529412,0.1283048745664619,SP,auto,2018-05-01 14:15:31,2018-08-13 15:17:31,104,4.975769230769231,0.00037107590584841115,False,1.8264336542486395,521.0256541747716,0.0011930066073125366,Monitor (low volume)
dbd66278cbfe1aa1000f90a217ca4695,83,4.542168674698795,0.012048192771084338,0.060240963855421686,0.9433858401084011,7.912274096385542,9.351999665327979,4837.9,76.57048192771084,0.3668975501803469,SP,electronics,2017-11-25 20:26:00,2018-08-23 00:09:30,270,9.35748148148148,0.00037018218586022466,True,-9.612118041021349,0.0,0.0,Invest
8f580d36c1e9d6fbce95283403c7d447,8,4.375,0.125,0.125,1.2071180555555556,10.436892361111111,12.273003472222221,4813.25,624.175,0.041220244251136476,SP,auto,2017-12-18 09:12:41,2018-08-14 16:04:40,239,1.0189121338912135,0.00036829603879611535,False,-0.02285475094181666,0.0,0.0,Monitor (low volume)
f6122bc84774df1b372bdb3bb88ddb9f,3,3.6666666666666665,0.3333333333333333,0.3333333333333333,1.8789351851851854,12.413425925925926,15.619907407407409,4799.87,1624.7866666666669,0.015732969517012075,SP,computers_accessories,2017-10-04 09:43:36,2018-03-19 14:01:34,166,0.5501204819277109,0.00036727223970005926,False,0.6164294683968187,986.2604374912794,0.002258267340639178,Monitor (low volume)
acce39e832338debb07b02385cde5967,44,4.4772727272727275,0.06818181818181818,0.0,1.0033933080808082,5.780397727272727,7.048200757575757,4793.1,135.77863636363637,0.2567368620342792,MG,stationery,2018-05-12 17:10:13,2018-08-26 15:11:20,105,12.755809523809525,0.0003667542187822491,True,-2.625701130179992,0.0,0.0,Invest
fcdd820084f17e9982427971e4e9d47f,16,3.9375,0.1875,0.125,2.0455555555555556,10.01970486111111,12.597699652777777,4783.99,354.10875,0.1797867987149647,SP,air_conditioning,2018-03-07 15:15:15,2018-08-17 11:15:25,162,3.0064197530864196,0.0003660571477983125,False,0.9542904981163667,285.3322625052323,0.0006533330397853946,Monitor (low volume)
f789d2c4f2c2eb38fc4373e7a4b35264,41,4.2926829268292686,0.0975609756097561,0.04878048780487805,1.5410243055555557,9.357215447154472,11.265752032520325,4782.16,138.06585365853658,0.21662857146012857,MG,pet_shop,2017-04-04 22:29:47,2018-08-22 11:28:14,504,2.476269841269841,0.000365917121464547,True,-1.2421305985768103,0.0,0.0,Invest
c35affa65afd250151285c5917fc1c8a,8,4.25,0.125,0.125,2.0897569444444444,14.381250000000001,17.260850694444443,4779.92,678.095,0.13024769469584874,SP,auto,2017-11-04 17:06:18,2018-06-25 11:15:35,232,1.0496551724137932,0.00036574572311064824,False,-0.02285475094181666,0.0,0.0,Monitor (low volume)
abcd2cb37d46c2c8fb1bf071c859fc5b,43,4.348837209302325,0.023255813953488372,0.046511627906976744,2.037549603174603,11.544509043927649,13.882380490956074,4774.32,140.98627906976745,0.33623820227369944,MT,health_beauty,2017-05-29 15:28:10,2018-08-11 20:16:35,439,2.9815945330296127,0.0003653172272259013,True,-4.497844286312264,0.0,0.0,Invest
2a7dc43cecabf23403078e2188437d1d,50,4.18,0.1,0.08,4.0,8.777819444444445,13.026291666666665,4763.02,111.348,0.34998257894128665,SP,furniture_decor,2017-11-03 00:16:32,2018-06-03 10:59:14,212,7.179245283018869,0.0003644525837441798,True,-1.392842193386354,0.0,0.0,Invest
3ab971ce71839580d2ae5b4e40fe8044,34,3.911764705882353,0.20588235294117646,0.08823529411764706,1.7409511784511784,4.6900531045751634,6.771629901960784,4747.1,164.94088235294117,0.19111739207782466,SP,housewares,2018-06-03 17:41:43,2018-08-20 14:25:47,77,13.441038961038961,0.00036323443115754205,True,2.652867308497279,370.39489412257154,0.0008481032602951848,Invest
f7496d659ca9fdaf323c0aae84176632,24,4.541666666666667,0.08333333333333333,0.08333333333333333,6.7650966183574885,5.304976851851852,12.153530092592591,4743.58,230.46875,0.18327175911656032,SP,furniture_decor,2017-01-25 15:49:39,2018-08-16 11:34:12,567,1.2884656084656085,0.00036296509088712967,False,-1.0685642528254502,0.0,0.0,Monitor (low volume)
ce69a8021d18961dd2a40269b7c2c293,18,4.666666666666667,0.05555555555555555,0.1111111111111111,1.3407552083333332,9.020640432098766,10.603896604938273,4718.01,287.21666666666664,0.19664748695457412,PR,cool_stuff,2018-03-27 20:39:09,2018-08-20 19:34:29,145,3.778758620689655,0.0003610085480705262,False,-1.3014231896190875,0.0,0.0,Monitor (low volume)
7e3f87d16fb353f408d467e74fbd8014,91,4.164835164835165,0.10989010989010989,0.12087912087912088,1.8171169108669107,10.18846916971917,12.572550366300367,4702.99,67.27560439560439,0.3760223981052224,SP,computers_accessories,2017-06-29 10:43:25,2018-08-26 11:59:34,423,6.548557919621749,0.000359859260893937,True,-1.6349727919631647,0.0,0.0,Coach: fulfilment
0307f7565ff85b299b6e5ef162b1b1a9,5,3.8,0.2,0.0,4.200555555555555,9.76125,14.065416666666668,4695.0,988.2060000000001,0.05518161557959626,SP,cool_stuff,2017-02-01 14:45:46,2017-05-25 07:49:44,112,1.3589285714285715,0.0003592478890869499,False,0.36071578066136467,338.7121180410214,0.0007755583464307054,Monitor (low volume)
968268a686aa05d1f529fb07dff08130,12,3.5,0.3333333333333333,0.0,1.727835648148148,7.262905092592593,9.40306712962963,4677.29,406.7366666666667,0.058144355445741515,SP,stationery,2018-01-26 23:07:13,2018-08-10 16:12:00,195,1.8732307692307693,0.00035789277085143765,False,2.4657178735872747,961.0731294125853,0.002200595276475867,Monitor (low volume)
dfa0c4c6229ab200a4a1336b4d7128ff,73,4.109589041095891,0.1506849315068493,0.0410958904109589,0.7704545454545455,8.904271308980213,9.929813546423135,4668.2,87.48671232876713,0.49488588404671374,SC,housewares,2018-05-02 10:23:08,2018-08-23 07:36:13,112,19.840357142857144,0.0003571972302099466,True,1.6664503976559224,106.56607871695036,0.00024400724802326937,Invest
1a932caad4f9d804097d7f8e615baed1,20,3.9,0.2,0.2,1.1862573099415203,8.083194444444445,9.5428125,4661.0,285.0725,0.2587392647203283,SP,construction_tools_construction,2018-05-02 15:14:09,2018-08-22 18:16:55,112,5.435714285714286,0.0003566463069295577,False,1.4428631226454587,336.25925073252415,0.0007699419494597482,Monitor (low volume)
eed78ac17f7f795a19a709745f00cd4e,22,3.772727272727273,0.22727272727272727,0.0,3.044760101010101,6.723011363636363,10.037058080808082,4660.1,255.4790909090909,0.25012770441995236,SP,furniture_decor,2017-08-01 18:44:07,2018-07-17 14:25:51,349,1.9188538681948426,0.0003565774415195091,False,2.187149434910004,463.28795825564134,0.0010608030350496263,Monitor (low volume)
b2479f944e1b90cf8a5de1bbfde284d6,98,3.5,0.2857142857142857,0.14285714285714285,2.4998086734693876,12.599433106575965,15.487117346938774,4656.36,69.7561224489796,0.5288750493951416,SP,bed_bath_table,2018-01-12 18:17:53,2018-08-20 17:06:38,219,13.621552511415526,0.0003562912674821959,True,15.470029300962745,735.0410779166417,0.0016830435422408863,Coach: fulfilment
0176f73cc1195f367f7b32db1e5b3aa8,36,4.194444444444445,0.1388888888888889,0.1111111111111111,1.825,11.240547839506172,13.389891975308641,4642.2,164.47583333333333,0.27178630165086687,SP,bed_bath_table,2017-11-16 17:42:52,2018-08-13 17:54:44,270,4.058666666666666,0.00035520778503076437,True,0.39715362076182525,51.21295939723736,0.00011726370563787724,Coach: fulfilment
582d4f8675b945722eda7c0cb61ba4c7,55,4.218181818181818,0.14545454545454545,0.01818181818181818,1.195897633744856,9.528535353535354,11.168131313131314,4616.98,101.76963636363637,0.8207299978689502,SP,electronics,2017-01-20 12:04:03,2018-08-03 19:21:12,560,2.989642857142857,0.00035327802320695757,True,0.96787358727501,81.24823627230865,0.00018603629577295335,Invest
a3dd39f583bc80bd8c5901c95878921e,34,4.588235294117647,0.029411764705882353,0.029411764705882353,1.94135101010101,10.254248366013073,12.463092320261438,4607.81,159.18117647058824,0.2490217300255256,BA,food_drink,2017-08-23 08:26:50,2018-04-10 09:24:25,230,4.499826086956522,0.0003525763611956845,True,-3.3471326915027206,0.0,0.0,Invest
8931a84a914b3fe9b1ddaa4d704947ca,28,4.071428571428571,0.17857142857142858,0.07142857142857142,3.830684156378601,7.551810515873016,11.857266865079366,4598.400000000001,178.75785714285715,0.12662473392947174,SP,perfumery,2017-03-29 02:00:08,2018-07-19 22:57:19,477,1.7868343815513628,0.0003518563350750651,False,1.4200083717036418,233.20594630150097,0.000533977996233059,Monitor (low volume)
9add47bf45ce8e8c7db6b9cf670b1e09,40,4.225,0.075,0.025,2.665885416666667,8.858385416666668,12.035503472222222,4582.77,141.849,0.27413932826628234,PR,furniture_decor,2017-02-05 11:05:44,2018-08-18 10:11:14,558,2.1820788530465953,0.00035066037245388743,True,-2.1142737547090835,0.0,0.0,Invest
2addf05f476d0637864454e93ba673d5,12,5.0,0.0,0.0,1.1043402777777778,9.10810185185185,10.3984375,4552.0,406.47,0.0876349458697302,DF,computers_accessories,2017-08-03 14:06:43,2018-03-18 20:29:14,227,1.6091629955947138,0.00034830594060144746,False,-1.5342821264127249,0.0,0.0,Monitor (low volume)
30a2f535bb48308f991d0b9ad4a8c4bb,67,4.432835820895522,0.08955223880597014,0.029850746268656716,1.3402029914529914,6.802601575456053,8.45530679933665,4546.6,83.74253731343283,0.23786715251180174,SP,furniture_decor,2017-02-04 15:05:16,2018-07-27 11:20:08,537,3.797914338919926,0.0003478927481411558,True,-2.566408539137715,0.0,0.0,Invest
b90e891671cffd9557f33a97dc523645,34,4.323529411764706,0.08823529411764706,0.0,1.1228114478114477,6.287275326797386,7.635620915032679,4538.9,152.56029411764706,0.18380287752007318,PR,health_beauty,2017-08-18 16:54:56,2018-08-23 12:56:27,369,2.804769647696477,0.0003473035662996287,True,-1.3471326915027206,0.0,0.0,Invest
1fe5540d7c1c37a595fefbacd5570d9e,20,4.3,0.05,0.05,2.193020833333333,9.406979166666666,11.86138888888889,4537.6,255.9375,0.13391730938128257,RJ,computers_accessories,2018-08-02 15:58:56,2018-08-16 08:44:24,13,20.0,0.0003472040940406696,False,-1.5571368773545415,0.0,0.0,Monitor (low volume)
37dd29b36c458d82f74a953c40c43645,7,3.857142857142857,0.2857142857142857,0.14285714285714285,5.995337301587301,12.310119047619049,18.45654761904762,4536.99,716.6328571428572,0.11977231141918146,SP,home_construction,2017-10-08 16:50:45,2018-05-28 13:37:22,231,0.9224242424242425,0.0003471574185960811,False,1.1050020929259103,716.1976350834179,0.001639897198823003,Monitor (low volume)
13fa2a6c6b9d0f43cb588d7c82117a12,9,4.111111111111111,0.1111111111111111,0.3333333333333333,4.83179012345679,15.934259259259258,21.19236111111111,4528.0,524.3822222222221,0.04364031278475034,SP,health_beauty,2017-06-09 17:38:12,2017-09-27 21:06:35,110,2.4905454545454546,0.0003464695296668177,False,-0.1507115948095438,0.0,0.0,Monitor (low volume)
4c498c7345e89aebad651544829beca0,45,4.355555555555555,0.06666666666666667,0.13333333333333333,2.6556524547803617,7.932947530864198,10.903657407407406,4526.37,113.3668888888889,0.18970707619393648,SP,health_beauty,2017-12-02 18:06:27,2018-08-16 10:32:24,256,5.35078125,0.00034634480675750743,True,-2.7535579740477187,0.0,0.0,Coach: fulfilment
c840d3fdbba0790404fdae73d253b253,9,3.5555555555555554,0.2222222222222222,0.0,2.117438271604938,9.53125,12.156635802469136,4522.28,542.4366666666667,0.12323369855250466,PR,furniture_decor,2017-10-21 09:09:48,2018-06-29 12:41:16,251,1.0914741035856574,0.00034603185172739755,False,0.8492884051904561,426.74666322496614,0.000977133438241771,Monitor (low volume)
06579cb253ecd5a3a12a9e6eb6bf8f47,60,4.166666666666667,0.13333333333333333,0.13333333333333333,1.8912268518518518,7.843622685185185,10.069918981481482,4518.5,98.77716666666667,0.3288297175733559,SP,housewares,2017-08-03 17:47:10,2018-08-11 21:27:06,373,4.896514745308312,0.0003457426170051934,True,0.32858936793637494,24.74551765034184,5.666048460700971e-05,Coach: fulfilment
180c3376aff0e43dd5788709df48a843,5,4.4,0.2,0.2,3.541388888888889,16.73916666666667,20.71013888888889,4513.0,944.594,0.11042471866652162,SP,fixed_telephony,2017-08-11 11:35:58,2018-01-03 17:24:21,145,1.049655172413793,0.0003453217728326741,False,0.36071578066136467,325.58206362494775,0.000745494103821464,Monitor (low volume)
537eb890efff034a88679788b647c564,152,4.2894736842105265,0.07236842105263158,0.05921052631578947,1.3967175925925925,7.470079495614035,9.187312682748537,4508.099999999999,45.28907894736842,0.5749073900934171,RJ,furniture_decor,2017-07-17 16:21:05,2018-08-28 21:56:12,407,11.368255528255528,0.00034494683893352047,True,-8.434240267894516,0.0,0.0,Invest
d379f449f2a3b271bc01c0782020f705,28,3.892857142857143,0.21428571428571427,0.03571428571428571,1.9875248015873017,11.048561507936508,13.29967757936508,4493.96,199.6467857142857,0.39216932694031004,MG,housewares,2017-01-28 13:23:50,2018-08-22 10:48:54,570,1.4952982456140351,0.0003438648868245345,False,2.4200083717036414,388.40788650361776,0.0008893480987323534,Monitor (low volume)
b561927807645834b59ef0d16ba55a24,83,4.325301204819277,0.0963855421686747,0.14457831325301204,3.4977576974564926,8.660625836680053,12.51292670682731,4483.69,69.02373493975904,0.42174283348580555,SP,stationery,2018-01-19 00:48:30,2018-08-26 20:57:20,219,11.53662100456621,0.0003430790559787574,True,-2.6121180410213474,0.0,0.0,Coach: fulfilment
55d3daac7c404d59e51c2aa2f4dc5a23,21,4.095238095238095,0.09523809523809523,0.0,2.392526455026455,5.322056878306879,8.71464947089947,4480.6,275.7371428571429,0.30179663538568546,SP,signaling_and_security,2017-05-31 07:40:50,2018-08-17 11:17:42,443,1.4429796839729119,0.0003428426180709239,False,-0.6849937212222689,0.0,0.0,Monitor (low volume)
8bd0f31cf0a614c658f6763bd02dea69,32,4.28125,0.09375,0.03125,1.2417317708333333,8.2798828125,10.092317708333333,4452.34,169.77812500000002,0.291397845298966,SP,furniture_decor,2017-01-18 10:55:55,2018-08-16 20:32:56,575,1.6940521739130436,0.00034068024419539735,True,-1.0914190037672666,0.0,0.0,Invest
fc906263ca5083d09dce42fe02247800,112,4.410714285714286,0.08928571428571429,0.0,1.7656684027777778,7.172550843253968,9.399795386904762,4437.8,56.362857142857145,0.43201896376390464,MG,computers_accessories,2017-04-11 12:45:06,2017-12-23 18:17:06,256,13.317499999999999,0.0003395676852375008,True,-4.319966513185433,0.0,0.0,Invest
bbad7e518d7af88a0897397ffdca1979,65,3.246153846153846,0.38461538461538464,0.16923076923076924,4.661957465277778,8.628386752136752,13.599145299145299,4429.61,88.40984615384616,0.35073796510537314,SP,baby,2017-06-05 11:30:05,2018-07-30 18:42:01,420,4.7109523809523814,0.00033894101000605837,True,16.689305148597743,1137.3401996812313,0.0026041987800599327,Remove
c68fb906c8f4b4b946d8386bfa6e5467,44,4.5227272727272725,0.06818181818181818,0.022727272727272728,1.1182757452574525,9.356313131313131,10.83459595959596,4422.28,120.33318181818181,0.2457392598567086,SP,housewares,2017-03-18 17:09:49,2018-07-30 17:46:46,499,2.6840881763527054,0.0003383801394997735,True,-2.625701130179992,0.0,0.0,Invest
cc5a78bbad32776dc4e3af205218368c,32,4.46875,0.09375,0.03125,1.3698133680555555,6.693858506944444,8.246397569444445,4412.57,179.228125,0.6345830650257586,MG,housewares,2018-05-08 13:49:19,2018-08-24 02:24:29,107,9.10355140186916,0.0003376371582424712,True,-1.0914190037672666,0.0,0.0,Invest
5b179e9e8cc7ab6fd113a46ca584da81,29,3.896551724137931,0.13793103448275862,0.10344827586206896,3.993558429118774,6.729310344827587,11.166666666666666,4404.2,170.5686206896552,0.12046289512530249,SP,housewares,2017-02-06 22:25:58,2017-09-13 16:51:13,218,4.049357798165138,0.0003369967099290191,False,0.2921515278359146,44.36875030672189,0.00010159233398584995,Monitor (low volume)
f021c962aaba8ef6eb527a9c2c8394d1,5,4.2,0.2,0.0,0.8533333333333333,6.995277777777777,8.171249999999999,4398.5,906.774,0.03597750635434979,SC,musical_instruments,2017-05-17 11:36:51,2017-08-06 17:55:55,81,1.8790123456790124,0.00033656056233204455,False,0.36071578066136467,317.3216722478025,0.0007265800610810347,Monitor (low volume)
ad420dd0c4f92f8af951ac24b86d0cf5,40,4.125,0.15,0.05,1.9469907407407407,9.460052083333334,11.723802083333334,4380.29,131.38975,0.3822447127409129,MG,health_beauty,2017-05-17 20:01:55,2018-08-24 18:00:29,463,2.629805615550756,0.00033516718553539416,True,0.8857262452909165,96.99344537463371,0.00022208852917467061,Invest
45d33f715e24d15a6ccf5c17b3a23e3c,51,4.372549019607843,0.058823529411764705,0.0784313725490196,3.739950980392157,7.052205882352942,11.305895969498911,4376.08,102.0672549019608,0.2714610548940732,SP,computers_accessories,2017-01-25 16:57:30,2018-08-17 08:06:17,568,2.733169014084507,0.0003348450484506112,True,-3.520699037254081,0.0,0.0,Invest
15aac934c58d886785ac1b17953ea898,25,4.24,0.08,0.12,1.962,11.760555555555557,14.308,4353.9,200.78400000000002,0.5028282830794152,ES,furniture_living_room,2017-10-19 19:59:44,2018-06-26 13:02:55,249,3.056224899598394,0.0003331478986785242,False,-1.196421096693177,0.0,0.0,Monitor (low volume)
c500367424994318b9e779ff1ae9a330,9,3.7777777777777777,0.2222222222222222,0.1111111111111111,4.683796296296297,11.056712962962962,16.71257716049383,4346.4,517.5988888888888,0.1234838750141319,SP,baby,2017-09-01 09:24:39,2017-12-01 16:51:00,91,3.010549450549451,0.0003325740202614524,False,0.8492884051904561,410.1496804799776,0.000939130875570295,Monitor (low volume)
beadbee30901a7f61d031b6b686095ad,63,3.9365079365079363,0.1746031746031746,0.25396825396825395,7.211199294532627,6.542691798941799,14.129122574955908,4338.98,83.48793650793651,0.2588879458132975,SP,health_beauty,2018-05-28 18:47:40,2018-08-22 09:16:14,85,22.561411764705884,0.00033200626321416263,True,2.945018836333193,202.83139413449203,0.000464428558236968,Coach: fulfilment
2ff97219cb8622eaf3cd89b7d9c09824,86,4.534883720930233,0.03488372093023256,0.05813953488372093,1.2553182137834036,7.433624031007752,9.026130490956072,4335.8,66.28906976744186,0.41991367726179113,SP,housewares,2018-02-16 17:17:41,2018-08-25 14:09:50,189,13.851005291005292,0.00033176293876532425,True,-7.995688572624529,0.0,0.0,Invest
9df5750209b83567ec144eb299d7d634,10,3.9,0.2,0.1,4.259652777777778,9.793472222222222,14.689930555555554,4327.0,456.474,0.0665668480367944,RS,garden_tools,2017-04-08 21:20:24,2018-07-20 18:39:50,467,0.6518201284796574,0.0003310895880892933,False,0.7214315613227293,312.163436584345,0.0007147691086274041,Monitor (low volume)
e81e1f9c3e762e620f3fb60a51499e16,16,4.0,0.125,0.0625,6.542881944444445,19.199609375,25.986458333333335,4305.99,299.035625,0.1459960595074812,SC,sports_leisure,2017-05-02 11:14:08,2018-04-25 20:10:45,358,1.3604469273743016,0.00032948196335026947,False,-0.04570950188363332,0.0,0.0,Monitor (low volume)
f76a3b1349b6df1ee875d1f3fa4340f0,24,3.4583333333333335,0.2916666666666667,0.375,8.10601851851852,8.430642361111111,17.02248263888889,4296.51,205.57291666666666,0.1542163675907606,SP,housewares,2018-01-04 17:09:02,2018-08-17 19:14:14,225,3.2469333333333337,0.00032875658103109073,False,3.9314357471745502,703.810541753872,0.0016115341344150682,Monitor (low volume)
3c03b12bab54d8b37d79d914bfdb1aa0,36,3.8333333333333335,0.19444444444444445,0.16666666666666666,1.413059413580247,12.140760030864197,13.890644290123456,4292.66,138.71194444444444,0.2995495133591526,RJ,sports_leisure,2017-12-23 22:45:28,2018-08-24 11:09:05,243,4.50962962962963,0.0003284619901103272,True,2.3971536207618254,285.83792949165155,0.0006544908792335374,Coach: fulfilment
31da954dc0855f2495c6310f70a2f931,28,4.321428571428571,0.07142857142857142,0.10714285714285714,1.197891865079365,6.710664682539682,8.271106150793651,4284.0,168.4492857142857,0.16040987615639374,SP,health_beauty,2017-09-10 20:50:42,2018-08-20 13:28:21,343,2.4848979591836735,0.00032779935183141495,False,-1.5799916282963584,0.0,0.0,Monitor (low volume)
9803a40e82e45418ab7fb84091af5231,11,3.727272727272727,0.2727272727272727,0.0,3.101893939393939,12.232891414141415,15.639646464646466,4278.75,435.5799999999999,0.5624527607057981,GO,fixed_telephony,2018-05-19 10:45:27,2018-08-21 19:44:42,94,3.562127659574468,0.0003273976369394647,False,1.593574717455002,619.8643474827809,0.0014193202508534732,Monitor (low volume)
834f8533b2ecb6598dd004ff3de7203a,40,3.925,0.175,0.15,7.076684027777778,7.269652777777777,14.758645833333333,4260.43,129.273,0.22091481872504842,SP,pet_shop,2017-01-17 22:34:59,2018-08-20 20:13:09,579,2.10293609671848,0.000325995843259364,True,1.8857262452909163,200.85011668061946,0.00045989197337890946,Coach: fulfilment
a3f0b55de503387383c7b1de3ad7f678,23,4.391304347826087,0.043478260869565216,0.043478260869565216,2.0548611111111112,8.559239130434781,10.949214975845411,4258.5,237.96478260869569,0.2742683381243807,PR,fashion_bags_accessories,2017-09-26 18:54:19,2018-05-21 13:14:36,236,2.9666101694915255,0.0003258481652133708,False,-1.940707408957723,0.0,0.0,Monitor (low volume)
1fdc574883ef3b33ad41562d93f3a74a,18,4.444444444444445,0.0,0.05555555555555555,1.4418209876543209,9.38136574074074,11.252121913580247,4251.0,251.34833333333336,0.07011944532204298,SP,auto,2017-11-26 23:00:00,2018-07-21 13:10:30,236,2.321694915254237,0.000325274286796299,False,-2.3014231896190873,0.0,0.0,Monitor (low volume)
43f8c9950d11ecd03a0304a49e010da6,41,4.560975609756097,0.024390243902439025,0.07317073170731707,1.4355352303523035,9.545223577235772,11.49764566395664,4249.59,117.24926829268293,0.15011581905229068,SP,consoles_games,2017-07-27 10:31:56,2018-05-29 19:22:17,306,4.078562091503268,0.0003251663976538895,True,-4.242130598576811,0.0,0.0,Invest
9b1585752613ec342d03bbab9997ec48,3,3.6666666666666665,0.3333333333333333,0.0,0.8034722222222223,5.655787037037037,8.091898148148148,4248.98,1449.68,0.033463256609834284,RJ,auto,2018-08-07 10:52:58,2018-08-19 09:35:34,11,3.0,0.000325119722209301,False,0.6164294683968187,873.0654942095715,0.0019990818011798345,Monitor (low volume)
8b9d6eec4a7eb7d0f9d579ce0b38324d,47,4.1063829787234045,0.14893617021276595,0.1702127659574468,2.0412892512077296,8.16922281323877,10.494725177304964,4223.45,126.78659574468085,0.424181762003721,RJ,furniture_living_room,2018-05-13 23:56:22,2018-08-20 16:50:24,98,14.598775510204081,0.00032316624007758856,True,0.9907283382168268,89.02748085195441,0.00020384864360852565,Coach: fulfilment
8a130737016f838139d31878787a39c9,56,4.446428571428571,0.05357142857142857,0.07142857142857142,1.972145061728395,7.799665178571429,10.189397321428572,4222.03,90.4342857142857,0.2117301489272029,SP,home_construction,2017-12-07 10:53:40,2018-07-20 21:57:45,225,7.576177777777779,0.0003230575857639563,True,-4.159983256592716,0.0,0.0,Invest
cd6efc47efaabf134f8bdb654e10b4f1,31,4.483870967741935,0.06451612903225806,0.0967741935483871,1.158117816091954,7.215681003584229,8.592181899641577,4217.55,156.01000000000002,0.15236793612850305,RJ,stationery,2017-11-13 08:04:09,2018-08-15 14:18:13,275,3.431418181818182,0.0003227147890561588,True,-1.9635621598995396,0.0,0.0,Invest
b19f3ca2ea475913750f25a5c37c8d8f,19,3.263157894736842,0.3684210526315789,0.3157894736842105,11.637426900584796,6.340606725146199,18.389875730994152,4201.66,274.6394736842105,0.23690999156162884,MG,housewares,2017-10-24 17:39:10,2018-08-07 22:04:34,287,2.0151916376306622,0.00032149893198318933,False,4.5707199665131855,1010.7690133947258,0.002314385293285756,Monitor (low volume)
6288c69c4ce638e59925e59193f98b16,20,4.25,0.05,0.05,2.9735763888888886,6.405451388888889,9.613715277777777,4196.8,223.3505,0.19753460490733396,SP,toys,2017-03-16 13:08:11,2018-08-03 23:17:41,505,1.2055445544554457,0.0003211270587689268,False,-1.5571368773545415,0.0,0.0,Monitor (low volume)
8bb48dc19fccaa8613b6229bf7f452a2,81,4.45679012345679,0.07407407407407407,0.024691358024691357,1.9609100877192982,9.26284293552812,11.496227709190672,4186.37,74.99296296296296,0.6260042596748989,SP,costruction_tools_garden,2017-10-17 22:02:00,2018-07-23 14:45:41,278,8.869208633093525,0.0003203289851835856,True,-4.356404353285894,0.0,0.0,Invest
d66c305afaec317ebee552073a674429,38,4.5,0.05263157894736842,0.02631578947368421,3.112171052631579,6.4133771929824555,9.693969298245614,4180.39,140.5678947368421,0.43153250610551536,MG,unknown,2017-01-11 00:13:51,2017-05-19 18:41:40,128,9.036875,0.0003198714127923737,True,-2.858560066973629,0.0,0.0,Invest
5c030029b5916fed0986310385ec9009,7,4.857142857142857,0.0,0.0,0.867824074074074,5.2225198412698415,6.232142857142857,4164.4,725.6999999999999,0.21444049436228946,SC,housewares,2018-06-13 11:43:43,2018-08-20 14:44:08,68,3.1335294117647057,0.00031864790400717654,False,-0.8949979070740895,0.0,0.0,Monitor (low volume)
ef990a83bbea832f36ebe81376335aa8,40,3.75,0.225,0.275,1.8191840277777778,15.21159722222222,17.469149305555554,4154.79,124.88425,0.24706544737444616,SC,sports_leisure,2017-11-27 20:25:14,2018-08-10 17:15:28,255,4.774901960784314,0.0003179125744621019,True,3.885726245290917,403.6094136668062,0.0009241554488150452,Coach: fulfilment
7f152321c60a266edc53af1925ef96c1,20,3.8,0.25,0.3,3.604409722222222,19.60875,23.4696875,4147.8,237.846,0.14949302970304715,SC,sports_leisure,2017-08-29 17:24:40,2018-08-02 18:04:17,338,1.8011834319526627,0.000317377719777391,False,2.4428631226454582,506.6253830054416,0.0011600339148655344,Monitor (low volume)
0d85bbda9889ce1f7e63778d24f346eb,50,4.2,0.12,0.1,2.7160694444444444,11.998569444444446,15.267611111111112,4143.8,110.7616,0.38186375854600274,MG,stationery,2017-03-22 17:40:51,2018-03-27 07:30:38,369,4.124661246612466,0.00031707165128828604,True,-0.39284219338635434,0.0,0.0,Invest
65febd49fd28ec955651299159b1f527,33,4.454545454545454,0.09090909090909091,0.06060606060606061,0.7592881944444444,5.645728114478114,6.679861111111111,4136.71,154.10242424242423,0.31345891129844267,SP,housewares,2018-04-17 10:14:25,2018-08-22 14:00:26,127,7.909606299212598,0.0003165291448913475,True,-1.2192758476349936,0.0,0.0,Invest
99002261c568a84cce14d43fcffb43ea,36,3.7222222222222223,0.16666666666666666,0.08333333333333333,5.943827160493828,10.566666666666666,16.837037037037035,4117.0,145.24027777777778,0.27024775972878745,MT,baby,2017-10-18 23:55:51,2018-08-13 15:13:23,298,3.6773154362416105,0.00031502099241128277,True,1.3971536207618247,159.78004046323423,0.0003658527031480147,Invest
e883aa812c37a7413226856f4579fe91,26,4.153846153846154,0.11538461538461539,0.038461538461538464,2.9773611111111107,6.568456196581196,9.902163461538462,4097.1,175.17153846153846,0.1603370923088,SP,small_appliances,2018-02-04 20:43:02,2018-08-17 18:20:27,193,4.100725388601036,0.0003134983016779856,False,-0.324277940560904,0.0,0.0,Monitor (low volume)
c4af86330efa7a2620772227d2d670c9,3,4.333333333333333,0.0,0.0,1.645138888888889,11.015277777777778,14.441203703703705,4097.0,1461.5033333333333,0.07067640337763453,SP,construction_tools_construction,2018-01-25 11:17:02,2018-06-15 20:46:53,141,0.6476595744680851,0.00031349064996575795,False,-0.3835705316031812,0.0,0.0,Monitor (low volume)
2a167ca73899c85001a837d8fb4962f6,2,4.5,0.0,0.0,1.3197916666666667,5.179166666666667,6.509027777777778,4097.0,2098.81,0.024011493046721108,SP,costruction_tools_tools,2018-07-17 13:27:40,2018-07-24 23:09:26,7,2.0,0.00031349064996575795,False,-0.25571368773545416,0.0,0.0,Monitor (low volume)
b4a476fbd28de64b1e347abf9089366a,28,4.107142857142857,0.10714285714285714,0.10714285714285714,2.9552827380952382,8.970337301587302,12.354513888888889,4074.04,172.66714285714286,0.39068183333531986,SP,electronics,2017-03-29 19:09:42,2018-06-26 19:58:54,454,1.8773568281938326,0.0003117338168382955,False,-0.5799916282963584,0.0,0.0,Monitor (low volume)
681fce914360217db47784ae28905a96,21,4.095238095238095,0.19047619047619047,0.09523809523809523,1.8540972222222223,9.395039682539684,11.905588624338625,4064.23,213.38904761904763,0.16168166887450364,PR,perfumery,2017-10-20 11:05:57,2018-07-30 18:54:21,283,2.2587985865724383,0.00031098318386876556,False,1.315006278777731,254.49942706651512,0.0005827342581211216,Monitor (low volume)
42b729f859728f5079499127a9c2ef37,101,4.514851485148514,0.0594059405940594,0.07920792079207921,3.027388038548753,4.573611111111111,7.881009350935094,4056.8599999999997,52.81386138613861,0.34446808681090363,SP,health_beauty,2018-01-09 22:55:44,2018-08-23 13:23:25,225,13.664177777777779,0.00031041925267758966,True,-6.913541230640436,0.0,0.0,Invest
f35b3c613c4f7b2275f4185d0a3c59ec,9,4.555555555555555,0.1111111111111111,0.2222222222222222,2.8020061728395063,9.601311728395062,12.802546296296295,4047.25,468.25444444444446,0.050419336435092416,SP,sports_leisure,2018-02-28 07:37:29,2018-06-03 00:27:27,94,2.914468085106383,0.000309683923132515,False,-0.1507115948095438,0.0,0.0,Monitor (low volume)
715bbd5ba4e6b74cb0d2f29eb45058b0,61,4.459016393442623,0.06557377049180328,0.08196721311475409,1.4814535440613026,10.119273679417121,12.02891621129326,4042.3,87.0472131147541,0.3563328687645468,SP,watches_gifts,2017-09-10 00:34:50,2018-08-19 15:25:29,343,5.413527696793003,0.0003093051633772476,True,-3.7992674759313516,0.0,0.0,Invest
0ef83d7d83ed97cd2a0049ac8be5f88a,45,4.2444444444444445,0.15555555555555556,0.022222222222222223,1.6194602272727272,7.776882716049383,9.486095679012346,4033.13,111.14177777777778,0.2691201524212679,PR,health_beauty,2017-11-24 11:01:15,2018-08-28 13:29:17,277,4.945126353790614,0.00030860350136597447,True,1.2464420259522815,111.71250506953166,0.00025579116037668557,Invest
e70053bf73d1b5863932e53a9fa47496,7,4.285714285714286,0.0,0.0,3.31765873015873,9.651884920634922,13.455257936507936,4025.0,594.0828571428572,0.047157617393081726,SP,telephony,2018-02-14 13:38:33,2018-08-04 16:22:05,171,1.2460818713450292,0.00030798141716186867,False,-0.8949979070740895,0.0,0.0,Monitor (low volume)
55a5b51f93f2b70ea513f5a047b0262a,39,4.461538461538462,0.05128205128205128,0.07692307692307693,2.1931801994301994,11.19150641025641,13.739814814814814,4023.8,125.43,0.25783078116111374,MG,sports_leisure,2017-04-04 16:33:35,2017-10-06 10:36:09,184,6.451956521739131,0.00030788959661513717,True,-2.9864169108413563,0.0,0.0,Invest
50c9975695009e5e6473912e83a6d1da,49,3.938775510204082,0.1836734693877551,0.12244897959183673,3.183645124716553,12.505739795918368,16.11578798185941,4016.8,141.01122448979592,0.9607126336335483,MG,sports_leisure,2017-02-05 15:53:52,2018-07-23 17:14:32,533,2.798424015009381,0.0003073539767592035,True,2.7350146504813733,224.20422138884857,0.0005133665019391487,Coach: fulfilment
bccf933e006e9b94a6184af782963e77,44,4.5227272727272725,0.06818181818181818,0.022727272727272728,1.7561079545454545,9.6161773989899,11.617155934343435,4012.75,110.81090909090909,0.2554040926610099,SP,health_beauty,2017-10-06 19:38:37,2018-08-21 15:13:19,318,4.211823899371069,0.0003070440824139847,True,-2.625701130179992,0.0,0.0,Invest
382229d1e840115ffe3dbf5ff460e417,44,4.25,0.11363636363636363,0.11363636363636363,1.3300978535353536,7.5201546717171714,9.14753787878788,3997.16,109.97886363636363,0.33170554025171495,RJ,housewares,2018-04-14 22:35:36,2018-08-20 17:34:26,127,10.546141732283465,0.0003058511804776981,True,-0.6257011301799917,0.0,0.0,Coach: fulfilment
6b333a05bf188ef3e1f1662a86bd9855,12,4.333333333333333,0.08333333333333333,0.08333333333333333,1.8451388888888889,8.761516203703705,10.705671296296297,3990.91,379.5733333333333,0.22860768664214434,DF,home_appliances_2,2018-01-27 20:49:20,2018-08-10 15:03:30,194,1.8828865979381444,0.0003053729484634716,False,-0.5342821264127251,0.0,0.0,Monitor (low volume)
bede56095ba33c42038fb85f707b8a42,2,4.5,0.0,0.0,2.640277777777778,9.925,12.57638888888889,3973.9,2092.385,0.0497966507771721,SP,health_beauty,2017-08-20 19:28:57,2017-12-17 09:15:37,118,0.5159322033898306,0.00030407139221355276,False,-0.25571368773545416,0.0,0.0,Monitor (low volume)
14d7985702e72162bbf13b6beb74ab2b,37,4.324324324324325,0.08108108108108109,0.13513513513513514,1.7979542042042043,8.617642642642641,11.058070570570571,3971.8,122.89567567567569,0.17060572894903667,SP,sports_leisure,2017-03-31 14:40:26,2018-08-17 18:49:15,504,2.2346825396825394,0.00030391070625677264,True,-1.7307032231059019,0.0,0.0,Coach: fulfilment
3c7c4a49ec3c6550809089c6a2ca9370,136,3.6911764705882355,0.27205882352941174,0.08088235294117647,1.783389501633987,7.251271446078431,9.656030433006535,3965.86,41.74507352941176,0.6699630622156114,SP,perfumery,2017-09-04 12:14:07,2018-08-18 21:48:53,348,11.896091954022989,0.0003034561945504518,True,19.611469233989112,571.8848630610887,0.001309460320786906,Invest
bf3c6d2a28b2b5501e6c15448982dcc9,35,4.6,0.02857142857142857,0.02857142857142857,1.1908730158730159,10.170416666666666,11.815376984126985,3956.5,132.80428571428573,0.20291527289520975,SP,baby,2017-05-29 22:47:27,2018-05-09 12:03:22,344,3.097093023255814,0.00030273999428594617,True,-3.474989535370448,0.0,0.0,Invest
3f995f07c49d0d55a99d5c54957f7d81,43,4.209302325581396,0.09302325581395349,0.023255813953488372,1.389484126984127,7.82374031007752,9.594250645994832,3955.7,107.6093023255814,0.18361819031346277,SP,auto,2017-04-13 13:13:48,2018-08-20 23:06:39,494,2.6496356275303645,0.00030267878058812513,True,-1.4978442863122645,0.0,0.0,Invest
98dac6635aee4995d501a3972e047414,83,4.120481927710843,0.1927710843373494,0.08433734939759036,3.357019745649264,6.06338688085676,9.831475903614459,3940.75,74.43072289156626,0.6860117363114435,SP,housewares,2017-04-26 11:30:38,2018-08-06 17:01:24,467,5.410107066381157,0.0003015348496100954,True,5.387881958978653,255.81079313066417,0.0005857369286549038,Invest
11bfa66332777660bd0640ee84d47006,76,3.8684210526315788,0.23684210526315788,0.15789473684210525,2.100237573099415,13.91171418128655,16.52764071637427,3925.87,73.79657894736842,0.9814706322590402,SP,health_beauty,2017-09-06 20:20:25,2018-08-23 10:27:06,350,6.609828571428571,0.0003003962748306249,True,8.28287986605274,427.8619681544798,0.0009796871822645781,Coach: fulfilment
fde0cc9ea29c8ccfc0a2c22256a58c71,35,4.485714285714286,0.08571428571428572,0.02857142857142857,1.594485294117647,6.733611111111111,8.71123015873016,3922.0,140.6077142857143,0.25184742435041013,PR,toys,2017-10-11 13:27:29,2018-08-19 19:06:06,312,3.4147435897435896,0.00030010015356741587,True,-1.4749895353704479,0.0,0.0,Invest
1b938a7ec6ac5061a66a3766e0e75f90,29,4.413793103448276,0.06896551724137931,0.034482758620689655,1.4102182539682542,9.568031609195403,11.460847701149424,3916.7,165.86206896551724,0.35949187675525224,SP,baby,2017-09-22 17:15:55,2018-08-18 18:46:34,330,2.675030303030303,0.0002996946128193518,False,-1.7078484721640854,0.0,0.0,Monitor (low volume)
6fc26fe110feebd80a433e1f012a84f9,34,3.911764705882353,0.14705882352941177,0.11764705882352941,2.6888684640522875,9.925122549019607,12.872242647058824,3914.87,141.98176470588237,0.25899212690732604,SP,furniture_decor,2017-01-29 04:52:16,2018-08-17 16:22:48,565,1.8317876106194693,0.0002995545864855862,True,0.6528673084972794,75.17325411813952,0.00017212624395274409,Coach: fulfilment
3361277dc30b7cccdb0c286b24219756,29,4.344827586206897,0.06896551724137931,0.06896551724137931,2.495522030651341,10.237140804597702,13.24698275862069,3905.05,156.58275862068965,0.35359146239129435,PR,pet_shop,2017-02-11 13:33:12,2018-08-18 18:48:25,553,1.5963110307414108,0.0002988031883448336,False,-1.7078484721640854,0.0,0.0,Monitor (low volume)
81f89e42267213cb94da7ddc301651da,45,3.7333333333333334,0.2,0.0,2.3508796296296297,4.825185185185185,7.498410493827161,3886.0,103.34955555555554,0.20903163608428244,SP,perfumery,2018-08-08 12:45:12,2018-08-27 18:45:54,19,45.0,0.0002973455371654712,True,3.2464420259522817,280.3483047300126,0.0006419211361511653,Invest
02f5837340d7eb4f653d676c7256523a,30,4.833333333333333,0.03333333333333333,0.03333333333333333,2.241736111111111,7.0806249999999995,9.658958333333334,3883.05,148.796,0.1509043655224856,PR,luggage_accessories,2017-11-01 20:55:07,2018-08-08 14:13:58,279,3.2731182795698928,0.0002971198116547563,True,-2.8357053160318126,0.0,0.0,Invest
5b51032eddd242adc84c38acab88f23d,12,4.0,0.08333333333333333,0.0,2.9583912037037035,8.317361111111111,11.746759259259258,3879.7,355.77583333333337,0.0969194090693169,MG,furniture_decor,2017-10-30 15:35:32,2018-06-16 21:40:32,229,1.595109170305677,0.00029686347929513084,False,-0.5342821264127251,0.0,0.0,Monitor (low volume)
8090490573c6c0aa343a7231ebcb8c86,26,4.1923076923076925,0.11538461538461539,0.07692307692307693,1.277170138888889,8.445833333333333,10.091319444444444,3871.1200000000003,165.3088461538462,0.19023277904406874,SP,health_beauty,2017-09-01 22:51:39,2018-08-16 10:27:30,348,2.2742528735632184,0.0002962069623860008,False,-0.324277940560904,0.0,0.0,Monitor (low volume)
6ec1a01e866584bb679eb9b098345919,29,4.241379310344827,0.13793103448275862,0.1724137931034483,2.0356561302681992,10.24161877394636,12.86324233716475,3868.83,160.1341379310345,0.25727698520934117,SP,health_beauty,2017-07-06 16:18:52,2018-08-24 11:54:56,413,2.1374334140435836,0.00029603173817598815,False,0.2921515278359146,38.97533087715246,8.924287486818852e-05,Monitor (low volume)
77e4abfd739aed9c46480f90f81c0eb4,18,4.777777777777778,0.0,0.0,2.549729938271605,6.854783950617284,10.008680555555555,3862.79,237.19500000000002,0.12267970444453037,DF,stationery,2018-01-30 17:55:06,2018-08-14 14:42:14,195,2.809846153846154,0.00029556957475743964,False,-2.3014231896190873,0.0,0.0,Monitor (low volume)
6b3bd31ad8fcda4b2635ec9f3ff2ecdf,33,4.151515151515151,0.15151515151515152,0.09090909090909091,3.4928661616161616,9.821801346801347,13.623484848484848,3848.4,137.4821212121212,0.20129708463355664,RJ,sports_leisure,2018-03-24 14:57:23,2018-08-10 21:12:29,139,7.226762589928057,0.00029446849336788456,True,0.7807241523650064,91.0466311503482,0.0002084719469484661,Invest
f0b47fbbc6dee9aafe415a6e33051b3f,66,4.303030303030303,0.10606060606060606,0.10606060606060606,2.999604700854701,6.911468855218855,10.136195286195287,3839.98,78.9180303030303,0.37180720537485146,SP,books_general_interest,2017-07-25 10:57:26,2018-08-28 19:32:05,399,5.035187969924812,0.0002938242191983186,True,-1.4385516952699873,0.0,0.0,Coach: fulfilment
f00e21b1e91a79653163b7fd8f293ff1,30,4.1,0.13333333333333333,0.0,1.5003703703703704,9.816342592592594,11.504560185185186,3836.19,146.34233333333336,0.20749850497305042,SP,toys,2017-03-25 21:54:29,2017-12-02 18:38:46,251,3.6382470119521915,0.00029353421930489166,True,0.16429468396818747,21.008854123064037,4.8104544526848415e-05,Invest
d5ba419e26d246a0719437cf37d9b46d,32,4.0,0.15625,0.09375,2.178342013888889,7.380881076388889,9.835199652777778,3834.4900000000002,135.8246875,0.18271249922271868,SP,computers_accessories,2017-05-05 18:30:01,2018-08-22 10:44:46,473,2.059365750528541,0.00029340414019702205,True,0.9085809962327334,108.87327325763918,0.00024929009409686,Invest
8ed8ea9a57c862f2c18c2fe41f601d56,19,4.473684210526316,0.05263157894736842,0.0,1.1283088235294116,6.495979532163742,8.578070175438596,3831.9,240.1563157894737,0.1910916559087076,SC,cool_stuff,2018-04-11 11:48:05,2018-06-10 14:06:01,60,9.639333333333333,0.0002932059608503266,False,-1.4292800334868145,0.0,0.0,Monitor (low volume)
ec8879960bd2221d5c32f8e12f7da711,34,4.294117647058823,0.11764705882352941,0.17647058823529413,2.0588848039215684,13.870874183006535,16.320404411764706,3827.6000000000004,135.38617647058823,0.242520115334139,SP,computers_accessories,2017-05-16 22:35:38,2018-04-11 16:50:30,329,3.1457750759878422,0.0002928769372245388,True,-0.34713269150272086,0.0,0.0,Coach: fulfilment
232a6014e7b10cba61c6c2b2ea6bb4b0,32,4.15625,0.125,0.0625,1.7660842293906809,11.553450520833334,13.599088541666667,3819.9700000000003,156.7825,0.39696935220109475,SP,pet_shop,2017-02-04 22:38:49,2018-07-20 10:39:19,530,1.8378867924528304,0.000292293111581571,True,-0.09141900376726664,0.0,0.0,Invest
cb41bfbcbda0aea354a834ab222f9a59,11,3.272727272727273,0.36363636363636365,0.36363636363636365,7.1460858585858595,29.948800505050507,37.56376262626262,3792.0,422.7872727272727,0.22399965823650037,SP,home_construction,2017-11-28 09:10:12,2018-07-06 16:21:43,220,1.522,0.00029015292767150456,False,2.5935747174550023,894.07593896267,0.002047189987815523,Monitor (low volume)
6860153b69cc696d5dcfe1cdaaafcf62,73,4.095890410958904,0.1506849315068493,0.0821917808219178,1.3525752314814816,8.062823439878235,9.842370624048707,3785.64,72.02753424657534,0.4330831725145541,SP,construction_tools_construction,2017-11-21 15:13:52,2018-08-24 00:07:22,275,8.080436363636364,0.00028966627877382765,True,1.6664503976559224,86.41892169016666,0.00019787575476774976,Invest
951e8cef368f09bb3f3d03c00ca4702c,58,4.206896551724138,0.1206896551724138,0.08620689655172414,1.5758261494252872,7.152083333333334,9.19922174329502,3779.35,87.11189655172413,0.34882938084269327,SP,bed_bath_table,2018-04-17 04:58:02,2018-08-21 18:24:35,126,14.012063492063492,0.0002891849860747101,True,-0.4156969443281705,0.0,0.0,Invest
23613d49c3ac2bd302259e55c06c050c,60,3.9833333333333334,0.2,0.16666666666666666,4.977719907407407,9.066157407407408,14.57363425925926,3770.3,93.37466666666667,0.612812732994995,SP,furniture_decor,2017-03-13 17:03:55,2018-08-19 23:28:25,524,3.4854961832061067,0.00028849250611811015,True,4.328589367936376,272.00134156550865,0.0006228088676352904,Coach: fulfilment
3f3486b61f45078d4f31ee5e43d8c5bb,39,4.333333333333333,0.07692307692307693,0.15384615384615385,1.4490918803418804,11.992111823361823,13.880092592592591,3769.73,119.31102564102564,0.26169810845416835,SP,luggage_accessories,2017-12-04 19:22:50,2018-08-17 10:48:14,255,4.655529411764706,0.0002884488913584127,True,-1.986416910841356,0.0,0.0,Coach: fulfilment
2199e7fe213c16213bf5d6a7eadc9a5d,24,4.375,0.08333333333333333,0.041666666666666664,1.4377604166666667,8.850636574074075,10.778269675925927,3767.29,179.54583333333335,0.20412989954352864,SP,housewares,2017-01-28 20:09:18,2018-08-20 08:13:17,568,1.2861971830985914,0.00028826218958005864,False,-1.0685642528254502,0.0,0.0,Monitor (low volume)
5d9dc90a686a8fddacffab6bab5653a3,12,4.166666666666667,0.08333333333333333,0.08333333333333333,2.0366319444444443,6.5353009259259265,8.628414351851852,3761.94,344.27250000000004,0.17216392018063542,SP,sports_leisure,2017-10-01 10:11:40,2018-08-15 17:00:49,318,1.1486792452830188,0.00028785282297588076,False,-0.5342821264127251,0.0,0.0,Monitor (low volume)
edf96ef93ed595084bbcbd9224bd2894,25,3.88,0.12,0.12,2.3775555555555554,10.851972222222223,13.892944444444446,3757.0,174.63119999999998,0.23044164965100197,SP,electronics,2017-02-07 23:16:34,2018-08-16 15:32:45,554,1.3736462093862818,0.00028747482839183616,False,-0.19642109669317717,0.0,0.0,Monitor (low volume)
2d2c62bef4c8ba0dd74e0e228e808539,16,4.125,0.1875,0.125,1.4832899305555554,8.724045138888888,10.307335069444445,3749.0,264.40500000000003,0.13117811620445255,SP,small_appliances,2017-11-20 15:08:25,2018-08-23 13:56:50,275,1.7710545454545457,0.0002868626914136262,False,0.9542904981163667,223.60219233989116,0.0005119880196562794,Monitor (low volume)
891071be6ba827b591264c90c2ae8a63,84,3.988095238095238,0.19047619047619047,0.17857142857142858,3.359052878179384,9.862194113756614,13.80751488095238,3748.35,58.74988095238095,0.4650817062109324,SP,fashion_bags_accessories,2017-01-24 21:16:24,2018-08-23 11:37:30,575,4.446886956521739,0.00028681295528414666,True,5.260025115110924,234.7192278598337,0.0005374429981640571,Coach: fulfilment
1d0997ff06b524ce9289ffd75114ecd3,3,3.6666666666666665,0.3333333333333333,0.3333333333333333,4.60787037037037,12.339583333333332,17.0125,3747.0,1291.19,0.05280325867677673,PE,auto,2017-01-27 16:21:48,2017-11-24 09:43:53,300,0.3044,0.0002867096571690737,False,0.6164294683968187,769.9204060276265,0.0017629076882030136,Monitor (low volume)
d12c926d74ceff0a90a21184466ce161,73,4.342465753424658,0.0821917808219178,0.0136986301369863,1.1095775462962962,7.2979166666666675,8.75515601217656,3741.68,67.76643835616439,0.3709959337965353,SP,sports_leisure,2017-01-24 09:00:49,2018-05-13 22:20:16,474,4.688016877637131,0.00028630258607856415,True,-3.3335496023440774,0.0,0.0,Invest
eb4df17aed01d918c65f0f8d650900c0,11,3.909090909090909,0.18181818181818182,0.2727272727272727,5.743181818181818,6.876262626262626,12.899621212121213,3739.87,356.86,0.05071807861660855,SP,auto,2017-11-09 12:22:48,2018-08-15 15:01:55,279,1.2001433691756274,0.00028616409008724414,False,0.5935747174550021,201.80838896076716,0.000462086155474667,Monitor (low volume)
13d058e4eeac2ce8217660b2f8a05812,22,4.181818181818182,0.13636363636363635,0.13636363636363635,2.9974747474747474,7.982859848484849,11.403914141414141,3739.78,211.24409090909091,0.24276203827592113,SP,home_appliances_2,2017-05-13 00:04:32,2018-07-20 20:25:35,433,1.5466050808314087,0.0002861572035462393,False,0.18714943491000396,31.813532440351576,7.28443102545581e-05,Monitor (low volume)
42fa4ee7240e9b8eb4576358ec142ba7,21,4.809523809523809,0.0,0.0,1.0024801587301588,5.657142857142857,6.932804232804232,3736.6,203.15952380952382,0.14809215942902895,RS,unknown,2018-02-04 10:58:23,2018-07-09 11:28:58,155,4.124129032258065,0.00028591387909740083,False,-2.6849937212222685,0.0,0.0,Monitor (low volume)
c0563dd588b775f2e37747ef6ad6c92c,28,4.357142857142857,0.14285714285714285,0.10714285714285714,2.655431547619048,7.968998015873015,10.86046626984127,3727.19,148.1421428571429,0.11500086420917058,SP,cool_stuff,2017-02-28 15:22:46,2018-08-20 16:08:31,538,1.5842379182156134,0.00028519385297678143,False,0.42000837170364147,55.90896439036055,0.00012801627595735978,Monitor (low volume)
3c4e0452bff7a2a788179488d3d77032,31,3.838709677419355,0.1935483870967742,0.03225806451612903,1.9565860215053763,11.131563620071685,13.435864695340502,3719.5,139.08129032258066,0.180598759686591,PR,toys,2017-12-05 10:08:56,2018-03-23 17:33:12,108,8.737407407407408,0.0002846054363064771,True,2.03643784010046,244.3396950404407,0.0005594712434528153,Invest
2e13c71026e1a39ba5cc1b86dcb679aa,23,4.521739130434782,0.08695652173913043,0.08695652173913043,2.629734848484848,7.8057669082125605,10.730344202898552,3717.0,183.1217391304348,0.16746139991571712,SP,sports_leisure,2017-12-27 17:38:31,2018-08-23 17:29:25,238,2.941680672268908,0.00028441414350078653,False,-0.940707408957723,0.0,0.0,Monitor (low volume)
a44fb5a447105f8469bdf16bf9159f25,19,4.052631578947368,0.15789473684210525,0.2631578947368421,4.655847953216374,9.37328216374269,14.242909356725148,3706.1,225.9321052631579,0.23400824937288167,RS,sports_leisure,2017-11-21 14:01:29,2018-08-03 14:48:36,255,2.2680784313725493,0.0002835801068679755,False,0.5707199665131852,111.32343515234292,0.00025490029640829257,Monitor (low volume)
cac4c8e7b1ca6252d8f20b2fc1a2e4af,69,3.6666666666666665,0.2608695652173913,0.2318840579710145,5.808997140522876,12.41124194847021,18.580454911433172,3705.64,74.96884057971015,0.5079261300122897,SP,furniture_decor,2017-04-20 20:47:53,2018-08-15 08:48:29,481,4.366652806652807,0.0002835449089917284,True,9.17787777312683,492.8972607421697,0.0011286002600447988,Coach: fulfilment
7d76b645482be4a332374e8223836592,167,4.0119760479041915,0.1377245508982036,0.11976047904191617,3.518352576974565,9.744664836992682,13.70590485695276,3683.46,36.58778443113772,0.6943292444451875,SP,telephony,2017-07-27 20:53:35,2018-08-14 23:20:59,383,13.272793733681464,0.0002818477592196414,True,1.6479070740895778,36.34730413847902,8.322541058728432e-05,Coach: fulfilment
520b493b57809f446cb0a233bb3e25c7,62,4.338709677419355,0.08064516129032258,0.03225806451612903,1.596695788530466,5.636335125448029,7.596617383512545,3680.9,76.48064516129033,0.3739753922489213,SP,housewares,2017-03-10 20:04:32,2017-12-19 11:08:36,283,6.668833922261484,0.0002816518753866142,True,-2.9271243197990793,0.0,0.0,Invest
d673a59aac7a70d8b01e6902bf090a11,71,4.112676056338028,0.08450704225352113,0.11267605633802817,1.9759722222222222,12.232697574334898,14.513849765258216,3677.05,71.80647887323944,0.49222952193861785,SP,baby,2017-10-31 18:03:11,2018-08-23 00:20:45,295,7.3262372881355935,0.0002813572844658507,True,-3.077835914608623,0.0,0.0,Coach: fulfilment
6a0cbc8af2e8abd1bdfb777943d174c6,33,4.03030303030303,0.12121212121212122,0.09090909090909091,2.8166035353535355,12.317613636363635,15.530092592592592,3673.15,132.7530303030303,0.1947800390636633,SP,sports_leisure,2017-05-08 18:46:53,2018-07-04 15:45:43,421,2.3860332541567697,0.0002810588676889734,True,-0.2192758476349936,0.0,0.0,Invest
8b2492b7ff4468839593fafeed55bad9,29,4.172413793103448,0.13793103448275862,0.06896551724137931,1.7225942460317458,10.363002873563218,12.439679118773945,3660.08,149.52620689655174,0.3490471985395387,RJ,health_beauty,2017-08-29 08:50:49,2018-07-30 09:08:42,335,2.6351044776119403,0.0002800587889008229,False,0.2921515278359146,36.87234358626463,8.442760768696466e-05,Monitor (low volume)
7f2617c58d5d06806987308b45654351,22,3.8181818181818183,0.13636363636363635,0.09090909090909091,2.0222853535353535,10.156123737373738,12.480555555555556,3656.8,181.0577272727273,0.09025350551277224,SP,sports_leisure,2017-04-12 22:14:49,2018-06-21 20:53:59,434,1.543041474654378,0.00027980781273975687,False,0.18714943491000396,31.107638799041023,7.122800639044758e-05,Monitor (low volume)
5d3bb11474a06bdc23fb9e89f1164ee0,31,3.903225806451613,0.16129032258064516,0.03225806451612903,2.110103046594982,7.323275089605735,9.800694444444444,3654.6,134.8006451612903,0.164930212603166,SP,furniture_decor,2017-07-05 21:58:22,2018-08-13 15:36:49,403,2.3415384615384616,0.0002796394750707491,True,1.0364378401004604,122.1859913042304,0.00027977258658761303,Invest
e49c26c3edfa46d227d5121a6b6e4d37,34,4.5588235294117645,0.058823529411764705,0.0,1.1705678104575163,9.88529411764706,11.620608660130719,3644.25,141.34411764705882,0.6468467023698787,PE,consoles_games,2017-02-04 18:51:41,2018-07-25 14:20:31,535,1.9345046728971964,0.00027884752285519,True,-2.3471326915027206,0.0,0.0,Invest
66dc1b1632bd6a3e508510c5b3492107,36,3.638888888888889,0.25,0.027777777777777776,1.6805362654320988,8.049787808641975,10.280092592592592,3642.1800000000003,120.47583333333334,0.24473318947987677,SP,sports_leisure,2017-07-19 17:27:37,2018-08-12 11:16:23,388,2.8243298969072166,0.0002786891324120782,True,4.397153620761825,444.8673604018419,0.0010186248912784977,Invest
1eade46fba20122dc4aefb379f8c636b,58,4.431034482758621,0.08620689655172414,0.13793103448275862,1.7205681818181817,10.328544061302681,12.373718869731801,3635.37,80.58120689655172,0.3946477552260609,SP,health_beauty,2017-02-13 00:28:28,2018-07-22 22:00:38,524,3.3693129770992365,0.00027816805080937697,True,-2.4156969443281704,0.0,0.0,Coach: fulfilment
3364a91ec4d56c98e44174de954b94f6,6,3.8333333333333335,0.3333333333333333,0.0,1.5059027777777778,13.145138888888889,14.825925925925924,3629.84,655.3566666666667,0.15636446396823236,RO,auto,2017-04-29 14:34:26,2017-08-29 09:42:04,121,1.5094214876033059,0.0002777449111231894,False,1.2328589367936373,745.8467805218361,0.001707785653308467,Monitor (low volume)
271c58a1d139c45eaf3316107c6d3a3b,27,4.185185185185185,0.14814814814814814,0.07407407407407407,5.49375,7.238374485596707,13.1556841563786,3597.63,156.76111111111112,0.18320639232058783,SP,baby,2018-05-02 13:55:37,2018-08-12 19:17:28,102,8.05764705882353,0.00027528029461467167,False,0.5478652155713686,73.00060501837122,0.0001671514702335871,Monitor (low volume)
0509040ea3fe50071181bbc359eb7738,86,4.476744186046512,0.011627906976744186,0.06976744186046512,1.8056605297157624,9.43733850129199,11.616787790697673,3578.45,57.8353488372093,0.48258950864667566,MG,sports_leisure,2017-05-03 14:22:02,2018-08-02 12:05:18,455,5.753494505494506,0.0002738126962094134,True,-9.99568857262453,0.0,0.0,Invest
5f5b43b2bffa8656e4bc6efeb13cc649,26,4.423076923076923,0.07692307692307693,0.038461538461538464,1.7114049145299146,11.56610576923077,13.875106837606838,3578.2,158.32,0.19539949694100572,SP,stationery,2017-11-25 23:53:16,2018-06-18 17:35:29,204,3.879607843137255,0.0002737935669288443,False,-1.324277940560904,0.0,0.0,Monitor (low volume)
3c010235b7345c92f125d14ee232a76b,15,4.666666666666667,0.0,0.0,4.602222222222222,5.816527777777778,11.03949074074074,3578.0,267.02133333333336,0.1217992785703521,PR,pet_shop,2018-07-02 13:16:53,2018-08-15 11:37:45,43,10.61860465116279,0.00027377826350438906,False,-1.9178526580159063,0.0,0.0,Monitor (low volume)
f2336e113377dd21c744d9c4fc8293a9,4,4.25,0.0,0.0,6.334201388888889,13.624652777777778,20.24722222222222,3563.0,940.52,0.10205272007641628,SP,garden_tools,2017-02-22 17:46:56,2017-09-15 13:18:29,204,0.5968627450980393,0.00027263050667024547,False,-0.5114273754709083,0.0,0.0,Monitor (low volume)
99a54764c341d5dc80b4a8fac4eba3fb,41,3.658536585365854,0.21951219512195122,0.1951219512195122,1.7548784722222224,5.8579945799457995,7.958570460704607,3560.7599999999998,117.83560975609757,0.566119251250014,SP,housewares,2018-04-27 16:58:21,2018-08-28 15:53:09,122,10.22983606557377,0.0002724591083163467,True,3.7578694014231897,326.36270853199113,0.0007472815676912473,Coach: fulfilment
c731d18cea9bf687ffee82a241c25b11,22,4.363636363636363,0.13636363636363635,0.0,1.2650252525252526,6.389962121212122,7.848042929292929,3558.52,191.6409090909091,0.21221727883920236,SC,la_cuisine,2017-02-23 12:20:44,2018-08-12 22:48:32,535,1.2517383177570094,0.0002722877099624479,False,0.18714943491000396,30.27159123254306,6.931368554488501e-05,Monitor (low volume)
33ac3e28642ab8bda860a2f693000e78,33,4.303030303030303,0.09090909090909091,0.0,2.369402356902357,6.239983164983165,8.801094276094277,3556.13,122.47969696969697,0.14371644093397026,SP,sports_leisure,2017-02-09 21:17:20,2018-07-23 11:42:25,528,1.9024999999999999,0.0002721048340402077,True,-1.2192758476349936,0.0,0.0,Invest
218f991754f360af9c2daa5e0b8e990c,14,3.642857142857143,0.21428571428571427,0.14285714285714285,3.2429067460317462,10.48720238095238,13.861706349206349,3554.32,272.82428571428574,0.0740769122982168,SP,housewares,2017-12-18 18:19:07,2018-08-19 19:09:43,244,1.7465573770491802,0.0002719663380488877,False,1.2100041858518207,307.1958627040603,0.0007033947196428938,Monitor (low volume)
2745f798279e0ed033addcc1474776d7,30,3.933333333333333,0.13333333333333333,0.1,2.756782407407407,10.467152777777779,13.85951388888889,3553.03,140.613,0.19187454441762533,SP,sports_leisure,2017-08-20 22:08:30,2018-05-10 12:06:02,262,3.4854961832061067,0.00027186763096115135,True,0.16429468396818747,19.45813136598297,4.4553812465031245e-05,Invest
585175ec331ea177fa47199e39a6170a,1,5.0,0.0,0.0,1.9131944444444444,5.361805555555556,7.919444444444444,3549.0,3602.47,0.015066215835446605,MG,computers,2017-02-21 18:35:38,2017-02-21 18:35:38,0,1.0,0.0002715592669583781,False,-0.12785684386772708,0.0,0.0,Monitor (low volume)
23a0ffca143a15b9b5bbdb7d552f626a,22,3.9545454545454546,0.22727272727272727,0.13636363636363635,1.0772727272727272,10.194507575757576,11.553724747474748,3548.52,186.1031818181818,0.21257551586057533,SP,garden_tools,2018-03-14 19:41:35,2018-08-14 14:23:59,152,4.4057894736842105,0.00027152253873968547,False,2.187149434910004,352.77925058031116,0.0008077682422982982,Monitor (low volume)
79ed755314cfe6df0daef2c6cd3022cd,22,4.7272727272727275,0.0,0.0,1.3768939393939394,7.636584595959596,9.140498737373738,3547.7000000000003,180.58272727272728,0.12232462304421711,SP,garden_tools,2017-02-24 09:06:40,2018-08-08 20:06:57,530,1.2635471698113208,0.000271459794699419,False,-2.8128505650899958,0.0,0.0,Monitor (low volume)
a0415d9b25ede3c4b1e477e9916ffc03,9,4.222222222222222,0.1111111111111111,0.0,1.8679783950617284,6.752932098765432,8.927237654320987,3544.2,414.3488888888889,0.07599469896569593,RJ,watches_gifts,2017-04-09 11:23:37,2018-01-09 11:53:29,275,0.9962181818181819,0.0002711919847714521,False,-0.1507115948095438,0.0,0.0,Monitor (low volume)
96804ea39d96eb908e7c3afdb671bb9e,36,4.222222222222222,0.1111111111111111,0.027777777777777776,2.6346643518518515,9.9930362654321,13.04951774691358,3529.9,117.91250000000001,1.376929616615214,MG,sports_leisure,2017-02-07 00:16:04,2018-04-24 20:15:21,441,2.4848979591836735,0.0002700977899229019,True,-0.6028463792381752,0.0,0.0,Invest
38e679b9e0064cd94c6f035707344dae,25,4.08,0.16,0.04,1.7665833333333334,8.706583333333333,10.940972222222221,3516.09,165.80599999999998,0.20962906508467205,PR,sports_leisure,2017-01-23 11:43:58,2018-01-30 07:15:03,371,2.051212938005391,0.00026904108846426703,False,0.803578903306823,113.01822984512349,0.00025878091389866894,Monitor (low volume)
6750d71153f00fc58829af2a8ef1bcf1,6,4.166666666666667,0.16666666666666666,0.0,0.9395833333333333,8.439930555555556,9.518981481481482,3514.0,604.4166666666666,0.11697201142250162,RJ,sports_leisure,2017-03-28 15:29:43,2017-08-08 23:13:27,133,1.373233082706767,0.0002688811676787097,False,0.23285893679363745,136.37771731547366,0.0003122677675156968,Monitor (low volume)
71039d19d4303bf9054d69e9a9236699,34,3.8823529411764706,0.17647058823529413,0.23529411764705882,1.8171977124183005,11.733496732026143,14.089624183006535,3507.2999999999997,120.73970588235294,0.3176674769921541,SP,toys,2017-10-07 21:41:11,2018-08-03 13:46:47,299,3.4614046822742477,0.0002683685029594588,True,1.6528673084972796,170.50298562036787,0.00039040532223655447,Coach: fulfilment
8f119a0aee85c0c8fc534629734e94fd,73,4.342465753424658,0.0684931506849315,0.0547945205479452,3.3814139660493825,6.717246955859969,10.275770547945205,3496.39,61.98739726027397,0.35865449974129265,SP,toys,2017-01-05 19:52:28,2018-08-10 21:02:26,582,3.818075601374571,0.00026753370115542504,True,-4.333549602344077,0.0,0.0,Invest
ed4311e67debd72b8610a5347a743087,24,4.625,0.041666666666666664,0.041666666666666664,1.4979166666666668,6.1411747685185185,7.826909722222222,3496.0,174.39833333333334,0.2048705577970246,SP,housewares,2017-12-14 14:07:48,2018-08-28 16:33:22,257,2.842645914396887,0.00026750385947773734,False,-2.06856425282545,0.0,0.0,Monitor (low volume)
602044f2c16190c2c6e45eb35c2e21cb,46,3.3043478260869565,0.34782608695652173,0.17391304347826086,1.5553030303030304,12.348988526570048,14.304362922705314,3491.57,95.37717391304349,0.2663178102470151,SP,bed_bath_table,2017-10-20 10:00:43,2018-08-23 12:32:01,307,4.561042345276873,0.0002671648886260536,True,10.118585182084553,768.0380100915428,0.001758597515044874,Remove
406822777a0b9eb5c50e442dd4cd3ec5,43,4.325581395348837,0.09302325581395349,0.11627906976744186,1.9967538759689922,10.687564599483204,12.93890503875969,3488.19,101.76441860465115,0.3231828997281749,SP,toys,2017-10-30 16:01:24,2018-08-23 00:07:26,296,4.422027027027027,0.0002669062607527599,True,-1.4978442863122645,0.0,0.0,Coach: fulfilment
4559697a8f7e637227c2eeaed843baff,39,4.205128205128205,0.1282051282051282,0.07692307692307693,2.131303418803419,10.44312678062678,12.937802706552706,3486.3,107.42358974358976,0.23367385181922123,SP,home_appliances,2017-02-14 16:20:34,2018-06-27 12:45:26,497,2.388651911468813,0.00026676164339165784,True,0.013583089158643341,1.2142236854814945,2.7802409879972917e-06,Invest
e7d5b006eb624f13074497221eb37807,28,3.9285714285714284,0.21428571428571427,0.07142857142857142,2.534623015873016,8.165699404761904,11.165724206349207,3478.9300000000003,150.7292857142857,0.24595476249950057,SP,computers_accessories,2017-08-12 11:02:56,2018-07-19 13:03:38,341,2.4994721407624634,0.00026619771220048194,False,2.4200083717036414,300.6799901632482,0.0006884751491163575,Monitor (low volume)
282c7480173bb9c01dd41cc739fec010,4,4.0,0.25,0.25,1.8902777777777777,13.289756944444445,15.93888888888889,3474.2999999999997,911.515,0.04603765448888237,SP,health_beauty,2017-08-07 21:25:10,2017-08-12 13:27:54,4,4.0,0.0002658434379243429,False,0.48857262452909167,424.36196735035577,0.0009716731352566,Monitor (low volume)
8ff38bc3969e67c36c48343a07090f66,2,2.5,0.5,0.0,7.246180555555556,9.493055555555555,16.915277777777778,3472.0,1929.78,0.11162442396313363,SP,auto,2017-08-01 09:24:06,2017-09-29 13:19:51,59,1.0318644067796612,0.0002656674485431076,False,0.7442863122645458,1292.0810380912515,0.002958513085248275,Monitor (low volume)
ed46f1eb4a638113deb2a1137b5f22e9,4,4.0,0.25,0.0,1.9913194444444446,5.079166666666667,7.358333333333333,3470.0,921.6700000000001,0.06300245261984393,SC,health_beauty,2018-07-26 16:11:51,2018-08-23 23:05:07,28,4.0,0.0002655144142985551,False,0.48857262452909167,423.83675177898704,0.0009704705348819626,Monitor (low volume)
bce6a5ecf98e99fd2a8868b15c51f04b,14,4.071428571428571,0.21428571428571427,0.21428571428571427,4.310069444444444,7.218105158730159,11.760019841269841,3464.9,264.75,0.08694602135949184,SP,watches_gifts,2018-06-02 10:10:55,2018-08-22 10:51:09,81,5.2612345679012344,0.00026512417697494624,False,1.2100041858518207,299.46739311128385,0.0006856986326753535,Monitor (low volume)
56642bcb79900e777d68e91915cb4267,46,4.021739130434782,0.15217391304347827,0.08695652173913043,2.405087560386473,9.84699577294686,12.611050724637682,3454.64,92.17630434782608,0.2996413021488689,SP,health_beauty,2017-01-24 08:52:34,2018-07-26 12:56:16,548,2.555182481751825,0.000264339111300392,True,1.1185851820845547,84.0067198573171,0.00019235247064209782,Invest
5bc55dbe2f12b6af6d83ed46023e0dc8,17,2.411764705882353,0.5882352941176471,0.23529411764705882,3.3759803921568627,10.265563725490196,13.928308823529411,3454.09,232.95235294117649,0.15085489815268452,MG,sports_leisure,2018-02-21 10:03:23,2018-08-13 20:22:33,173,2.99121387283237,0.0002642970268831401,False,7.826433654248639,1590.188601223746,0.003641098078246736,Monitor (low volume)
f0837c8d71434931d9e38e7b79234797,22,4.590909090909091,0.0,0.045454545454545456,1.9723611111111112,9.842518939393939,11.822285353535353,3446.9,184.06181818181818,0.5036375623250042,RS,housewares,2017-11-18 12:08:24,2018-08-14 17:27:42,269,2.4895167286245354,0.0002637468687739739,False,-2.8128505650899958,0.0,0.0,Monitor (low volume)
960945e1a9535cbc0cd6ddd35fbe7ae8,28,4.642857142857143,0.0,0.0,1.3951131687242797,4.53484623015873,6.186359126984128,3441.53,141.21535714285716,0.18935032376784428,SP,construction_tools_construction,2018-05-07 18:29:38,2018-08-26 10:08:49,110,7.748363636363637,0.00026333597182735054,False,-3.579991628296358,0.0,0.0,Monitor (low volume)
f3da5b2ff499efb8d4a6d371d175d7dd,74,3.9324324324324325,0.17567567567567569,0.14864864864864866,2.1356884057971017,9.048751876876878,11.508596096096095,3432.29,60.28405405405406,0.4437061138706143,SP,housewares,2017-11-04 09:24:45,2018-07-10 15:47:15,248,9.08290322580645,0.00026262895361751806,True,3.5385935537881967,164.12809822610393,0.00037580856923352635,Coach: fulfilment
276677b5d08786d5dce7c2149dcce48b,31,4.032258064516129,0.1935483870967742,0.0967741935483871,1.4871886973180077,9.929569892473118,12.060237455197132,3424.2,135.14354838709676,0.35725161622450446,MG,housewares,2018-02-01 21:24:28,2018-08-13 12:23:45,192,4.914791666666667,0.00026200993009830323,True,2.03643784010046,224.94098232490308,0.0005150534834873317,Invest
ec80e49e69745ab6c14f984bf2149423,11,4.0,0.09090909090909091,0.09090909090909091,2.099810606060606,8.672790404040404,10.799810606060605,3421.0,326.31,0.04944363260245192,SP,housewares,2018-02-04 22:12:07,2018-08-22 22:17:56,199,1.6826130653266331,0.00026176507530701926,False,-0.4064252825449979,0.0,0.0,Monitor (low volume)
c9a06ece156bb057372c68718ec8909b,9,3.5555555555555554,0.2222222222222222,0.0,1.9054783950617287,9.517978395061728,11.836111111111112,3420.0,422.13111111111107,0.11087134502923976,DF,garden_tools,2017-01-10 14:08:07,2017-01-15 17:55:56,5,9.0,0.00026168855818474305,False,0.8492884051904561,322.7295939723733,0.0007389627264978854,Monitor (low volume)
4677a5437afda5fa7140b927b07be1cc,11,4.363636363636363,0.0,0.09090909090909091,3.033017676767677,9.003282828282828,12.510479797979798,3415.7000000000003,348.7,0.15204591607650764,PR,auto,2018-04-13 16:52:01,2018-08-09 14:20:29,117,2.861880341880342,0.0002613595345589552,False,-1.4064252825449979,0.0,0.0,Monitor (low volume)
f4db9b37944bcb8873e6b456ee190bbf,21,4.571428571428571,0.0,0.09523809523809523,2.179826388888889,10.77172619047619,13.153968253968255,3409.78,186.18761904761905,0.14565028189023502,SP,fashion_bags_accessories,2017-04-08 19:22:41,2018-08-15 10:31:34,493,1.296632860040568,0.0002609065531950799,False,-2.6849937212222685,0.0,0.0,Monitor (low volume)
822166ed1e47908f7cfb49946d03c726,63,4.095238095238095,0.1746031746031746,0.015873015873015872,3.162962962962963,8.890046296296296,12.681878306878307,3394.09,77.99492063492063,0.5705028816287427,RJ,bed_bath_table,2017-05-25 00:33:44,2018-07-22 15:19:05,423,4.533617021276596,0.0002597059995465657,True,2.945018836333193,158.66125368587504,0.0003632909866435224,Invest
f97e2b0650c2068227e1d366140eb62f,15,4.0,0.2,0.0,6.0835185185185185,6.698935185185186,12.90638888888889,3389.0,291.6406666666666,0.3695353189971987,SP,pet_shop,2017-06-14 17:57:21,2018-08-19 09:49:20,430,1.061860465116279,0.0002593165273941796,False,1.082147341984094,244.49315613227296,0.0005598226274874676,Monitor (low volume)
157c3e4b42f81ac4a44e8b1ca2fe9876,22,3.727272727272727,0.22727272727272727,0.09090909090909091,2.6095568783068783,7.694381313131314,11.036647727272728,3388.39,192.3081818181818,0.2808708801292336,SP,furniture_decor,2017-10-19 22:49:04,2018-08-16 11:37:32,300,2.232266666666667,0.0002592698519495911,False,2.187149434910004,336.8597851706685,0.0007713170094915996,Monitor (low volume)
54c04bdb5ec46762f8f08c7e8f86ed4a,18,4.333333333333333,0.1111111111111111,0.1111111111111111,1.559967320261438,13.94104938271605,15.719907407407407,3386.56,214.8638888888889,0.1571971903181566,SC,sports_leisure,2018-02-06 15:10:03,2018-08-09 10:00:38,183,2.994098360655738,0.0002591298256158256,False,-0.3014231896190876,0.0,0.0,Monitor (low volume)
cfd7ddab722b902f7ac5b5f3ba6d723d,12,4.75,0.08333333333333333,0.0,0.837121212121212,4.573726851851852,5.445138888888889,3385.03,338.17583333333334,0.3569020541790083,MG,housewares,2018-06-07 18:54:10,2018-08-02 20:52:16,56,6.522857142857143,0.00025901275441874295,False,-0.5342821264127251,0.0,0.0,Monitor (low volume)
3d8fa2f5b647373c8620330c4e077a9f,41,4.219512195121951,0.12195121951219512,0.024390243902439025,2.8298437499999998,5.997527100271003,9.075863821138212,3366.64,100.16731707317072,0.24166889287337395,SP,garden_tools,2018-04-30 14:17:06,2018-08-15 14:57:55,107,11.66392523364486,0.0002576056045400828,True,-0.2421305985768105,0.0,0.0,Invest
1b8356dabde1d35e17cef975c3f82730,55,4.218181818181818,0.09090909090909091,0.01818181818181818,1.4284469696969697,8.747992424242424,10.540176767676767,3366.4,78.84781818181818,0.34765761689615726,SP,sports_leisure,2017-02-03 16:13:58,2017-11-13 22:06:58,283,5.915901060070672,0.00025758724043073656,True,-2.032126412724989,0.0,0.0,Invest
d20b021d3efdf267a402c402a48ea64b,73,3.8493150684931505,0.1780821917808219,0.2054794520547945,3.827826682316119,13.898791856925419,17.930184550989345,3361.99,63.99164383561644,0.6609133681877049,SP,furniture_decor,2017-02-26 15:43:16,2018-07-30 00:59:02,518,4.28980694980695,0.0002572497999214983,True,3.666450397655922,168.85711743034565,0.00038663673308987997,Coach: fulfilment
b1fecf4da1fa2689bccffa0121953643,17,4.9411764705882355,0.0,0.0,2.539093137254902,6.641421568627451,9.375816993464053,3357.84,218.8164705882353,0.12054676059272675,MS,health_beauty,2017-01-23 10:21:21,2017-05-27 11:08:23,124,4.173225806451613,0.00025693225386405193,False,-2.1735663457513605,0.0,0.0,Monitor (low volume)
df560393f3a51e74553ab94004ba5c87,25,3.92,0.08,0.08,6.619944444444444,12.071305555555554,18.924777777777777,3335.88,155.5352,0.20373176401957532,PR,garden_tools,2017-01-19 20:45:08,2018-03-10 21:24:16,415,1.8337349397590361,0.00025525193785886567,False,-1.196421096693177,0.0,0.0,Monitor (low volume)
6b90f847357d8981edd79a1eb1bf0acb,45,4.355555555555555,0.06666666666666667,0.044444444444444446,0.9687665343915344,4.282469135802469,5.575416666666667,3322.08,90.21622222222223,0.3147751548711194,SP,health_beauty,2018-06-07 14:18:38,2018-08-29 11:06:11,82,16.70487804878049,0.00025419600157145357,True,-2.7535579740477187,0.0,0.0,Invest
827f8f69dfa529c561901c4f2e0f332f,88,4.284090909090909,0.11363636363636363,0.09090909090909091,5.206999684343434,7.956115845959596,13.447956123737374,3320.69,55.35897727272727,0.4736768737726962,PR,fashion_shoes,2017-01-14 16:35:59,2018-03-19 13:16:50,428,6.258691588785047,0.0002540896427714896,True,-1.2514022603599835,0.0,0.0,Invest
070d165398b553f3b4b851c216b8a358,30,3.3666666666666667,0.3333333333333333,0.16666666666666666,3.6127314814814815,7.986273148148148,12.096203703703704,3312.08,142.0656666666667,0.3051971751268291,SP,pet_shop,2017-08-24 10:29:36,2018-08-16 14:21:35,357,2.557983193277311,0.00025343083034869114,True,6.164294683968187,680.5545712292451,0.0015582843063633406,Remove
6481e96574816ead57975da2c0f6d80d,31,4.258064516129032,0.06451612903225806,0.03225806451612903,2.016269841269841,4.458243727598566,6.983243727598566,3297.9,138.66064516129035,0.4719074502158757,SP,signaling_and_security,2017-12-29 16:31:00,2018-07-28 13:11:22,210,4.4935238095238095,0.00025234581755481406,True,-1.9635621598995396,0.0,0.0,Invest
a2b5b6105ea5942300631d2e76f4ffe0,16,4.75,0.0,0.125,2.2233506944444446,5.997612847222221,8.469184027777779,3286.69,250.58375,0.2505033869536501,SP,toys,2018-05-25 10:59:28,2018-08-20 22:06:01,87,5.59816091954023,0.0002514880606140974,False,-2.0457095018836333,0.0,0.0,Monitor (low volume)
52562a9f449c3dc3d53f5f5b9ed74903,14,4.785714285714286,0.0,0.0,2.3687003968253966,10.581845238095239,13.35763888888889,3266.6,265.04571428571427,0.2752954670197588,RN,sports_leisure,2017-04-27 22:05:13,2018-04-14 14:59:46,351,1.2141310541310542,0.00024995083162756773,False,-1.789995814148179,0.0,0.0,Monitor (low volume)
aeb36d67f1414f234d42a29e27cf1f17,4,4.5,0.0,0.25,9.221875,10.21545138888889,19.469965277777778,3263.8,887.025,0.08372287980284225,SP,auto,2018-05-14 21:03:30,2018-08-06 20:17:40,83,1.4669879518072289,0.0002497365836851943,False,-0.5114273754709083,0.0,0.0,Monitor (low volume)
594f9aaa48e5bf431f011ddc5669b0d5,37,4.594594594594595,0.02702702702702703,0.02702702702702703,0.8298418209876544,6.793768768768769,7.787180930930931,3248.8,111.79486486486486,0.31324755647361274,MG,stationery,2018-04-26 08:51:45,2018-08-27 23:31:47,123,9.156747967479674,0.0002485888268510507,True,-3.730703223105902,0.0,0.0,Invest
994f04b3718c2bab35c2adfa8afecd2a,46,4.369565217391305,0.021739130434782608,0.08695652173913043,3.7263134057971015,10.277219202898552,14.213435990338166,3239.9,86.64173913043479,0.26197971805709985,SP,housewares,2017-11-13 18:09:53,2018-07-19 14:01:10,247,5.668987854251013,0.0002479078244627921,True,-4.881414817915446,0.0,0.0,Invest
0ebd97a106433a45a4aebe57c1799778,31,4.483870967741935,0.06451612903225806,0.0,2.061671146953405,6.9329749103942655,9.43673835125448,3230.6000000000004,125.15225806451613,0.2256132741839557,MG,fashion_bags_accessories,2017-05-16 09:12:37,2018-07-13 21:05:56,423,2.230827423167849,0.0002471962152256231,True,-1.9635621598995396,0.0,0.0,Invest
643214e62b870443ccbe55ab29a4dccf,65,4.4,0.046153846153846156,0.12307692307692308,1.9178276909722223,7.318771367521367,9.590651709401708,3229.23,63.395538461538465,0.39390647672038215,SP,fashion_bags_accessories,2017-09-30 21:44:37,2018-08-22 11:39:52,325,6.088000000000001,0.00024709138676810464,True,-5.3106948514022605,0.0,0.0,Coach: fulfilment
c64a2aec32cc408a8a4c6d7c46017f91,9,3.888888888888889,0.1111111111111111,0.0,6.555787037037037,14.933796296296297,21.51033950617284,3221.5,403.13,0.12698096674567264,RS,home_construction,2017-11-24 14:41:34,2018-02-14 17:51:11,82,3.3409756097560974,0.00024649990941290925,False,-0.1507115948095438,0.0,0.0,Monitor (low volume)
6bb0724edf0b62fb91ac404873a97241,15,4.466666666666667,0.06666666666666667,0.13333333333333333,1.1479166666666667,12.146759259259259,14.062962962962963,3216.0,260.07866666666666,0.22039401303122755,SP,electronics,2017-02-20 00:34:48,2018-04-01 21:51:22,405,1.1274074074074074,0.0002460790652403899,False,-0.9178526580159062,0.0,0.0,Monitor (low volume)
e48b04bf1aa1ef711caebeb7aede6180,25,4.48,0.08,0.0,1.5923333333333332,8.492555555555557,10.543972222222223,3187.1000000000004,153.3092,0.2258857176832608,PR,toys,2017-01-26 18:33:10,2018-07-31 16:16:19,550,1.3836363636363638,0.00024386772040660662,False,-1.196421096693177,0.0,0.0,Monitor (low volume)
a938325a4b357fd23a6a4d5bb126408e,23,3.9565217391304346,0.17391304347826086,0.043478260869565216,3.499124396135266,9.295259661835749,13.404317632850242,3182.0,158.62130434782608,0.17509945629952667,RJ,auto,2017-09-15 15:51:25,2018-08-14 14:57:20,332,2.1087951807228915,0.00024347748308299776,False,1.059292591042277,146.5508271607185,0.00033556141374030716,Monitor (low volume)
e89c4adbe7b1d0819dbb636e16461cf1,24,3.8333333333333335,0.16666666666666666,0.125,3.1013599537037035,11.637326388888889,15.115943287037036,3181.3,151.50625,0.1700656512644765,SP,sports_leisure,2018-01-10 13:22:49,2018-08-17 16:12:59,219,3.3358904109589043,0.00024342392109740442,False,0.9314357471745498,123.46568927026648,0.00028270274581607466,Monitor (low volume)
db4350fd57ae30082dec7acbaacc17f9,129,4.24031007751938,0.09302325581395349,0.03875968992248062,1.7581976996527777,8.557940353143842,10.921823858742464,3177.3599999999997,40.451860465116276,0.6942603647248535,SP,telephony,2017-03-06 19:45:34,2018-08-21 16:53:34,532,7.381127819548872,0.00024312244363563598,True,-4.493532858936794,0.0,0.0,Invest
4c18691b6037662be2df78a765d98ab5,62,3.8548387096774195,0.1774193548387097,0.08064516129032258,1.651058743169399,7.157258064516129,9.17507840501792,3159.02,68.85225806451614,0.46112760688350424,SP,housewares,2018-02-25 18:55:59,2018-08-28 10:57:13,183,10.313005464480874,0.00024171911961308975,True,3.0728756802009216,156.56896340755347,0.00035850021270282864,Invest
d57e18d5f73c7ccb7f7339b61166898d,60,4.45,0.08333333333333333,0.03333333333333333,1.4040371939736345,7.461840277777778,9.29400462962963,3151.8,67.43333333333334,0.32235821757302113,SP,fashion_bags_accessories,2017-10-03 12:53:56,2018-08-21 13:41:26,322,5.6720496894409935,0.0002411666659902553,True,-2.6714106320636253,0.0,0.0,Invest
5bc24d989e71e93c33e50a7782431b0e,17,4.352941176470588,0.11764705882352941,0.0,1.3079248366013072,7.777491830065359,9.188602941176471,3148.0,219.7958823529412,0.2700033040894235,MG,auto,2018-05-02 14:07:29,2018-08-21 18:52:27,111,4.661981981981982,0.0002408759009256056,False,-0.17356634575136043,0.0,0.0,Monitor (low volume)
f326006815956455b2859abd58fe7e39,9,4.666666666666667,0.0,0.0,1.5636574074074074,10.917746913580247,12.901388888888889,3147.16,423.6866666666667,0.22213308488002878,SP,sports_leisure,2017-11-07 14:07:03,2018-08-01 13:30:49,266,1.0299248120300752,0.00024081162654289353,False,-1.1507115948095437,0.0,0.0,Monitor (low volume)
3cfa1358a6caa965278721344c8d76f2,5,4.8,0.0,0.0,2.08875,3.7055555555555557,6.302083333333334,3140.2799999999997,644.3059999999999,0.11101796499581273,SP,home_construction,2018-04-18 13:37:54,2018-06-13 21:59:30,56,2.717857142857143,0.000240285188741633,False,-0.6392842193386354,0.0,0.0,Monitor (low volume)
c394e193cda3b4225ff2094d32184849,2,5.0,0.0,0.0,5.445833333333333,5.061111111111111,11.452430555555555,3134.8899999999994,1656.2249999999997,0.04514193480472999,SP,drinks,2018-04-19 13:54:06,2018-05-13 23:54:31,24,2.0,0.00023987276145256403,False,-0.25571368773545416,0.0,0.0,Monitor (low volume)
b17b679f4f5ce2e03ce6968c62648246,44,3.8636363636363638,0.18181818181818182,0.20454545454545456,3.9414930555555556,14.978030303030302,19.590325126262627,3124.4700000000003,90.90772727272727,0.3510252846264095,SP,health_beauty,2017-01-24 22:27:20,2018-05-14 12:37:29,474,2.8256540084388186,0.00023907545303844565,True,2.3742988698200085,168.60058158605733,0.00038604933599187486,Coach: fulfilment
21e83881401b92b49fb09a16d3852291,12,4.833333333333333,0.0,0.0,3.1322916666666667,7.284780092592592,10.948900462962962,3109.06,300.5075,0.17586172380106632,MG,garden_tools,2017-03-09 23:39:26,2018-01-29 16:16:23,325,1.1239384615384616,0.00023789632418416877,False,-1.5342821264127249,0.0,0.0,Monitor (low volume)
5b35136197710e16ac5e7b7c2bd4ea85,7,2.5714285714285716,0.5714285714285714,0.2857142857142857,2.6024801587301587,15.48472222222222,18.38958333333333,3104.2000000000003,478.61285714285714,0.11020318527836011,RJ,housewares,2017-08-16 12:02:50,2018-03-31 12:04:24,227,0.9386784140969163,0.00023752445096990627,False,3.10500209292591,1376.935356694373,0.0031528063257852757,Monitor (low volume)
afa6714acee029b2dfdf357e5579cc03,15,4.2,0.13333333333333333,0.13333333333333333,2.4288888888888893,10.441620370370371,13.106666666666667,3100.86,231.24466666666666,0.15752546275146992,SP,toys,2017-01-24 22:38:56,2018-08-20 11:23:16,572,0.7982517482517483,0.0002372688837815036,False,0.08214734198409374,16.981827124319796,3.888375131094216e-05,Monitor (low volume)
08cdbae123ff67ca4e36d9d641ce0119,4,3.25,0.5,0.5,10.167361111111111,13.479861111111111,24.25642361111111,3098.99,1048.865,0.29855537588298375,MG,furniture_living_room,2018-02-20 08:12:25,2018-07-29 15:29:19,159,0.7657861635220126,0.000237125796762847,False,1.4885726245290916,1153.2679194223522,0.0026406689130338565,Monitor (low volume)
f44b6f775a2b390380e0e30b5c9d3eee,10,4.9,0.0,0.0,2.390069444444445,6.118125,8.694236111111111,3089.99,335.746,0.1090424069886744,SP,cool_stuff,2017-06-30 20:06:54,2018-08-26 13:49:27,421,0.7230403800475059,0.00023643714266236086,False,-1.2785684386772709,0.0,0.0,Monitor (low volume)
38874e327ce94d11390b96eb42d61928,5,4.2,0.0,0.2,10.995694444444444,4.595972222222222,15.70375,3089.95,675.042,0.0967296924617139,SP,office_furniture,2017-02-09 22:05:38,2017-10-27 14:24:24,259,0.5876447876447877,0.0002364340819774698,False,-0.6392842193386354,0.0,0.0,Monitor (low volume)
4da0e408c99d2fdc2126dc9fce518060,44,4.409090909090909,0.06818181818181818,0.0,1.4454545454545455,7.629245580808081,9.280871212121212,3089.92,91.91977272727273,0.37802393562904835,PR,sports_leisure,2017-01-14 15:42:20,2018-08-13 18:42:05,576,2.3252777777777776,0.00023643178646380153,True,-2.625701130179992,0.0,0.0,Invest
95f83f51203c626648c875dd41874c7f,47,3.7872340425531914,0.2553191489361702,0.0425531914893617,3.61598731884058,7.631117021276596,11.69423758865248,3088.58,99.09404255319149,0.5323676453504349,MG,furniture_decor,2017-11-24 14:22:48,2018-08-20 17:06:21,269,5.318513011152417,0.00023632925351995136,True,5.990728338216826,393.67752618829195,0.000901414136002495,Invest
c8b3445d737de6befde0c88ede534a5e,29,4.413793103448276,0.06896551724137931,0.034482758620689655,2.136877394636015,9.414655172413791,12.019109195402299,3084.05,128.24068965517242,0.22725782651827947,SP,toys,2017-11-17 10:26:28,2018-06-27 09:21:40,221,3.9943891402714935,0.00023598263095604,False,-1.7078484721640854,0.0,0.0,Monitor (low volume)
f61c63d13f7cd800549d5acdd390ae72,26,4.0,0.11538461538461539,0.07692307692307693,2.9534989316239315,8.16784188034188,11.747088675213677,3072.3,134.6803846153846,0.25611469678615634,SP,housewares,2017-09-14 10:23:41,2018-08-20 10:19:46,339,2.334631268436578,0.0002350835547692942,False,-0.324277940560904,0.0,0.0,Monitor (low volume)
612a743d294c27884fb7b80d2b19ba35,2,4.5,0.0,0.0,4.465625,4.826388888888889,9.79513888888889,3057.7000000000003,1581.075,0.2568230705729407,PR,sports_leisure,2017-01-25 12:49:36,2018-08-15 14:50:52,567,0.1073721340388007,0.00023396640478406106,False,-0.25571368773545416,0.0,0.0,Monitor (low volume)
870d0118f7a9d85960f29ad89d5d989a,43,4.093023255813954,0.06976744186046512,0.046511627906976744,2.220655684754522,12.12435400516796,14.780135658914729,3052.31,99.19697674418605,0.46785520417138016,MG,furniture_living_room,2017-04-08 20:38:00,2018-08-27 09:19:09,505,2.5919207920792084,0.00023355397749499213,True,-2.4978442863122647,0.0,0.0,Invest
d9e8c084b68fe958861d8f2c21202e6b,9,4.333333333333333,0.1111111111111111,0.0,2.4781635802469135,6.876234567901235,10.330015432098765,3050.0,359.09555555555556,0.3131626102292769,SP,agro_industry_and_commerce,2017-10-05 11:57:47,2018-07-20 16:14:47,288,0.95125,0.000233377222942534,False,-0.1507115948095438,0.0,0.0,Monitor (low volume)
b8555308bfdb4ca1ed54325a58da9a97,26,4.0,0.11538461538461539,0.07692307692307693,1.5684294871794873,8.002056623931624,10.21928418803419,3047.2000000000003,139.61653846153848,0.19665463020216964,SP,office_furniture,2017-12-11 13:47:29,2018-08-23 11:29:01,254,3.1159055118110235,0.00023316297500016055,False,-0.324277940560904,0.0,0.0,Monitor (low volume)
606ce7768feac12c5e8bd58db8b08f0f,5,4.8,0.0,0.0,2.1709722222222223,7.127777777777777,9.729583333333334,3036.5,631.656,0.04914620429104551,SP,watches_gifts,2018-04-24 19:18:38,2018-08-07 23:19:34,105,1.4495238095238097,0.00023234424179180476,False,-0.6392842193386354,0.0,0.0,Monitor (low volume)
238fac594e170b59c6d228f5a4f4f1d9,28,4.0,0.14285714285714285,0.10714285714285714,1.6416152263374486,10.095238095238097,11.967435515873017,3027.0,157.6067857142857,0.4579447515823117,SP,pet_shop,2017-10-08 10:44:32,2018-08-19 11:25:16,315,2.705777777777778,0.00023161732913018045,False,0.42000837170364147,45.40590504096153,0.00010396713538159527,Monitor (low volume)
4c8545742faaf58fafd5fd14d25d75cf,4,4.5,0.0,0.0,0.9159722222222222,9.0390625,9.968576388888888,3020.0,804.0775,0.09647569007730877,SP,toys,2018-03-15 22:07:54,2018-05-19 18:08:37,64,1.9024999999999999,0.0002310817092742468,False,-0.5114273754709083,0.0,0.0,Monitor (low volume)
55f7a3319d80f7fdf078b8f03e6725fe,22,3.772727272727273,0.18181818181818182,0.09090909090909091,1.1974431818181819,4.840909090909091,6.777020202020203,3013.78,155.47500000000002,0.15411700421390626,SP,auto,2018-07-02 19:54:04,2018-08-22 21:06:11,51,13.130980392156863,0.0002306057727736886,False,1.1871494349100042,162.62760108832148,0.00037237284013787696,Monitor (low volume)
5c6d4016c2a288f074fa0848a2b653d2,30,4.133333333333334,0.13333333333333333,0.1,2.0322222222222224,8.239282407407407,10.810625,3008.0,116.63733333333333,0.20080038090415483,SP,computers_accessories,2017-09-27 19:12:25,2018-08-20 09:09:53,326,2.8012269938650305,0.00023016350380693188,True,0.16429468396818747,16.473280312543597,3.7719317848375606e-05,Invest
0c7533c71df861ec58ad7ff999ed0e8d,60,4.2,0.13333333333333333,0.05,2.658310185185185,7.799537037037037,10.74087962962963,3006.2,65.3485,0.4643899329075128,SP,perfumery,2017-07-11 23:14:57,2018-07-28 10:25:00,381,4.793700787401575,0.00023002577298683464,True,0.32858936793637494,16.463422631505505,3.7696746448067405e-05,Invest
2d50d6282f8aa2257819a77bfaa0efe0,40,3.925,0.15,0.15,2.798397435897436,10.665503472222223,13.792447916666665,2999.39,93.84925,0.28454177031515787,SP,bed_bath_table,2017-08-31 13:43:07,2018-08-11 14:31:30,345,3.529275362318841,0.00022950469138413346,True,0.8857262452909165,66.41596107157804,0.00015207443194884706,Coach: fulfilment
aae3bfea055532c57fb453ed3ec80b30,46,3.652173913043478,0.1956521739130435,0.0,3.0133907004830918,9.19429347826087,12.721497584541062,2995.94,81.86652173913043,0.3075633160771029,SP,market_place,2017-01-18 17:20:39,2018-05-15 16:01:56,481,2.911101871101871,0.00022924070731228044,True,3.1185851820845545,203.11074109596524,0.0004650681865702371,Invest
20d83f3ef0e6925fd74bfd59170babf7,39,4.410256410256411,0.07692307692307693,0.05128205128205128,1.4296830484330485,7.0614494301994295,8.920477207977209,2988.7,94.8528205128205,0.23809553664246003,SP,fashion_bags_accessories,2017-03-28 22:02:40,2018-08-28 21:10:46,517,2.2962475822050292,0.00022868672334700043,True,-1.986416910841356,0.0,0.0,Invest
ae7ab174effdead6c241e547e4ca13f0,6,4.333333333333333,0.16666666666666666,0.0,3.388310185185185,5.901273148148149,9.565393518518519,2977.6,651.6966666666666,0.3123080951220743,PR,furniture_living_room,2018-06-11 10:22:49,2018-08-11 19:14:29,61,2.9940983606557374,0.00022783738328973417,False,0.23285893679363745,115.56012836612247,0.00026460116805769455,Monitor (low volume)
fce62094ffe6a4009188ec44e681dfdd,4,4.0,0.25,0.25,1.6260416666666666,10.850347222222222,13.502430555555556,2969.7,863.1575,0.48256147124568183,SP,furniture_decor,2017-02-07 18:01:15,2018-03-01 18:07:51,387,0.3146253229974161,0.00022723289802375186,False,0.48857262452909167,362.72853076601086,0.0008305493796654075,Monitor (low volume)
9646c3513289980f17226a2fc4720dbd,69,4.449275362318841,0.057971014492753624,0.028985507246376812,1.976429146537842,8.894796698872787,11.20101650563607,2964.4,60.17724637681159,0.47472577275330713,SP,computers_accessories,2017-01-25 18:04:52,2018-07-20 11:03:48,540,3.8895555555555554,0.0002268273572756878,True,-4.8221222268731685,0.0,0.0,Invest
d17f467e4bf608a510c20d82f4ba3b6b,11,4.2727272727272725,0.0,0.18181818181818182,4.876199494949495,6.57645202020202,12.060416666666667,2963.78,315.57363636363635,0.330219531574735,RS,agro_industry_and_commerce,2018-07-18 10:52:14,2018-07-31 20:20:14,13,11.0,0.00022677991665987654,False,-1.4064252825449979,0.0,0.0,Monitor (low volume)
b1ac6ea7895bc3dd6f0f6f4abbdd2821,38,4.526315789473684,0.02631578947368421,0.0,3.0441066066066065,6.953819444444445,10.180811403508772,2962.0,98.27263157894737,0.2790709954135467,RS,sports_leisure,2017-03-11 17:05:35,2017-12-15 12:52:08,278,4.160863309352518,0.00022664371618222483,True,-3.858560066973629,0.0,0.0,Invest
3bdff180c7e1f6551a643b99c265a120,55,4.254545454545455,0.09090909090909091,0.05454545454545454,1.7396338383838383,7.966906565656566,10.129861111111111,2958.3,71.74909090909091,0.40885060588414984,SP,computers_accessories,2017-02-01 17:39:57,2018-04-17 16:37:44,439,3.8136674259681094,0.00022636060282980275,True,-2.032126412724989,0.0,0.0,Invest
e908c0f3646e8b60375734a350d95d71,1,4.0,0.0,0.0,6.920833333333333,19.175694444444446,27.10902777777778,2951.0,3009.53,0.019833954591663844,SP,computers_accessories,2017-04-05 16:12:50,2017-04-05 16:12:50,0,1.0,0.0002258020278371862,False,-0.12785684386772708,0.0,0.0,Monitor (low volume)
dd58ee93286b0821565574c570e9e1dc,2,5.0,0.0,0.0,7.067013888888889,4.147222222222222,12.037152777777777,2948.0,1511.655,0.034490512712373834,PR,health_beauty,2017-01-30 17:05:18,2017-05-06 15:22:18,95,0.6408421052631579,0.00022557247647035745,False,-0.25571368773545416,0.0,0.0,Monitor (low volume)
60562ab00b8054280520d390c8c0045c,17,4.764705882352941,0.0,0.0,2.5620659722222223,7.307679738562092,10.181045751633988,2943.0,191.00529411764705,0.10337905528195247,SP,auto,2017-10-18 08:46:18,2018-08-03 18:20:50,289,1.7905882352941178,0.00022518989085897626,False,-2.1735663457513605,0.0,0.0,Monitor (low volume)
2156f2671501a81034d7d07f217609d0,21,4.0,0.14285714285714285,0.14285714285714285,2.8783680555555557,11.913955026455026,15.281944444444445,2909.5,157.28523809523807,0.20163222950782225,SP,computers_accessories,2017-09-01 18:28:26,2018-07-26 13:59:29,327,1.9548623853211011,0.0002226265672627222,False,0.31500627877773113,43.64336990970517,9.993141076734438e-05,Monitor (low volume)
d3dcf0604eabf0224fbd5948b5e02f69,9,3.888888888888889,0.2222222222222222,0.3333333333333333,1.745216049382716,15.72561728395062,17.63225308641975,2902.2999999999997,340.8233333333333,0.09086179167356724,SP,toys,2018-02-15 08:09:22,2018-07-27 15:54:52,162,1.6911111111111112,0.00022207564398233324,False,0.8492884051904561,273.8766375982512,0.0006271027839516996,Monitor (low volume)
8cbac7e12637ed9cffa18c7875207478,64,4.265625,0.078125,0.0625,2.2261904761904763,11.378862847222223,13.987196180555555,2880.98,69.734375,0.7134758266380873,SC,cool_stuff,2017-01-26 14:29:25,2018-08-27 18:25:28,578,3.370519031141869,0.0002204442989354038,True,-3.1828380075345333,0.0,0.0,Invest
1987cd4be10fe09ee50454f9c354d1c6,14,4.357142857142857,0.07142857142857142,0.07142857142857142,5.005505952380952,10.165426587301587,15.318551587301586,2877.7,223.945,0.11769955179376376,MG,pet_shop,2017-10-08 16:38:54,2018-03-02 23:16:28,145,2.9390344827586206,0.00022019332277433773,False,-0.7899958141481792,0.0,0.0,Monitor (low volume)
f4aba7c0bca51484c30ab7bdc34bcdd1,106,3.943396226415094,0.16037735849056603,0.0660377358490566,3.9013299266247383,6.580437631027253,11.01911032494759,2877.2999999999997,41.12603773584905,0.5723864335075801,SP,health_beauty,2017-01-21 15:41:06,2017-07-24 06:25:07,183,17.63191256830601,0.00022016271592542722,True,3.4471745500209283,93.57127672429449,0.00021425269656550887,Invest
41ab63a91b8b264e8c8780368bf1dd5b,12,4.25,0.16666666666666666,0.0,7.14837962962963,8.582118055555556,16.308796296296297,2871.65,267.79333333333335,0.1529293706875963,MG,small_appliances,2017-10-05 23:06:13,2018-07-12 09:28:43,279,1.309247311827957,0.00021973039418456648,False,0.4657178735872749,111.44822764057483,0.00025518603716176744,Monitor (low volume)
49e7217cfe4e427191c378ec626d8737,12,4.083333333333333,0.08333333333333333,0.0,4.130671296296296,11.682349537037036,16.036516203703705,2868.8,268.40749999999997,0.2660560163114327,MG,housewares,2017-05-20 15:56:32,2018-05-27 20:45:09,372,0.9819354838709677,0.0002195123203860792,False,-0.5342821264127251,0.0,0.0,Monitor (low volume)
730937bf88cb151eb2eb849f642fc213,22,4.409090909090909,0.09090909090909091,0.045454545454545456,0.8427579365079364,5.230050505050506,6.470833333333334,2868.1,151.3368181818182,0.14965590059607498,SP,sports_leisure,2018-04-05 16:12:14,2018-08-19 10:36:45,135,4.960592592592593,0.00021945875840048582,False,-0.8128505650899958,0.0,0.0,Monitor (low volume)
430315b7bb4b6e4b3c978f9dfa9b0558,19,3.9473684210526314,0.21052631578947367,0.05263157894736842,3.7923245614035084,9.440533625730993,13.55720029239766,2864.4,179.7136842105263,0.34125582116910275,SP,housewares,2018-01-09 23:49:14,2018-08-06 10:23:00,208,2.7805769230769233,0.00021917564504806374,False,1.5707199665131852,236.79843537265094,0.0005422038161408487,Monitor (low volume)
fec6275253471ace26d209bbaa64cd0f,9,4.555555555555555,0.1111111111111111,0.0,2.4066358024691357,11.332407407407409,14.1570987654321,2840.0,355.07444444444445,0.13378325508607197,RJ,health_beauty,2018-01-22 11:14:54,2018-07-06 16:38:58,165,1.6603636363636365,0.00021730862726452346,False,-0.1507115948095438,0.0,0.0,Monitor (low volume)
b494891378bd8f4560abe576c52deacd,19,4.7368421052631575,0.05263157894736842,0.05263157894736842,0.6445987654320988,4.546052631578948,5.474524853801169,2839.0,164.99894736842106,0.1303475233368391,SP,health_beauty,2018-06-28 18:50:51,2018-08-20 00:59:32,52,11.122307692307693,0.00021723211014224722,False,-1.4292800334868145,0.0,0.0,Monitor (low volume)
1771297ac436903d1dd6b0e9279aa505,27,4.62962962962963,0.0,0.037037037037037035,1.2512345679012344,8.087525720164608,9.51905864197531,2833.2200000000003,125.8051851851852,0.35760493163924,SP,baby,2017-01-19 22:41:52,2018-03-13 07:45:39,417,1.9709352517985612,0.00021678984117549056,False,-3.4521347844286314,0.0,0.0,Monitor (low volume)
d32e3909cfb714fb2a6cb092c85b9c5f,10,3.5,0.3,0.3,10.990972222222222,11.359791666666668,22.51076388888889,2827.8999999999996,307.89,0.17008864161075596,SP,housewares,2017-08-10 17:08:10,2018-04-25 10:36:34,257,1.1844357976653697,0.00021638277008498093,False,1.7214315613227291,486.8036312264545,0.0011146475108538263,Monitor (low volume)
820cc752a266cdc6c1a1e61dd4583330,15,4.133333333333334,0.06666666666666667,0.13333333333333333,4.84574074074074,8.575833333333332,13.962222222222222,2802.7999999999997,205.25133333333332,0.15029606190600028,PR,small_appliances,2017-01-31 20:16:02,2018-04-27 13:39:47,450,1.0146666666666668,0.0002144621903158473,False,-0.9178526580159062,0.0,0.0,Monitor (low volume)
a6fe7de3d16f6149ffe280349a8535a0,49,4.040816326530612,0.16326530612244897,0.16326530612244897,3.614965986394558,10.74248866213152,14.862670068027212,2795.0,71.6212244897959,0.25855447053010316,SP,fashion_underwear_beach,2017-07-11 19:38:14,2018-07-29 20:23:34,383,3.894412532637076,0.00021386535676209265,True,1.7350146504813724,98.96665200194766,0.00022660663404170813,Coach: fulfilment
df56d7b40d437f88407c5f78b63bc328,22,4.090909090909091,0.13636363636363635,0.045454545454545456,2.008554292929293,10.371748737373737,12.585953282828283,2791.28,147.79545454545453,0.17758337622773904,PR,sports_leisure,2017-10-19 10:05:02,2018-03-28 11:26:34,160,4.1855,0.00021358071306722503,False,0.18714943491000396,23.744839757981634,5.436920522793933e-05,Monitor (low volume)
cb3dd9ce66268c7a3ca7241ac70ab58c,48,4.208333333333333,0.125,0.0625,4.724364657210402,8.894733796296297,14.009389467592593,2788.32,75.180625,0.3853084695027457,SP,sports_leisure,2017-02-07 01:47:42,2018-04-23 21:42:34,440,3.320727272727273,0.00021335422238528737,True,-0.13712850565089996,0.0,0.0,Invest
31561f325664a8a7aba4c8d0c3a9b3db,36,4.638888888888889,0.027777777777777776,0.027777777777777776,1.7094362745098037,5.44483024691358,7.388753858024692,2776.18,94.60888888888888,0.2954972229756891,SP,auto,2018-06-05 22:51:12,2018-08-17 02:52:51,72,15.22,0.00021242530452085376,True,-3.602846379238175,0.0,0.0,Invest
bd697db56ff8e7c9cd1abeb7f72029b2,20,4.45,0.05,0.0,2.155104166666667,8.675902777777777,11.267395833333333,2769.8,154.685,0.2828304524387629,SP,auto,2017-02-12 12:32:38,2018-08-10 12:30:45,543,1.1211786372007366,0.0002119371252807314,False,-1.5571368773545415,0.0,0.0,Monitor (low volume)
c4f7fee5b0db50e87766f5a4d1b1b758,5,4.0,0.2,0.0,2.7199999999999998,8.59888888888889,11.528333333333332,2762.0299999999997,582.944,0.1161837814585022,SP,costruction_tools_tools,2018-04-15 13:07:03,2018-04-17 20:37:20,2,5.0,0.00021134258724064497,False,0.36071578066136467,199.2615615320218,0.00045625461546155505,Monitor (low volume)
f125f3a310c2e5f822d116147de1e474,16,4.1875,0.0625,0.125,1.164670138888889,10.404600694444444,11.933029513888888,2761.4,190.580625,0.12968417075132127,SP,construction_tools_construction,2018-01-15 19:59:47,2018-08-20 16:19:23,216,2.254814814814815,0.00021129438145361097,False,-1.0457095018836333,0.0,0.0,Monitor (low volume)
bb7a14e229b1c95156719c3d9552eeee,10,4.5,0.1,0.1,3.9735416666666667,7.123402777777779,11.600347222222222,2760.2,304.76099999999997,0.14799577666337674,RJ,small_appliances,2017-10-09 08:49:32,2018-04-20 12:56:37,193,1.5772020725388602,0.00021120256090687944,False,-0.27856843867727077,0.0,0.0,Monitor (low volume)
8f54d64f28a993550aa7943f12572959,15,3.7333333333333334,0.26666666666666666,0.06666666666666667,1.4251388888888887,12.075046296296296,14.054583333333333,2755.5,208.87466666666666,0.16078214999041238,MG,health_beauty,2017-11-10 20:15:35,2018-08-15 19:05:50,277,1.648375451263538,0.00021084293043218113,False,2.082147341984094,382.490466722478,0.0008757988217618694,Monitor (low volume)
a1474fd46fd3430168f7ec202da39408,12,4.333333333333333,0.08333333333333333,0.16666666666666666,1.5874421296296297,16.114814814814814,17.97494212962963,2752.5,284.46,0.27013185909528603,SP,auto,2017-02-21 17:37:06,2017-10-22 11:25:09,242,1.5094214876033059,0.00021061337906535241,False,-0.5342821264127251,0.0,0.0,Monitor (low volume)
1838dd9b8977065acf51d95e0053ea7a,62,4.370967741935484,0.11290322580645161,0.04838709677419355,1.2026209677419355,11.129928315412187,12.791666666666668,2750.5,63.924032258064514,0.47999556582440545,MG,computers_accessories,2017-07-28 09:06:33,2018-08-01 22:15:19,369,5.114579945799458,0.0002104603448207999,True,-0.9271243197990793,0.0,0.0,Invest
1444c08e64d55fb3c25f0f09c07ffcf2,1,1.0,1.0,0.0,3.0027777777777778,6.397916666666666,10.395138888888889,2749.0,2818.74,0.025369225172790104,BA,garden_tools,2018-04-28 12:23:26,2018-04-28 12:23:26,0,1.0,0.00021034556913738557,False,0.8721431561322729,2397.5215362076183,0.005489670251266271,Monitor (low volume)
f805b96fa705ba7995a221f1749dc141,7,4.428571428571429,0.0,0.0,0.562797619047619,11.78422619047619,12.984424603174604,2744.44,426.69571428571425,0.15467081065169008,PR,musical_instruments,2017-06-28 12:18:17,2018-03-14 16:13:12,259,0.8227027027027027,0.00020999665105980592,False,-0.8949979070740895,0.0,0.0,Monitor (low volume)
9906e7aa42a3c067b7c9a564d01c4320,12,4.5,0.08333333333333333,0.16666666666666666,0.8937499999999999,15.150462962962962,16.465393518518518,2738.8,271.94750000000005,0.16934096214345132,PR,sports_leisure,2018-02-05 08:47:14,2018-08-21 00:18:05,196,1.8636734693877552,0.00020956509449016793,False,-0.5342821264127251,0.0,0.0,Monitor (low volume)
3b872fd4747f01cc56206f2934198618,25,3.88,0.16,0.16,1.8830833333333334,12.0265,14.487638888888888,2726.7400000000002,153.7244,0.39988403960897606,SP,bed_bath_table,2017-11-27 16:23:47,2018-08-21 14:08:51,266,2.8609022556390977,0.00020864229799551646,False,0.803578903306823,87.64602955211387,0.00020068549700492783,Monitor (low volume)
33576ec5412fb5905d876f12f33bfde6,31,4.096774193548387,0.0967741935483871,0.03225806451612903,8.13494623655914,6.2726702508960575,14.815277777777778,2718.0,106.06387096774193,0.20797697753267788,PR,fashion_bags_accessories,2017-07-12 23:03:19,2018-06-24 20:40:44,346,2.7272832369942197,0.0002079735383468221,True,-0.9635621598995396,0.0,0.0,Invest
458d868c9642f55f18f04e951a3fdde6,2,5.0,0.0,0.0,6.036458333333334,11.56388888888889,17.61076388888889,2718.0,1411.375,0.038539367181751286,RS,health_beauty,2017-05-31 18:30:10,2017-08-01 10:25:49,61,0.9980327868852459,0.0002079735383468221,False,-0.25571368773545416,0.0,0.0,Monitor (low volume)
78744a20ee2f80ba64f6804c25def2b8,6,4.166666666666667,0.16666666666666666,0.16666666666666666,4.013541666666667,14.72673611111111,18.961921296296296,2715.0,511.47499999999997,0.16469652256655773,PE,furniture_decor,2017-09-10 19:53:37,2018-08-19 15:27:35,342,0.5340350877192983,0.00020774398697999337,False,0.23285893679363745,105.36866889912095,0.00024126550620521254,Monitor (low volume)
fe26f3ecb51a15e6d8335cd92da42562,7,4.428571428571429,0.0,0.14285714285714285,2.9973214285714285,7.36170634920635,10.683333333333334,2708.96,424.50714285714287,0.10142455845208025,SP,auto,2017-11-17 13:15:59,2018-02-18 21:05:38,93,2.291182795698925,0.0002072818235614449,False,-0.8949979070740895,0.0,0.0,Monitor (low volume)
bb5bd94c8f59cc050072d2930c869cac,16,4.1875,0.0625,0.0625,4.914626736111111,9.083333333333334,14.669791666666667,2708.57,190.08875,0.17139094735284782,SP,fashion_bags_accessories,2017-02-12 18:43:37,2018-06-08 09:43:52,480,1.0146666666666668,0.00020725198188375717,False,-1.0457095018836333,0.0,0.0,Monitor (low volume)
d93844a9c55ba7ce353388bcf849ea56,12,4.25,0.08333333333333333,0.08333333333333333,5.5818865740740735,10.635416666666666,16.796412037037037,2708.5,269.12666666666667,0.2092551404595889,PR,furniture_decor,2017-03-15 08:19:58,2018-04-29 09:43:34,410,0.8909268292682927,0.0002072466256851978,False,-0.5342821264127251,0.0,0.0,Monitor (low volume)
d25aa0aaacb370e912f8cf6efeba38b3,17,4.470588235294118,0.058823529411764705,0.058823529411764705,1.1787173202614378,7.390808823529412,8.840522875816994,2708.44,202.5935294117647,0.26722700926205745,SC,housewares,2018-03-11 12:49:14,2018-08-14 19:44:00,156,3.3171794871794873,0.00020724203465786125,False,-1.1735663457513603,0.0,0.0,Monitor (low volume)
51702dc2a3e106c76dbff722b5bf0726,13,4.3076923076923075,0.07692307692307693,0.0,2.8038995726495726,11.252564102564103,14.786004273504274,2705.1,252.84923076923076,0.20834178548494084,SP,furniture_decor,2017-02-23 23:49:22,2018-04-29 12:20:23,429,0.9224242424242424,0.00020698646746945858,False,-0.662138970280452,0.0,0.0,Monitor (low volume)
974cf2cb8f4b7add98709c30df02fe10,30,4.166666666666667,0.1,0.03333333333333333,0.714186507936508,10.206458333333334,11.269282407407408,2694.7,106.39666666666668,0.19255921921505648,SP,computers_accessories,2017-10-16 22:33:02,2018-08-21 23:41:36,309,2.955339805825243,0.0002061906893977857,True,-0.8357053160318123,0.0,0.0,Invest
c9aafcd0621b2207c10e32c649cada4d,39,4.410256410256411,0.07692307692307693,0.10256410256410256,2.4707977207977208,5.887731481481481,8.800979344729345,2686.16,89.06282051282051,0.38909624641689844,SP,health_beauty,2018-07-14 21:25:42,2018-08-10 14:09:09,26,39.0,0.0002055372331735466,True,-1.986416910841356,0.0,0.0,Coach: fulfilment
0015a82c2db000af6aaaf3ae2ecb0532,3,3.6666666666666665,0.3333333333333333,0.0,2.8043981481481484,7.433101851851852,10.793750000000001,2685.0,916.02,0.02348603351955307,SP,small_appliances,2017-09-26 22:17:05,2017-10-18 08:16:34,21,3.0,0.00020544847331170616,False,0.6164294683968187,551.7043742151527,0.0012632525067587646,Monitor (low volume)
432c37c9dfba871172ec162e20118b8c,44,4.25,0.11363636363636363,0.09090909090909091,3.832875631313131,10.097585227272727,14.598847853535354,2679.87,82.15454545454546,0.4625533908219095,DF,cool_stuff,2017-03-02 14:06:01,2018-04-12 22:26:18,406,3.2989162561576357,0.00020505594047442904,True,-0.6257011301799917,0.0,0.0,Invest
d93919c944be9cff128f6c9cb899eacb,33,4.0,0.18181818181818182,0.18181818181818182,5.198590067340067,17.328724747474745,22.921191077441076,2666.7000000000003,109.81848484848486,0.36984106150467544,SP,christmas_supplies,2017-11-29 14:47:08,2018-07-24 14:38:19,236,4.256440677966102,0.00020404820997405097,True,1.7807241523650064,143.89869991247767,0.00032948876586734156,Coach: fulfilment
a369d693961cb93b61ca2cc518872a85,11,3.909090909090909,0.18181818181818182,0.0,2.87739898989899,7.748611111111111,11.02645202020202,2656.9,300.7309090909091,0.25769770482514115,SP,home_construction,2017-11-15 23:26:16,2018-07-21 13:54:34,247,1.3556275303643726,0.0002032983421757438,False,0.5935747174550021,143.36987880056319,0.00032827790978848,Monitor (low volume)
5f1dc28029d2c244352a68107ec2b542,59,4.47457627118644,0.05084745762711865,0.06779661016949153,3.2212217514124295,6.276435969868173,9.846045197740112,2656.9,61.391016949152544,0.6254489700934331,SP,health_beauty,2017-01-17 12:15:42,2018-06-15 12:52:05,514,3.4940856031128407,0.0002032983421757438,True,-4.543553788195898,0.0,0.0,Invest
6f229cc508fc6915ed5c499efd93baa4,13,4.384615384615385,0.15384615384615385,0.15384615384615385,1.8259615384615384,7.233119658119658,9.246527777777779,2654.8,229.89846153846153,0.13319848824777203,RJ,sports_leisure,2017-08-11 13:26:28,2018-08-11 18:52:46,365,1.084164383561644,0.0002031376562189637,False,0.337861029719548,68.9964201307274,0.00015798297922055594,Monitor (low volume)
977f9f63dd360c2a32ece2f93ad6d306,20,3.95,0.15,0.15,2.3689583333333335,9.902847222222222,12.96888888888889,2648.44,180.71,0.4071243735986463,SP,baby,2017-09-26 10:51:26,2018-08-20 23:35:44,328,1.8560975609756099,0.00020265100732128681,False,0.44286312264545824,58.64482042695687,0.00013428063991365063,Monitor (low volume)
3fd1e727ba94cfe122d165e176ce7967,34,4.0,0.14705882352941177,0.20588235294117646,2.083190359477124,13.313725490196079,15.692116013071896,2642.5,93.62558823529412,0.2976529712259457,SP,sports_leisure,2017-12-01 22:57:13,2018-04-04 08:20:22,123,8.41430894308943,0.00020219649561496592,True,0.6528673084972794,50.74123125600178,0.00011618357688636563,Coach: fulfilment
bc302730ea8cf49b5c74f579febb5bbf,11,3.8181818181818183,0.18181818181818182,0.09090909090909091,2.2515972222222222,8.820580808080807,11.24381313131313,2640.9,266.3790909090909,0.32274429544436917,SP,telephony,2017-08-07 12:44:28,2018-08-02 18:35:44,360,0.9301111111111111,0.00020207406821932397,False,0.5935747174550021,142.50649739335591,0.0003263010019046245,Monitor (low volume)
f1b93673502375d491780bb49d615dbc,8,3.125,0.375,0.25,9.21267361111111,4.576649305555556,14.444097222222222,2638.9300000000003,369.91,0.12351789020180885,SP,construction_tools_construction,2018-03-11 19:07:43,2018-08-18 11:57:34,159,1.5315723270440251,0.00020192332948843977,False,1.9771452490581833,652.193489012139,0.001493345165258799,Monitor (low volume)
1b7e5006cb25dd23ce8686691013b121,11,4.363636363636363,0.09090909090909091,0.18181818181818182,6.936489898989898,8.292424242424243,15.486742424242424,2636.74,253.26909090909092,0.09575145403417826,SP,health_beauty,2017-09-30 12:48:45,2018-08-03 13:37:17,307,1.090684039087948,0.00020175575699065478,False,-0.4064252825449979,0.0,0.0,Monitor (low volume)
5cbbd5a299cab112b7bf23862255e43e,34,4.352941176470588,0.08823529411764706,0.0,2.905290032679739,7.793709150326797,11.072589869281046,2635.84,97.24117647058824,0.4138260094743207,PR,housewares,2017-09-14 22:29:52,2018-08-16 15:45:56,335,3.089432835820896,0.00020168689158060618,True,-1.3471326915027206,0.0,0.0,Invest
ccf8813e5a7d6c84d865cd38bfc2b130,25,4.52,0.08,0.08,1.8809444444444443,9.60175,11.695611111111111,2633.4,121.53,0.15624087637871806,SP,furniture_decor,2017-08-30 15:25:39,2018-08-23 09:27:52,357,2.131652661064426,0.00020150018980225214,False,-1.196421096693177,0.0,0.0,Monitor (low volume)
f7ccf836d21b2fb1de37564105216cc1,65,3.830769230769231,0.2,0.09230769230769231,1.5081679894179894,8.769241452991453,10.591100427350428,2612.34,56.38215384615385,0.4080775839100951,SP,bed_bath_table,2017-12-08 13:53:26,2018-08-19 22:12:22,254,7.789763779527559,0.00019988873920711453,True,4.68930514859774,188.46245249058185,0.000431527601856185,Invest
4305fe92735c8a43d154ff6dd2b8d927,17,4.176470588235294,0.11764705882352941,0.0,2.4810049019607843,8.699264705882353,11.483946078431373,2606.1000000000004,176.44941176470587,0.17584178435790873,MG,sports_leisure,2017-07-26 17:16:18,2018-08-25 20:26:35,395,1.3100759493670888,0.0001994112723641108,False,-0.17356634575136043,0.0,0.0,Monitor (low volume)
8d79c8a04e42d722a75097ce5cbcf2ef,25,4.56,0.08,0.16,2.3235555555555556,16.74138888888889,19.289833333333334,2600.32,131.0884,0.4848980375397033,CE,food,2017-01-27 22:02:29,2018-03-15 10:37:39,411,1.8515815085158152,0.0001989690033973541,False,-1.196421096693177,0.0,0.0,Monitor (low volume)
2c4c47cb51acd5ea5db5e0ae0e26542a,12,4.666666666666667,0.0,0.0,1.9017939814814815,8.391608796296296,10.739293981481481,2595.89,245.24333333333334,0.14062284793872257,SP,pet_shop,2017-09-04 09:26:19,2018-07-29 16:04:47,328,1.113658536585366,0.00019863003254567036,False,-1.5342821264127249,0.0,0.0,Monitor (low volume)
fdaaf5bfda82b7b80535610c831b8d09,10,4.2,0.2,0.1,1.0349537037037038,8.779027777777777,9.900277777777777,2588.9,284.832,0.12682671981617819,SP,sports_leisure,2017-09-05 22:14:52,2018-05-06 11:40:50,242,1.2578512396694215,0.00019809517786095943,False,0.7214315613227293,186.7714169108414,0.0004276555917091487,Monitor (low volume)
cd06602b43d8800bd0afad514919d35c,42,3.8095238095238093,0.23809523809523808,0.047619047619047616,3.920172764227642,8.301124338624339,12.588244047619046,2586.51,79.21666666666667,0.9834639150818829,SP,housewares,2017-01-26 11:48:46,2018-08-04 16:19:07,555,2.3035675675675678,0.00019791230193871924,True,4.630012557555462,285.1327090533995,0.0006528761168207747,Invest
f593898ec748b7a8cb81fc04edafd98a,18,3.611111111111111,0.2777777777777778,0.16666666666666666,4.200694444444444,12.050810185185185,16.990162037037038,2582.69,180.75166666666667,0.33969361427182426,SP,toys,2017-09-17 16:34:35,2018-02-06 20:34:19,142,3.8585915492957747,0.00019762000653162398,False,2.6985768103809127,387.1992968001489,0.0008865807580261612,Monitor (low volume)
244c2f1bff6afe1f2eaf9bfe9b2aed38,23,3.9130434782608696,0.13043478260869565,0.08695652173913043,2.9444746376811595,10.660356280193236,13.98816425120773,2580.0,164.99434782608697,0.46576765919606006,SP,furniture_decor,2017-02-07 11:11:30,2018-02-06 08:31:14,363,1.92870523415978,0.00019741417547270088,False,0.05929259104227702,6.651081951698901,1.5229163191055319e-05,Monitor (low volume)
a17f621c590ea0fab3d5d883e1630ec6,58,4.189655172413793,0.13793103448275862,0.08620689655172414,1.5675560428849902,9.923491379310345,11.899090038314176,2579.08,60.82534482758621,0.466599958063647,SP,sports_leisure,2017-03-23 22:10:46,2018-04-05 08:55:00,377,4.683076923076923,0.00019734377972020675,True,0.5843030556718292,25.982143531415534,5.9492020511381384e-05,Invest
8ab42aa58097fd4668d60cc648225d5f,19,4.368421052631579,0.0,0.0,3.3469663742690057,7.072697368421053,10.646527777777777,2574.75,164.75315789473683,0.37809797946202245,GO,bed_bath_table,2017-10-11 09:18:23,2018-08-03 12:58:11,296,1.953918918918919,0.00019701246058075064,False,-2.4292800334868145,0.0,0.0,Monitor (low volume)
1996942dc085d7773ba77a529b163cd0,9,4.222222222222222,0.1111111111111111,0.0,2.1366512345679016,9.535956790123457,11.793672839506172,2572.52,317.07666666666665,0.12411277782042557,SP,watches_gifts,2018-05-29 21:30:08,2018-08-15 23:20:59,78,3.5123076923076924,0.00019684182739807462,False,-0.1507115948095438,0.0,0.0,Monitor (low volume)
e99e927c81e3f51739c94fcdfca9f10f,20,3.85,0.15,0.2,2.448402777777778,11.8940625,14.816180555555556,2572.2200000000003,158.20250000000001,0.2625925783787948,MG,garden_tools,2017-01-26 22:15:22,2018-03-23 16:00:33,420,1.4495238095238097,0.00019681887226139175,False,0.44286312264545824,56.957069066555036,0.00013041614973293352,Monitor (low volume)
47efca563408aae19bb7206c2d969ea9,11,4.363636363636363,0.09090909090909091,0.0,1.5209595959595958,12.005429292929295,13.789267676767677,2562.9,273.70272727272726,0.31008590175361306,PI,auto,2018-01-05 08:26:03,2018-08-23 20:49:24,230,1.4558260869565218,0.0001961057326817772,False,-0.4064252825449979,0.0,0.0,Monitor (low volume)
cea729054f157f5870bdd321a958d994,24,4.125,0.125,0.041666666666666664,1.0879419191919193,5.8383969907407405,7.272974537037037,2556.8900000000003,122.10374999999999,0.2944710334446139,SP,sports_leisure,2018-03-27 00:17:22,2018-08-13 13:59:20,139,5.255827338129496,0.000195645864776897,False,-0.06856425282544998,0.0,0.0,Monitor (low volume)
4d600e08ecbe08258c79e536c5a42fee,5,4.2,0.2,0.0,1.6573611111111108,7.667777777777777,9.476666666666667,2534.0,526.886,0.04628565892003726,PR,watches_gifts,2017-01-10 17:18:09,2017-03-15 19:08:27,64,2.378125,0.00019389438784799383,False,0.36071578066136467,182.81075763917963,0.00041858676248251493,Monitor (low volume)
b76dba6c951ab00dc4edf0a1aa88037e,155,4.219354838709678,0.1032258064516129,0.03225806451612903,1.7403186274509805,8.087034050179211,10.324153225806452,2523.33,30.805096774193547,0.9943053639647195,SP,telephony,2017-01-06 21:30:38,2018-08-27 20:03:07,597,7.90318257956449,0.00019307795015330632,True,-3.817810799497698,0.0,0.0,Invest
4b0fdb526525f9890eb145bf1534640e,18,4.055555555555555,0.16666666666666666,0.0,1.2162422839506173,7.858603395061729,9.188811728395061,2518.9,171.0288888888889,0.2449621721429788,SP,bed_bath_table,2018-02-25 15:14:28,2018-08-22 15:53:04,178,3.0782022471910113,0.0001927389793016226,False,0.6985768103809123,97.7580626482489,0.00022383929413639404,Monitor (low volume)
b335c59ab742f751a85db9c411a86739,28,3.9642857142857144,0.07142857142857142,0.03571428571428571,5.6694692460317455,8.560813492063492,14.665401785714286,2506.21,110.68142857142857,0.39861697994395806,MG,housewares,2017-01-21 21:20:06,2017-12-12 19:45:01,324,2.6306172839506172,0.0001917679770199371,False,-1.5799916282963584,0.0,0.0,Monitor (low volume)
3d39fbf22a665714baf62fae36029e23,8,4.75,0.0,0.0,2.2901909722222222,6.221180555555556,8.574739583333333,2504.2,329.35375,0.08221163557844716,SP,sports_leisure,2017-01-14 21:28:46,2017-11-25 00:10:03,314,0.7755414012738854,0.00019161417760416184,False,-1.0228547509418167,0.0,0.0,Monitor (low volume)
ffa6adafb71b807dc13159e26431354c,17,3.9411764705882355,0.11764705882352941,0.0,1.4024537037037035,8.035253267973857,9.85249183006536,2500.9,177.4929411764706,0.21540608028843378,PR,cool_stuff,2018-03-16 07:38:09,2018-08-13 14:18:44,150,3.449866666666667,0.00019136167110065026,False,-0.17356634575136043,0.0,0.0,Monitor (low volume)
1c40343cc5d18c2d8248ac2f3366de34,20,4.6,0.0,0.1,2.1594097222222226,5.002326388888889,7.444861111111111,2495.71,143.6635,0.24601694200298369,SP,perfumery,2018-05-28 21:38:55,2018-08-20 21:51:20,84,7.247619047619048,0.00019096454723603658,False,-2.5571368773545418,0.0,0.0,Monitor (low volume)
6989574bd97d9773f10d232b6c07da59,7,4.857142857142857,0.0,0.0,2.8098214285714285,8.095039682539682,10.962599206349207,2478.3999999999996,399.92857142857144,0.13397344451223797,PR,luggage_accessories,2017-03-22 23:17:07,2018-07-25 13:09:24,489,0.4357464212678937,0.0001896400358494348,False,-0.8949979070740895,0.0,0.0,Monitor (low volume)
0885aaf116795758dfeb5f1032487bcd,25,4.44,0.08,0.04,0.9244263285024154,4.860361111111111,6.015944444444444,2478.19,118.6864,0.22410834793635717,SP,bed_bath_table,2017-12-14 21:06:57,2018-08-19 17:17:45,247,3.0809716599190287,0.00018962396725375684,False,-1.196421096693177,0.0,0.0,Monitor (low volume)
fe49ee029e61e789a1f3a5525f57ba8d,16,4.25,0.125,0.0625,2.8705729166666667,7.418185763888889,10.41618923611111,2473.69,168.19687499999998,0.11036581700522928,SP,toys,2017-11-28 14:09:58,2018-03-19 12:58:21,110,4.427636363636364,0.00018927964020351375,False,-0.04570950188363332,0.0,0.0,Monitor (low volume)
2e3be8a987a30d7544dbbda6861cc14e,14,3.7857142857142856,0.14285714285714285,0.07142857142857142,3.1224893162393164,11.334126984126984,14.496626984126985,2472.86,196.4935714285714,0.16220884698707777,MG,computers_accessories,2017-02-07 17:03:30,2018-07-18 21:37:46,526,0.8101901140684411,0.0001892161309920245,False,0.21000418585182073,37.093639358966676,8.493431463486346e-05,Monitor (low volume)
5eeb9c756d9780b96283e5a2ac6da334,9,4.222222222222222,0.1111111111111111,0.2222222222222222,1.0234567901234568,15.118287037037037,16.60787037037037,2471.0,302.0822222222222,0.10805401287193339,SP,sports_leisure,2017-10-10 08:27:25,2018-07-18 16:43:02,281,0.9749466192170819,0.00018907380914459066,False,-0.1507115948095438,0.0,0.0,Monitor (low volume)
c2d70ce2c5d0a2eb75e78668236e6dc8,13,4.615384615384615,0.0,0.0,1.844386574074074,6.3516025641025635,8.32457264957265,2470.9,207.68615384615384,0.2076478667765052,SP,housewares,2017-09-22 11:58:32,2018-08-27 23:12:55,339,1.167315634218289,0.00018906615743236304,False,-1.662138970280452,0.0,0.0,Monitor (low volume)
cce6ab8d1682639fe45ab70234f1665f,61,4.508196721311475,0.04918032786885246,0.04918032786885246,6.665482695810565,8.348793260473588,15.359608378870675,2442.7,58.68180327868853,0.46619877636338014,SP,bed_bath_table,2017-05-31 17:06:39,2017-11-28 21:32:25,181,10.258784530386741,0.00018690837458417304,True,-4.7992674759313525,0.0,0.0,Invest
1ce3ae5a399804d1a87e706f8a813c3e,36,3.8333333333333335,0.19444444444444445,0.1111111111111111,1.9074007936507935,12.874961419753086,15.287287808641976,2435.3,89.35777777777778,0.38368779148417215,SC,furniture_decor,2017-08-03 11:45:23,2018-08-17 15:33:51,379,2.8913984168865436,0.00018634214787932888,True,2.3971536207618254,162.1607836844798,0.00037130395563530165,Coach: fulfilment
a08692680c77d30a0b4280da5df01c5a,6,5.0,0.0,0.0,3.1030092592592595,5.894907407407408,9.340162037037038,2433.0,443.48499999999996,0.09169513954427692,SP,computers_accessories,2017-04-07 15:09:26,2018-01-26 08:17:40,293,0.6233447098976109,0.0001861661584980935,False,-0.7671410632063624,0.0,0.0,Monitor (low volume)
318f287a62ab7ac10b703ac37435a231,51,3.9215686274509802,0.19607843137254902,0.09803921568627451,4.00291394335512,7.247780501089324,11.519022331154684,2432.48,69.20627450980392,0.6294367081008341,SP,sports_leisure,2017-02-08 15:35:42,2018-08-24 16:38:58,562,2.7623487544483987,0.00018612636959450986,True,3.479300962745919,165.94764717372928,0.00037997483993335154,Invest
888faa8bfb0b159c37de6d898b961c31,18,4.277777777777778,0.1111111111111111,0.0,1.1421682098765433,7.098611111111111,8.396797839506172,2426.2999999999997,170.27222222222224,0.3151010786209215,SC,sports_leisure,2017-08-07 14:10:09,2018-08-22 09:20:10,379,1.4456992084432718,0.0001856534937788427,False,-0.3014231896190876,0.0,0.0,Monitor (low volume)
04aba03279157f6d4e0fe8ccaf21963c,15,4.533333333333333,0.06666666666666667,0.06666666666666667,3.2468055555555555,7.995185185185185,11.62486111111111,2416.0,182.34866666666667,0.14461091782660176,RJ,health_beauty,2017-05-10 11:51:13,2018-08-26 13:25:25,473,0.9653276955602537,0.00018486536741939744,False,-0.9178526580159062,0.0,0.0,Monitor (low volume)
d06d019f72a04e5497a0b64190af170c,17,4.529411764705882,0.058823529411764705,0.058823529411764705,1.9324754901960783,6.279983660130719,8.503104575163398,2415.93,155.37882352941176,0.13605450217874143,SP,health_beauty,2018-03-28 11:15:26,2018-08-21 17:00:16,146,3.5443835616438357,0.00018486001122083808,False,-1.1735663457513603,0.0,0.0,Monitor (low volume)
1354d51653f645349064725ed204e85e,18,3.8333333333333335,0.2222222222222222,0.05555555555555555,3.704575163398693,5.514351851851853,9.560956790123457,2410.0,149.70666666666668,0.17137960932423651,SP,furniture_decor,2017-06-05 16:49:45,2018-08-21 08:54:00,441,1.2424489795918368,0.00018440626468573998,False,1.6985768103809122,227.42056183433326,0.000520731044111083,Monitor (low volume)
76833248bbc0e65a0293ec62023e4396,2,5.0,0.0,0.0,7.8125,9.86076388888889,18.680555555555557,2399.98,1315.3400000000001,0.12792598042919134,SP,industry_commerce_and_business,2017-10-06 10:22:39,2017-11-17 10:22:53,42,1.4495238095238097,0.00018363956312053206,False,-0.25571368773545416,0.0,0.0,Monitor (low volume)
6bbcb8924baf70b7fe2fe2097e8cd407,10,4.5,0.1,0.0,1.2963888888888888,10.366249999999999,12.08798611111111,2382.5,264.683,0.1871858676553972,SC,party_supplies,2017-11-13 12:19:18,2018-08-09 20:07:20,269,1.1315985130111526,0.00018230204382314337,False,-0.27856843867727077,0.0,0.0,Monitor (low volume)
acadd4d36859671cb635527c6c977533,12,4.25,0.08333333333333333,0.16666666666666666,2.9170717592592594,14.70451388888889,17.891145833333333,2381.0,220.57833333333335,0.32619846322784235,SP,garden_tools,2017-12-15 16:15:10,2018-08-08 09:49:45,235,1.5543829787234043,0.000182187268139729,False,-0.5342821264127251,0.0,0.0,Monitor (low volume)
2a1348e9addc1af5aaa619b1a3679d6b,44,3.272727272727273,0.3409090909090909,0.2727272727272727,4.791603535353535,19.510779671717174,24.622522095959596,2377.9,69.80977272727273,0.4405024531294256,MG,furniture_decor,2017-01-14 01:16:14,2018-06-10 18:51:46,512,2.6159375,0.00018195006506067267,True,9.374298869820008,506.616938239659,0.0011600145786557045,Remove
cfe94489ddd337d1e29e12f2a7205d10,20,4.3,0.05,0.1,1.9476388888888887,4.702743055555556,6.922604166666668,2376.0,133.64100000000002,0.1253080808080808,SP,construction_tools_safety,2018-02-26 18:44:28,2018-08-22 18:20:04,176,3.459090909090909,0.0001818046825283478,False,-1.5571368773545415,0.0,0.0,Monitor (low volume)
120476eb7a04c149d14772edaf5d9bf2,4,4.25,0.0,0.0,1.4395833333333332,6.103993055555556,7.798090277777778,2368.8,629.9075,0.128753125364846,RJ,construction_tools_construction,2018-07-14 09:19:17,2018-08-10 11:56:30,27,4.0,0.0001812537592479589,False,-0.5114273754709083,0.0,0.0,Monitor (low volume)
3504c0cb71d7fa48d967e0e4c94d59d9,53,4.415094339622642,0.03773584905660377,0.0,1.6110587002096435,5.490828092243187,7.327803983228512,2359.84,57.55207547169812,0.31250184408565673,SP,cool_stuff,2017-07-05 09:53:02,2017-11-06 13:48:10,124,13.010645161290322,0.00018056816583236377,True,-4.776412724989536,0.0,0.0,Invest
8603f0038fe0e52fedd3382d266723de,10,4.4,0.1,0.0,12.633541666666668,8.222430555555556,21.263402777777777,2355.0,284.512,0.21331917856132082,SC,home_appliances_2,2017-04-24 17:42:25,2018-01-24 17:02:52,274,1.110948905109489,0.00018019782296054674,False,-0.27856843867727077,0.0,0.0,Monitor (low volume)
c004e5ea15737026cecaee0447e00b75,1,1.0,1.0,1.0,24.518055555555556,9.30486111111111,33.831944444444446,2350.0,2455.12,0.044731914893617025,SP,home_appliances_2,2018-08-10 00:17:59,2018-08-10 00:17:59,0,1.0,0.00017981523734916555,False,0.8721431561322729,2049.536416910841,0.004692879261722712,Monitor (low volume)
efcd8d2104f1a05d028af7bad20d974b,43,4.348837209302325,0.046511627906976744,0.023255813953488372,1.463329945799458,8.274773901808786,10.156928294573644,2349.5,73.17093023255813,0.3494029699820226,SP,fashion_bags_accessories,2017-04-26 03:54:32,2018-08-22 03:16:24,482,2.7156016597510377,0.00017977697878802742,True,-3.4978442863122647,0.0,0.0,Invest
4391ea5c5990502176a1dcda44a2373d,3,4.666666666666667,0.0,0.0,1.0106481481481482,10.085185185185184,12.014120370370371,2349.0,828.1,0.0990115246654179,RS,air_conditioning,2017-10-15 19:48:23,2018-05-16 10:02:45,212,0.4307547169811321,0.0001797387202268893,False,-0.3835705316031812,0.0,0.0,Monitor (low volume)
4978a02ea9c8be7a9b5480680f40334e,17,3.5294117647058822,0.29411764705882354,0.0,1.6551091269841272,3.3055555555555554,5.173611111111111,2339.62,156.42588235294116,0.21399984784573195,SP,construction_tools_construction,2018-03-21 14:03:09,2018-08-05 11:58:34,136,3.8049999999999997,0.00017902098961993816,False,2.82643365424864,388.98710036195314,0.0008906743404528989,Monitor (low volume)
53d00c40e32aeb924a84ce72b1af869d,17,4.352941176470588,0.058823529411764705,0.23529411764705882,2.9883986928104576,12.736151960784312,16.04885620915033,2328.1,155.8558823529412,0.1490603678181032,SP,bed_bath_table,2018-01-04 22:09:33,2018-08-04 19:54:42,211,2.4525118483412323,0.00017813951237131588,False,-1.1735663457513603,0.0,0.0,Monitor (low volume)
d3f39f05462b79a4562d35893a28f159,31,3.7419354838709675,0.2903225806451613,0.12903225806451613,1.209543010752688,10.835528673835126,12.476836917562723,2308.2,91.19290322580645,0.24006459265886682,SP,health_beauty,2017-08-23 13:10:47,2018-06-17 02:25:02,297,3.1772390572390576,0.00017661682163801868,True,5.0364378401004615,375.0034136296737,0.0008586555127185508,Coach: fulfilment
5a93f3ab0ef4c84ed5e1b5dbf23978bc,38,4.7894736842105265,0.02631578947368421,0.02631578947368421,3.049269005847953,11.465862573099415,15.09389619883041,2299.2799999999997,77.69,0.4512319829588735,SP,baby,2017-05-09 08:38:27,2018-03-03 19:10:32,298,3.8816107382550333,0.0001759342889073146,True,-3.858560066973629,0.0,0.0,Invest
f1c1ac3f3efc07e659c035008e615e66,3,3.3333333333333335,0.3333333333333333,0.0,3.2831018518518515,7.665972222222223,10.968518518518517,2294.96,836.5600000000001,0.15686542929518663,SP,auto,2017-03-30 12:39:15,2017-09-27 12:56:13,181,0.5045303867403315,0.00017560373493908125,False,0.6164294683968187,471.56032426398764,0.001079744496428713,Monitor (low volume)
323ce52b5b81df2cd804b017b7f09aa7,28,4.428571428571429,0.07142857142857142,0.14285714285714285,4.040203373015873,12.174826388888889,16.413368055555555,2294.4,95.30357142857143,0.2042362302314654,SP,stationery,2018-01-26 20:51:44,2018-08-02 12:06:07,187,4.557860962566845,0.00017556088535060658,False,-1.5799916282963584,0.0,0.0,Monitor (low volume)
fd386aa7bed2af3c7035c65506c9b4a3,67,4.373134328358209,0.13432835820895522,0.1044776119402985,1.0088216145833333,7.088256633499171,8.473403814262022,2284.06,49.36253731343284,0.7012792059146228,SP,stationery,2018-02-23 10:29:24,2018-08-28 14:11:30,186,10.96494623655914,0.00017476969830627022,True,0.4335914608622854,14.781327046225545,3.3845206449430216e-05,Coach: fulfilment
de0c78824586e9a5f5f04fd84e25df39,13,4.923076923076923,0.0,0.0,0.8831597222222222,5.8254807692307695,6.993589743589744,2283.3,191.62846153846155,0.10529751064756926,SP,pet_shop,2018-04-08 10:59:17,2018-08-03 14:39:54,117,3.3822222222222225,0.0001747115452933403,False,-1.662138970280452,0.0,0.0,Monitor (low volume)
9c068d10aca38e85c50202e17b4a7e88,14,4.285714285714286,0.14285714285714285,0.14285714285714285,5.3706845238095235,9.773164682539683,15.713640873015875,2281.4,191.82500000000002,0.22617326351147818,MS,auto,2017-10-12 09:57:12,2018-07-30 14:26:27,291,1.4644673539518902,0.00017456616276101544,False,0.21000418585182073,34.22168211445313,7.83583160421445e-05,Monitor (low volume)
7238a95bb63ef7e498389fb863b834a1,15,4.733333333333333,0.0,0.06666666666666667,1.199946581196581,6.435925925925926,7.9561574074074075,2265.7,189.00733333333335,0.2958473652820702,SP,baby,2018-04-27 14:01:01,2018-08-16 15:13:00,111,4.113513513513514,0.00017336484394127845,False,-1.9178526580159063,0.0,0.0,Monitor (low volume)
8fe8786ee000001ab51d030dfd4a7bf1,5,4.6,0.0,0.0,2.714027777777778,13.013055555555557,15.866666666666669,2255.0,491.288,0.08970887505507663,SC,musical_instruments,2017-11-20 20:34:03,2018-06-22 21:16:19,214,0.7112149532710281,0.00017254611073292268,False,-0.6392842193386354,0.0,0.0,Monitor (low volume)
655220df33262c7e0c4949a147366f94,13,4.076923076923077,0.15384615384615385,0.15384615384615385,1.5073183760683762,12.274198717948718,13.793536324786325,2245.0,225.1176923076923,0.30536340497322506,SP,luggage_accessories,2018-01-13 12:49:45,2018-05-14 11:43:07,120,3.2976666666666667,0.00017178093951016027,False,0.337861029719548,58.3460009015681,0.00013359642472131534,Monitor (low volume)
7b8e8ec35bad4b0ef7e3963650b0a87b,5,4.8,0.0,0.2,1.0618055555555554,20.033055555555556,21.901805555555555,2244.2799999999997,523.26,0.19327688302715096,SC,auto,2018-04-02 10:44:37,2018-07-26 14:16:04,115,1.3234782608695652,0.00017172584718212137,False,-0.6392842193386354,0.0,0.0,Monitor (low volume)
b83cedfb587e7911540e3f576d6917ce,24,4.208333333333333,0.125,0.08333333333333333,2.359519675925926,7.474363425925926,10.158796296296297,2241.85,108.65708333333333,0.22504374191257104,SP,health_beauty,2017-06-23 17:21:18,2018-05-14 12:20:47,324,2.254814814814815,0.0001715399105749901,False,-0.06856425282544998,0.0,0.0,Monitor (low volume)
5abb8ea023c77787f2c15da891c8d384,13,3.923076923076923,0.15384615384615385,0.23076923076923078,5.2443910256410255,13.362286324786323,19.678258547008546,2241.0,229.7846153846154,0.4066166426367191,SC,cine_photo,2017-02-17 17:37:52,2017-12-02 21:01:30,288,1.3740277777777778,0.00017147487102105532,False,0.337861029719548,58.24204366165439,0.0001333583910024355,Monitor (low volume)
54583ab379489add547fe47b628db589,10,4.8,0.0,0.0,1.2231944444444445,3.6639583333333334,5.116527777777778,2240.0,239.108,0.067452,SP,baby,2018-07-23 18:18:54,2018-08-28 15:58:28,35,8.697142857142858,0.00017139835389877906,False,-1.2785684386772709,0.0,0.0,Monitor (low volume)
e5f9e61ceb5f523cc966e0f34095032f,4,4.0,0.25,0.25,6.176909722222222,13.22048611111111,20.251909722222223,2238.0,588.36,0.052191437024232956,SC,computers_accessories,2017-07-10 14:25:38,2018-02-28 11:29:07,232,0.5248275862068966,0.00017124531965422658,False,0.48857262452909167,273.3563834240268,0.0006259115438230063,Monitor (low volume)
8ca1551acf9832a4cf467bbbac15851f,11,3.909090909090909,0.18181818181818182,0.09090909090909091,3.3406565656565657,9.652651515151515,13.26483585858586,2236.3,229.41909090909093,0.136294581178561,PR,furniture_decor,2018-02-27 12:04:55,2018-08-15 17:18:49,169,1.981301775147929,0.00017111524054635698,False,0.5935747174550021,120.67374005860194,0.00027630994379162854,Monitor (low volume)
ede0c03645598cdfc63ca8237acbe73d,42,3.5714285714285716,0.2857142857142857,0.3333333333333333,3.4939980158730157,14.587814153439153,18.337665343915344,2233.15,69.31261904761905,0.40516909922147964,SP,computers_accessories,2018-02-21 12:25:12,2018-05-23 21:11:01,91,14.04923076923077,0.00017087421161118683,True,6.630012557555462,352.5193462596424,0.0008071731323083343,Coach: fulfilment
9a84ba99f5367fdbd4598363496f1ea2,15,3.8,0.13333333333333333,0.0,1.5250992063492064,8.933564814814815,10.512638888888889,2223.38,175.89666666666665,0.2953600325728711,GO,sports_leisure,2017-03-17 19:59:42,2018-07-03 10:00:13,472,0.9673728813559322,0.00017012663932654796,False,0.08214734198409374,12.176317148039622,2.788044445402971e-05,Monitor (low volume)
1d4587203296c8f4ad134dc286fa6db0,39,4.358974358974359,0.10256410256410256,0.05128205128205128,1.3206831831831831,7.729611823361824,9.473201566951566,2223.0,72.69076923076923,0.5114627699564351,SP,auto,2017-12-15 11:52:23,2018-08-27 19:29:28,255,4.655529411764706,0.000170097562820083,True,-0.9864169108413563,0.0,0.0,Invest
fb89df7f89fd1b8f03fa2acca1ba7364,22,3.8636363636363638,0.18181818181818182,0.09090909090909091,4.506534090909091,11.506976010101011,16.150568181818183,2220.0,122.15590909090908,0.2900427862846111,PR,health_beauty,2017-10-10 20:21:15,2018-08-18 21:18:15,312,2.1464102564102565,0.00016986801145325425,False,1.1871494349100042,119.79417025000951,0.00027429596888495076,Monitor (low volume)
747e73c01a4593d4cf60dcf970fd2689,3,4.333333333333333,0.0,0.0,2.582175925925926,7.793981481481481,10.687962962962963,2217.99,780.5866666666667,0.05006646968698684,PE,watches_gifts,2018-03-01 08:17:59,2018-04-26 10:53:16,56,1.6307142857142858,0.000169714212037479,False,-0.3835705316031812,0.0,0.0,Monitor (low volume)
77a515caa36327151d1cc6c32a9f00e1,26,4.423076923076923,0.07692307692307693,0.11538461538461539,1.4177372685185186,8.474278846153847,10.337206196581196,2217.39,100.52230769230769,0.17986488730882785,SP,stationery,2018-02-28 23:30:36,2018-08-23 15:58:16,175,4.522514285714286,0.00016966830176411325,False,-1.324277940560904,0.0,0.0,Monitor (low volume)
723cd880edaacdb998898b67c8f9da30,11,4.090909090909091,0.18181818181818182,0.09090909090909091,2.593055555555556,7.1119318181818185,9.959974747474748,2206.43,240.67,0.2102692235293815,SP,bed_bath_table,2018-03-27 12:41:26,2018-08-20 14:00:12,146,2.2934246575342465,0.00016882967410396566,False,0.5935747174550021,119.06191489402184,0.0002726193038859558,Monitor (low volume)
850913d59ce317156b00f3705f1c3edb,29,3.586206896551724,0.3103448275862069,0.1724137931034483,5.1466954022988505,7.900095785440612,13.53596743295019,2203.7,94.26344827586206,0.3196457876436939,SP,telephony,2018-03-07 12:24:36,2018-07-27 16:20:49,142,6.216619718309859,0.0001686207823601515,False,5.292151527835915,402.148769720414,0.0009208109726553505,Monitor (low volume)
e5475dcab1e07b63d7f6e902d8f5eda8,19,4.105263157894737,0.15789473684210525,0.05263157894736842,0.8735380116959064,8.417397660818713,9.574488304093569,2192.0,128.59052631578948,0.32873039999893217,SP,sports_leisure,2017-09-10 11:01:26,2018-08-06 20:27:28,330,1.7526060606060607,0.00016772553202951953,False,0.5707199665131852,65.84306139983694,0.00015076264799303236,Monitor (low volume)
91f0eec23d4a61d7d7caeefa3f0ad1ca,11,3.5454545454545454,0.2727272727272727,0.2727272727272727,1.3556818181818182,24.36104797979798,26.144570707070706,2190.8,231.38727272727272,0.1618380227116756,SC,auto,2017-02-08 13:05:17,2018-07-27 15:46:55,534,0.6270411985018727,0.00016763371148278804,False,1.593574717455002,317.3821355454926,0.000726718505537783,Monitor (low volume)
2be17df1c49978426251562096c3cc09,16,4.1875,0.0625,0.0625,1.466015625,10.555598958333333,12.265581597222223,2183.95,156.688125,0.1632427244517622,SC,fashion_bags_accessories,2017-01-17 16:58:06,2018-06-30 20:39:53,529,0.9206805293005672,0.00016710956919519578,False,-1.0457095018836333,0.0,0.0,Monitor (low volume)
0ffa40d54288e4f3499b8780dd0f144f,33,4.484848484848484,0.09090909090909091,0.15151515151515152,1.724726430976431,11.331039562289563,13.538299663299664,2162.8,83.22636363636363,0.3581759998757747,SP,books_technical,2018-01-10 08:52:43,2018-05-11 10:49:37,121,8.301818181818183,0.0001654912320590533,True,-1.2192758476349936,0.0,0.0,Coach: fulfilment
b74d1c09cb380e1d03a6f859c6f4224b,28,4.285714285714286,0.10714285714285714,0.14285714285714285,1.0257936507936507,9.490798611111112,11.10530753968254,2154.53,105.36464285714285,0.4840506511504575,RJ,unknown,2018-02-23 16:51:37,2018-08-09 13:35:56,166,5.134457831325301,0.0001648584354578288,False,-0.5799916282963584,0.0,0.0,Monitor (low volume)
7fc87cc3e89b3d1d5cabdca32f8485aa,14,3.5714285714285716,0.2857142857142857,0.2857142857142857,14.72202380952381,4.443154761904762,19.740575396825395,2153.9,202.55857142857144,0.36166793503495187,SP,office_furniture,2018-05-02 12:35:31,2018-08-02 12:06:29,91,4.683076923076923,0.00016481022967079477,False,2.2100041858518207,340.0091439933026,0.000778528182020429,Monitor (low volume)
72bc2cce903c872fe376a8faaa81d237,17,4.647058823529412,0.058823529411764705,0.0,2.9646650326797386,5.3153186274509805,8.814011437908496,2149.2,141.4688235294118,0.16916127281242033,SP,books_technical,2017-09-19 23:12:15,2018-08-21 22:45:58,335,1.544716417910448,0.0001644505991960964,False,-1.1735663457513603,0.0,0.0,Monitor (low volume)
6338ea67c41078a46ad99cc009654956,34,4.617647058823529,0.058823529411764705,0.0,3.930678104575163,8.310559640522875,12.841687091503267,2143.4,88.45970588235295,0.7192809601855534,RS,auto,2017-02-02 17:56:17,2018-08-16 22:28:49,560,1.848142857142857,0.00016400679988689423,True,-2.3471326915027206,0.0,0.0,Invest
373ee4a3a775a733770ca3f790b8b9ac,13,3.923076923076923,0.23076923076923078,0.07692307692307693,4.40849358974359,4.6127670940170935,10.008814102564104,2141.49,187.06230769230768,0.3046060816929334,RJ,sports_leisure,2017-02-06 18:57:19,2018-05-08 14:23:15,455,0.8697142857142857,0.00016386065218334657,False,1.3378610297195481,220.38584742570114,0.000504623467252229,Monitor (low volume)
14a08204d03bb6b6bde8029f801ae0eb,27,3.962962962962963,0.14814814814814814,0.0,2.77099358974359,6.1115226337448565,9.084747942386832,2140.4,101.05555555555556,0.4706765922832555,SP,electronics,2018-03-15 20:13:55,2018-08-20 20:02:22,157,5.234904458598726,0.00016377724852006552,False,0.5478652155713686,43.43150768181324,9.94463040635001e-05,Monitor (low volume)
87d30a6a0cbf89356e49324971ab1d24,17,4.352941176470588,0.11764705882352941,0.058823529411764705,2.0434640522875815,8.835130718954249,11.212990196078431,2134.13,138.23,0.18831018827033333,SP,toys,2017-12-21 13:48:26,2018-06-20 20:25:37,181,2.8590055248618786,0.00016329748616339347,False,-0.17356634575136043,0.0,0.0,Monitor (low volume)
dd533b429f380718b70ad9922c294bae,37,4.0,0.13513513513513514,0.13513513513513514,4.023348348348348,12.453566066066065,17.225957207207205,2131.18,86.10108108108108,0.6308235520529522,SP,toys,2017-03-31 13:22:29,2017-12-29 11:40:59,272,4.140735294117647,0.00016307176065267855,True,0.26929677689409826,15.511348783274709,3.551675707040844e-05,Coach: fulfilment
9bcdfa7b615b3abb9461d9e3ad9886ae,14,4.428571428571429,0.07142857142857142,0.07142857142857142,2.703125,9.70406746031746,12.675892857142857,2126.0699999999997,180.2707142857143,0.3909330664760193,SC,sports_leisure,2017-01-31 21:14:52,2018-04-16 20:07:14,439,0.970751708428246,0.00016268075815784695,False,-0.7899958141481792,0.0,0.0,Monitor (low volume)
0725b8c0f3f906e58f70cbe76b7c748c,15,3.933333333333333,0.2,0.4,5.043611111111111,7.723981481481482,13.48087962962963,2124.8,184.13133333333332,0.40132036681158906,SP,housewares,2017-01-20 17:23:00,2018-08-07 17:41:54,564,0.8095744680851064,0.00016258358141255617,False,1.082147341984094,153.2897781498535,0.0003509917730555831,Monitor (low volume)
5160d23075764e18e07c1f4a87fad743,30,4.566666666666666,0.03333333333333333,0.03333333333333333,2.915462962962963,6.3516666666666675,9.614097222222222,2124.0,85.34633333333333,0.23077311724512467,SP,toys,2017-08-14 18:37:59,2017-12-05 09:35:38,112,8.153571428571428,0.00016252236771473517,True,-2.8357053160318126,0.0,0.0,Invest
df91910b6a03bb2e3358fa6a35e32f6f,13,4.615384615384615,0.0,0.0,2.422106481481481,6.585096153846154,9.194711538461538,2123.19,193.58615384615385,0.19656094361233686,SP,housewares,2018-06-24 09:54:00,2018-08-14 21:21:39,51,7.75921568627451,0.0001624603888456914,False,-1.662138970280452,0.0,0.0,Monitor (low volume)
8f78f0903005064036736c7173a5c2ed,13,3.769230769230769,0.23076923076923078,0.07692307692307693,7.044177350427351,10.358173076923077,17.417307692307695,2113.7,211.22692307692307,0.3476309937940316,MG,furniture_decor,2017-04-12 11:35:01,2018-07-29 22:38:20,473,0.8366173361522199,0.00016173424135528986,False,1.3378610297195481,217.52591219370836,0.0004980749957884634,Monitor (low volume)
34f563c82a85b99ae9e6d60db5fc2e28,7,4.714285714285714,0.0,0.0,2.699503968253968,7.758333333333334,10.867857142857144,2112.4,322.75714285714287,0.0900979354322619,RS,musical_instruments,2018-04-13 15:09:55,2018-08-04 12:34:43,112,1.9025,0.00016163476909633077,False,-0.8949979070740895,0.0,0.0,Monitor (low volume)
4c8b8048e33af2bf94f2eb547746a916,19,3.3684210526315788,0.3157894736842105,0.10526315789473684,5.309904970760234,13.022880116959065,18.611951754385963,2108.19,133.55263157894737,0.34888991695347904,SP,bed_bath_table,2017-08-22 16:50:10,2018-08-24 21:17:00,367,1.5759128065395096,0.0001613126320115478,False,3.570719966513185,396.1976908528122,0.0009071846255593867,Monitor (low volume)
cf2384dd2f1dddea3f838efed0945e65,16,3.9375,0.125,0.0,2.629513888888889,10.83125,14.251345486111111,2101.5,158.43375,0.2062902817285144,SP,furniture_living_room,2017-03-09 20:28:23,2018-08-02 12:14:15,510,0.9549803921568628,0.00016080073246351975,False,-0.04570950188363332,0.0,0.0,Monitor (low volume)
ffdd9f82b9a447f6f8d4b91554cc7dd3,18,4.333333333333333,0.1111111111111111,0.0,4.146241830065359,6.24957561728395,10.538194444444445,2101.2,157.14777777777778,0.3567316206814002,PR,housewares,2017-03-05 16:21:27,2018-08-19 14:37:08,531,1.031864406779661,0.00016077777732683685,False,-0.3014231896190876,0.0,0.0,Monitor (low volume)
e9511df20ccd82658a30c37b7fb343af,22,4.318181818181818,0.09090909090909091,0.0,1.2925189393939396,7.861837121212122,9.756818181818183,2096.6,128.32272727272726,0.5951966410453419,SP,construction_tools_construction,2017-11-23 19:55:23,2018-08-08 14:23:32,257,2.6057587548638135,0.00016042579856436615,False,-0.8128505650899958,0.0,0.0,Monitor (low volume)
3bfba5a77604f6dfae7e6dd7aaf65821,4,5.0,0.0,0.0,0.8866319444444444,7.980034722222221,9.362152777777778,2095.5,554.5475,0.4743565597784483,PR,health_beauty,2018-08-09 19:54:54,2018-08-21 20:50:17,12,4.0,0.0001603416297298623,False,-0.5114273754709083,0.0,0.0,Monitor (low volume)
7f7b8245c336066a1f9933c359f11d77,38,4.552631578947368,0.07894736842105263,0.02631578947368421,2.9425863363363365,4.802302631578947,8.17048611111111,2094.36,69.21657894736842,0.3127076824234787,SP,health_beauty,2018-04-11 16:00:34,2018-08-17 08:20:42,127,9.108031496062992,0.0001602544002104674,True,-1.8585600669736293,0.0,0.0,Invest
f214d28e8d8e3ef068748498ccc2f813,50,4.26,0.1,0.08,2.5031944444444445,7.529472222222222,10.523305555555556,2092.4500000000003,56.796800000000005,0.43805831512331594,SP,fashion_bags_accessories,2017-08-13 19:57:41,2018-08-19 13:40:36,370,4.113513513513514,0.00016010825250691978,True,-1.392842193386354,0.0,0.0,Invest
8de8fe3af4449ed695d2434c933ed73e,1,5.0,0.0,0.0,2.921527777777778,6.1402777777777775,10.056944444444444,2090.0,2155.35,0.031267942583732056,SP,home_appliances,2018-08-04 15:52:54,2018-08-04 15:52:54,0,1.0,0.00015992078555734297,False,-0.12785684386772708,0.0,0.0,Monitor (low volume)
165b1235e9e9942cb5fae67103576fb0,11,4.363636363636363,0.0,0.09090909090909091,0.8925505050505051,6.499116161616161,7.830050505050505,2085.15,226.34545454545457,0.41886344324094205,SP,construction_tools_construction,2018-05-20 08:41:02,2018-08-19 07:41:33,90,3.7204444444444444,0.00015954967751430322,False,-1.4064252825449979,0.0,0.0,Monitor (low volume)
cac876b37d3abcd6bd76caca30277996,25,4.52,0.04,0.04,1.3760416666666666,8.4595,10.130583333333332,2081.97,110.39959999999999,0.413776776495692,PR,housewares,2018-02-13 12:38:05,2018-07-26 13:09:26,163,4.668711656441718,0.00015930635306546473,False,-2.196421096693177,0.0,0.0,Monitor (low volume)
c013e57c075a06e5b5c48ee03c525719,42,4.238095238095238,0.09523809523809523,0.07142857142857142,1.2003048780487804,7.617824074074075,9.190724206349207,2078.7400000000002,72.27238095238096,0.45656435923578415,SP,pet_shop,2018-02-27 15:10:06,2018-08-26 19:04:05,180,7.102666666666667,0.00015905920276051253,True,-1.3699874424445377,0.0,0.0,Invest
3a1a1fec38dd360f15fc912e821e169d,15,3.8666666666666667,0.2,0.26666666666666666,3.087037037037037,10.925462962962962,14.433472222222223,2073.38,165.24066666666664,0.22208156393070408,SP,auto,2017-10-28 12:12:48,2018-05-05 16:21:56,189,2.415873015873016,0.00015864907098511185,False,1.082147341984094,149.58017706153205,0.0003424977985777414,Monitor (low volume)
082e0bf4cb865a6533b1e8e498cc0255,11,3.272727272727273,0.36363636363636365,0.18181818181818182,1.4097222222222223,12.30770202020202,14.365972222222222,2073.3,278.57545454545453,0.5331125344864056,SP,garden_tools,2017-10-29 13:42:54,2018-08-17 07:09:44,291,1.1506529209621994,0.00015864294961532977,False,2.5935747174550023,488.84167833631426,0.0011193140827367941,Monitor (low volume)
6aa3928696eab49a19a466e665a649fd,17,4.705882352941177,0.058823529411764705,0.058823529411764705,1.4514297385620916,7.863357843137256,9.373161764705882,2072.9,141.85235294117646,0.2018505313158512,RJ,health_beauty,2018-03-10 12:41:26,2018-08-17 22:23:06,160,3.23425,0.00015861234276641926,False,-1.1735663457513603,0.0,0.0,Monitor (low volume)
e38db885400cd35c71dfd162f2c1dbcf,30,4.466666666666667,0.06666666666666667,0.13333333333333333,2.6196296296296295,9.901250000000001,12.85824074074074,2066.8,91.25166666666668,0.33057061304907925,DF,bed_bath_table,2017-08-20 19:32:32,2018-08-15 14:11:19,359,2.543732590529248,0.00015814558832053421,True,-1.8357053160318124,0.0,0.0,Coach: fulfilment
ea65d8b58316a6f2362f2a9e4b3e86ad,9,4.0,0.2222222222222222,0.0,1.9305555555555556,6.445138888888889,8.413425925925926,2061.4,254.6911111111111,0.30689908506154084,SP,computers_accessories,2018-03-01 16:43:57,2018-08-25 12:13:10,176,1.5565909090909091,0.0001577323958602425,False,0.8492884051904561,194.52479093995626,0.00044540870304173713,Monitor (low volume)
412a4720f3e9431b4afa1476a1acddbe,21,4.238095238095238,0.09523809523809523,0.047619047619047616,0.9487103174603174,8.96329365079365,10.530919312169313,2058.1,122.34095238095237,0.29695367625431884,SP,sports_leisure,2017-09-10 21:12:43,2018-08-13 21:49:33,337,1.8968545994065285,0.0001574798893567309,False,-0.6849937212222689,0.0,0.0,Monitor (low volume)
4e8dacf3d38f281ae26c3e0321d92d88,8,3.125,0.375,0.125,4.459027777777778,7.2515625,12.034375,2055.46,274.505,0.1783908788273117,SP,unknown,2017-01-27 14:59:18,2017-03-14 21:20:04,46,5.293913043478261,0.00015727788415392162,False,1.9771452490581833,507.9928717036417,0.0011631650909205058,Monitor (low volume)
be9a160a9011f627c3e121d076c1ec7b,5,4.6,0.0,0.0,5.226527777777778,8.463055555555556,14.817916666666667,2055.0,446.024,0.09391061935198894,SC,garden_tools,2017-03-26 11:36:32,2017-10-27 23:57:47,215,0.7079069767441861,0.00015724268627767454,False,-0.6392842193386354,0.0,0.0,Monitor (low volume)
4992e76a42cb3aad7a7047e0d3d7e729,52,3.9423076923076925,0.17307692307692307,0.07692307692307693,1.307794784580499,6.4710336538461535,8.047743055555555,2052.7,57.7101923076923,0.4857941187752246,SP,housewares,2017-05-12 14:58:01,2018-08-13 20:53:44,458,3.4560698689956335,0.0001570666968964392,True,2.3514441188781916,92.8232565927166,0.00021253993453119286,Invest
3a734b715d333a2588a3d54a0c9b8746,14,4.642857142857143,0.0,0.07142857142857142,2.2832837301587303,9.270089285714286,11.886011904761904,2052.52,169.4414285714286,0.17464677006980217,SP,telephony,2017-08-04 10:08:27,2017-11-29 18:09:33,117,3.6423931623931627,0.00015705292381442947,False,-1.789995814148179,0.0,0.0,Monitor (low volume)
62c50c1af4dfdc4149d25c5222043d39,10,3.9,0.2,0.0,3.7636111111111115,9.157916666666667,13.067708333333334,2045.8500000000001,230.62400000000002,0.1156184435078041,SP,fixed_telephony,2017-01-16 09:56:45,2017-04-23 16:01:16,97,3.138144329896907,0.00015654255460884696,False,0.7214315613227293,147.59407597321058,0.0003379501689127281,Monitor (low volume)
bc2ac6b95e1accce9858528ee566c17e,18,4.555555555555555,0.1111111111111111,0.0,0.9586033950617284,3.655092592592593,4.748533950617284,2045.0,126.64222222222222,0.11954683636000468,SP,books_imported,2017-08-21 19:07:53,2018-05-21 17:38:06,272,2.014411764705882,0.00015647751505491213,False,-0.3014231896190876,0.0,0.0,Monitor (low volume)
c6381d2d013342748761e906d45aff76,15,3.8666666666666667,0.26666666666666666,0.0,5.796064814814815,9.97773148148148,16.018101851851853,2042.98,174.28400000000002,0.38991686626923,RS,housewares,2017-10-31 23:50:58,2018-07-25 01:12:50,266,1.7165413533834586,0.00015632295046791414,False,2.082147341984094,283.5856917817776,0.0006493338693097674,Monitor (low volume)
71592660bbcb6a4664e97b6f8b68babc,6,4.333333333333333,0.0,0.0,0.847337962962963,11.269328703703701,12.457523148148148,2027.18,366.7583333333334,0.11518701687204146,SP,computers_accessories,2018-02-16 19:32:22,2018-07-31 20:47:41,165,1.1069090909090908,0.00015511397993594954,False,-0.7671410632063624,0.0,0.0,Monitor (low volume)
82bd0703a4aefd6b599e5bfdaed378fb,15,4.2,0.13333333333333333,0.06666666666666667,2.053472222222222,7.992870370370371,10.21787037037037,2025.79,153.60399999999998,0.24356818200285218,SP,health_beauty,2017-01-17 14:50:19,2017-08-18 08:57:28,212,2.1537735849056605,0.00015500762113598556,False,0.08214734198409374,11.094217594530482,2.5402731683530856e-05,Monitor (low volume)
b56906f7fd1696e043f1bcce164c487b,38,4.052631578947368,0.18421052631578946,0.05263157894736842,2.1185855263157896,10.119181681681681,12.2437317251462,2012.49,73.35710526315789,0.43444368600871774,SP,health_beauty,2017-02-04 19:01:33,2018-08-08 09:00:50,549,2.1069581056466307,0.00015398994340971156,True,2.1414399330263705,113.41122238990106,0.00025968075961411036,Invest
0ed6ce5d87fd9c69eaacaeb778d67235,41,4.390243902439025,0.04878048780487805,0.12195121951219512,4.546409214092141,10.336483739837398,15.20938346883469,2011.53,64.95780487804878,0.5110892186099063,SP,electronics,2017-10-05 17:40:46,2018-08-21 11:40:08,319,3.912351097178684,0.00015391648697232638,True,-3.2421305985768103,0.0,0.0,Coach: fulfilment
fac1a9017ade7bdc94058fc1c969f355,9,4.666666666666667,0.0,0.0,1.3431327160493827,6.108487654320988,7.714969135802469,2010.84,246.98999999999998,0.2740932587761573,SP,computers_accessories,2018-05-11 15:21:35,2018-08-17 14:01:36,97,2.8243298969072166,0.00015386369015795576,False,-1.1507115948095437,0.0,0.0,Monitor (low volume)
1782ce2db72c3dda627d5e7c898104e1,9,4.333333333333333,0.0,0.1111111111111111,1.75625,27.39251543209876,29.349228395061726,2010.8,246.46333333333334,0.10564299173097902,SP,watches_gifts,2017-02-06 10:13:04,2018-05-05 16:45:11,453,0.6047682119205298,0.0001538606294730647,False,-1.1507115948095437,0.0,0.0,Monitor (low volume)
f7720c4fa8e3aba4546301ab80ea1f1b,57,4.298245614035087,0.07017543859649122,0.05263157894736842,2.17665404040404,8.601315789473684,11.041885964912282,2006.85,57.51736842105264,0.7647694396748165,PR,furniture_decor,2017-03-28 23:13:25,2018-08-17 18:16:56,506,3.42901185770751,0.00015355838684007355,True,-3.287840100460444,0.0,0.0,Invest
d6ab728cf30867cf3f1a2e216ae2f9b7,12,4.416666666666667,0.08333333333333333,0.0,1.6488425925925927,8.868692129629629,10.844791666666666,2002.0,186.15166666666667,0.16621557604406853,SP,sports_leisure,2018-03-12 09:49:18,2018-08-21 15:43:35,162,2.254814814814815,0.0001531872787970338,False,-0.5342821264127251,0.0,0.0,Monitor (low volume)
8ec76bb0965af3f007692b26fa9d6623,1,5.0,0.0,0.0,2.16875,8.225,11.309722222222222,1999.0,2028.75,0.014882441220610306,SC,computers_accessories,2017-11-17 15:31:37,2017-11-17 15:31:37,0,1.0,0.00015295772743020508,False,-0.12785684386772708,0.0,0.0,Monitor (low volume)
6b536a23086fba0d58c08d68814397f6,18,4.111111111111111,0.16666666666666666,0.05555555555555555,1.3647875816993464,10.14837962962963,12.08858024691358,1996.8,130.9188888888889,0.23249791587422347,RJ,sports_leisure,2017-10-25 14:35:46,2018-07-28 23:06:54,276,1.9852173913043478,0.00015278938976119735,False,0.6985768103809123,77.49545416492255,0.00017744344854164583,Monitor (low volume)
17908cf9b444ee34047cadd5c0f4a516,11,4.545454545454546,0.0,0.09090909090909091,2.176830808080808,15.717108585858586,18.880366161616163,1993.99,226.85545454545453,0.27380959042806724,GO,auto,2017-09-21 21:02:09,2018-08-11 22:01:59,324,1.0334567901234568,0.0001525743766476011,False,-1.4064252825449979,0.0,0.0,Monitor (low volume)
f5f2ab9bdb6b30c14c61be68c5ed37da,16,4.1875,0.125,0.125,1.1197420634920634,11.912847222222222,13.209071180555556,1990.79,143.143125,0.16976799440068494,SP,toys,2017-04-28 21:53:54,2017-12-04 19:12:17,219,2.2239269406392697,0.00015232952185631712,False,-0.04570950188363332,0.0,0.0,Monitor (low volume)
9449f25aeaf531019b76999ea49a6949,9,4.222222222222222,0.1111111111111111,0.2222222222222222,2.6318672839506174,10.665123456790123,13.614351851851852,1979.55,238.89333333333332,0.08482682519897844,RJ,health_beauty,2017-06-08 22:00:07,2018-04-18 09:23:18,313,0.8752715654952078,0.0001514694694019322,False,-0.1507115948095438,0.0,0.0,Monitor (low volume)
0bb738e4d789e63e2267697c42d35a2d,28,4.642857142857143,0.0,0.03571428571428571,2.514459325396825,9.171577380952382,12.086507936507937,1979.4,91.82500000000002,0.3992723127953254,SP,industry_commerce_and_business,2017-02-01 12:59:24,2018-05-13 09:28:31,465,1.8329462365591398,0.00015145799183359076,False,-3.579991628296358,0.0,0.0,Monitor (low volume)
13074f016982ff2bd6c58ced8682f000,13,4.153846153846154,0.07692307692307693,0.3076923076923077,4.057638888888889,10.595886752136751,14.88701923076923,1977.0,211.7430769230769,0.4097618031276543,RS,kitchen_dining_laundry_garden_furniture,2017-11-02 20:58:23,2018-07-10 16:00:51,249,1.5892369477911648,0.00015127435074012777,False,-0.662138970280452,0.0,0.0,Monitor (low volume)
91f5779a8731baca4809fdeade81803f,6,3.8333333333333335,0.16666666666666666,0.0,4.653472222222223,11.176273148148148,16.374305555555555,1971.46,352.84833333333336,0.237291966394791,RJ,sports_leisure,2017-11-14 18:14:55,2018-04-09 21:48:58,146,1.250958904109589,0.00015085044588271742,False,0.23285893679363745,76.51201325519742,0.00017519163715039716,Monitor (low volume)
8bdd8e3fd58bafa48af76b2c5fd71974,9,4.888888888888889,0.0,0.1111111111111111,1.6350694444444445,8.860956790123458,10.37878086419753,1946.8400000000001,234.39999999999998,0.09068257137702555,SP,toys,2018-01-12 20:53:30,2018-08-05 14:50:57,204,1.3429411764705883,0.00014896659433227637,False,-1.1507115948095437,0.0,0.0,Monitor (low volume)
78c99c6dff4eeae5be99bf635ed21e3f,30,4.533333333333333,0.06666666666666667,0.1,2.2667824074074074,10.799722222222222,13.400023148148147,1940.98,86.05866666666667,0.41313814352785166,SP,sports_leisure,2017-02-08 10:18:09,2017-08-18 11:21:40,191,4.781151832460733,0.00014851820399573758,True,-1.8357053160318124,0.0,0.0,Invest
116ccb1a1604bc88e4d234a8c23f33de,59,4.694915254237288,0.01694915254237288,0.05084745762711865,1.3549463937621833,7.053601694915255,8.842384651600755,1925.19,47.85491525423729,0.6941453116884343,SP,auto,2017-11-09 12:05:32,2018-08-21 21:49:19,285,6.30161403508772,0.00014730999863499575,True,-6.543553788195898,0.0,0.0,Invest
bf84056e679dbe9c69929847a40e338f,35,3.7714285714285714,0.17142857142857143,0.08571428571428572,3.791746031746032,8.536825396825398,12.67704365079365,1918.08,67.33085714285714,0.23404843122943783,SP,health_beauty,2018-02-19 11:58:17,2018-04-29 13:46:06,69,15.440579710144927,0.00014676596189561167,True,1.5250104646295521,83.57405919990431,0.00019136179577055974,Invest
f615fe7efbef0f4f08fd3086bc7a3e60,19,4.631578947368421,0.10526315789473684,0.10526315789473684,0.8668494152046784,7.029605263157895,8.147258771929826,1916.67,117.93105263157895,0.20643813151987345,SP,toys,2017-07-12 17:40:18,2017-10-09 20:20:21,89,6.498426966292135,0.00014665807275320218,False,-0.42928003348681465,0.0,0.0,Monitor (low volume)
cd843d4cf8ef32827de0396605163ba3,5,3.8,0.0,0.0,5.358055555555556,10.69375,16.07513888888889,1915.0,522.512,0.36460317952279786,MG,kitchen_dining_laundry_garden_furniture,2017-07-28 10:36:12,2018-08-13 16:25:25,381,0.39947506561679796,0.00014653028915900086,False,-0.6392842193386354,0.0,0.0,Monitor (low volume)
901b460cdce0c64e471230d7f2f9f3a3,5,4.4,0.2,0.0,4.055972222222222,11.432916666666667,15.513749999999998,1904.0,402.512,0.05890897502802792,RS,fashion_bags_accessories,2017-10-18 20:37:23,2018-07-15 07:05:30,269,0.5657992565055763,0.0001456886008139622,False,0.36071578066136467,137.36056927584767,0.00031451823037360237,Monitor (low volume)
f41ce2e25237f9092cd8e6e7516c7a2f,25,4.4,0.04,0.0,2.9346111111111113,5.586444444444444,8.694388888888888,1903.9,88.5288,0.19064042414433793,SP,consoles_games,2017-01-21 17:33:30,2017-12-18 14:55:09,330,2.306060606060606,0.0001456809491017346,False,-2.196421096693177,0.0,0.0,Monitor (low volume)
d5b9a084373da994a6e37f732169a853,7,3.5714285714285716,0.2857142857142857,0.2857142857142857,6.412698412698412,10.933333333333334,17.875892857142855,1900.99,299.3528571428571,0.11036930286103412,SP,baby,2018-01-20 21:21:28,2018-05-07 22:23:50,107,1.9914018691588786,0.00014545828427591073,False,1.1050020929259103,300.08541837588945,0.0006871137419281375,Monitor (low volume)
3d2531eccfbde1d7c8db7a3a12fb267a,9,4.222222222222222,0.1111111111111111,0.0,2.2574845679012348,5.766589506172839,8.844367283950618,1899.55,228.86444444444442,0.11943058457508131,MG,health_beauty,2018-05-05 16:05:44,2018-08-19 18:34:21,106,2.5845283018867926,0.00014534809961983292,False,-0.1507115948095438,0.0,0.0,Monitor (low volume)
6df688df543f90e9b38f4319e75a9d88,39,4.564102564102564,0.02564102564102564,0.0,1.3546118233618234,6.395138888888889,7.937197293447293,1891.76,68.23589743589743,0.6345565010417454,MG,health_beauty,2017-01-31 13:01:10,2017-11-22 09:09:01,294,4.037959183673469,0.00014475203123730102,True,-3.9864169108413563,0.0,0.0,Invest
112453736dbe3889cfb74e1aaa0ba0c1,7,4.142857142857143,0.14285714285714285,0.0,4.381150793650794,8.582242063492064,13.335218253968254,1890.0,307.82428571428574,0.14063492063492064,SP,auto,2018-06-13 09:39:17,2018-08-18 20:19:40,66,3.2284848484848485,0.00014461736110209483,False,0.10500209292591037,28.3505650899958,6.491505975263133e-05,Monitor (low volume)
5ab05b6d86d417796c69ffd6774ec832,10,3.8,0.2,0.1,2.55125,10.881597222222222,13.937708333333333,1886.1,214.285,0.14203746726413832,SP,health_beauty,2017-01-20 21:20:07,2018-08-26 12:38:57,582,0.5230240549828179,0.0001443189443252175,False,0.7214315613227293,136.06920678107997,0.00031156136255653955,Monitor (low volume)
65b081a070633e057c462abdd6fb9dd8,19,4.315789473684211,0.10526315789473684,0.0,2.1639619883040937,9.681688596491227,12.037207602339182,1885.0900000000001,122.45631578947369,0.3110781604039328,GO,perfumery,2017-10-26 12:25:47,2018-05-07 17:39:18,193,2.996683937823834,0.0001442416620317185,False,-0.42928003348681465,0.0,0.0,Monitor (low volume)
5debea795b07621e1f90532e18f96145,25,4.36,0.08,0.0,2.0854444444444447,7.4279166666666665,10.347611111111112,1883.78,95.5252,0.42824267626764034,PR,health_beauty,2017-10-21 11:29:06,2018-08-15 07:41:09,297,2.5622895622895627,0.00014414142460153663,False,-1.196421096693177,0.0,0.0,Monitor (low volume)
6ddc28b61be28373b4503a1f61cf98a9,11,4.181818181818182,0.09090909090909091,0.09090909090909091,0.8650694444444446,5.655618686868687,6.8500631313131315,1880.9,188.24818181818182,0.11021387332140381,SP,toys,2018-06-14 17:31:48,2018-08-15 18:14:08,62,5.400645161290322,0.00014392105528938104,False,-0.4064252825449979,0.0,0.0,Monitor (low volume)
e24d3429d294b2eb200b064ebb035879,19,4.2631578947368425,0.10526315789473684,0.05263157894736842,0.7069878472222223,6.846564327485379,7.711513157894737,1878.58,118.45789473684209,0.2764194096968461,SP,health_beauty,2018-06-25 09:22:58,2018-08-26 04:53:46,61,9.481311475409836,0.00014374353556570016,False,-0.42928003348681465,0.0,0.0,Monitor (low volume)
5b33b527da3c5b969cc99dc435cad09a,16,4.125,0.125,0.0625,0.7178819444444444,11.560720486111112,12.708029513888889,1872.79,139.89625,0.43188721804214386,PR,electronics,2017-01-29 00:31:42,2018-08-11 18:52:49,559,0.8712701252236136,0.00014330050142772073,False,-0.04570950188363332,0.0,0.0,Monitor (low volume)
abbf6046bbdf1028606a5bc7f00c99e7,6,4.666666666666667,0.0,0.0,2.114814814814815,9.658912037037037,11.785069444444444,1867.25,332.37666666666667,0.07013771173910395,SC,auto,2018-01-24 00:33:52,2018-05-02 22:13:15,98,1.8636734693877552,0.00014287659657031036,False,-0.7671410632063624,0.0,0.0,Monitor (low volume)
4e5725ba188db8252977a4f0227bd462,21,3.5238095238095237,0.3333333333333333,0.2857142857142857,2.8369708994708995,17.77609126984127,20.972883597883598,1865.0900000000001,106.16000000000001,0.27134475223758237,SP,computers_accessories,2018-02-20 18:27:39,2018-05-25 23:56:57,94,6.800425531914894,0.0001427113195861937,False,4.315006278777731,383.23214573740756,0.0008774970643689776,Monitor (low volume)
daeb5653dd96c1b11860f72209795012,38,4.2894736842105265,0.10526315789473684,0.07894736842105263,2.389057807807808,9.171180555555555,11.650073099415204,1864.1,64.55236842105262,0.7130900300298807,MG,toys,2017-09-07 16:56:45,2018-08-10 15:03:50,336,3.4426190476190475,0.0001426355676351402,True,-0.8585600669736293,0.0,0.0,Invest
7ade73f1b9b4e965f9009a4c3a7e2c15,26,4.769230769230769,0.0,0.0,2.328659188034188,6.972409188034188,9.665785256410256,1861.45,89.1973076923077,0.2649180345506376,SP,housewares,2018-04-13 14:54:22,2018-08-11 13:27:25,119,6.650756302521009,0.00014243279726110816,False,-3.324277940560904,0.0,0.0,Monitor (low volume)
0417b067eeab773d2f7061a726dc477f,13,3.923076923076923,0.23076923076923078,0.3076923076923077,1.3104700854700855,15.759882478632479,17.557371794871795,1859.18,192.44230769230768,0.4535495138899593,SC,auto,2018-03-01 20:13:18,2018-08-20 12:38:56,171,2.314152046783626,0.00014225910339354112,False,1.3378610297195481,191.33265147953765,0.0004380995745233455,Monitor (low volume)
93b9a99027bd8bd6af682aff18dd19bf,18,4.111111111111111,0.05555555555555555,0.0,4.205246913580247,7.617129629629629,11.954591049382717,1850.0,127.21833333333332,0.27127823996578404,SP,furniture_decor,2017-01-26 21:58:53,2018-08-05 06:31:51,555,0.9872432432432433,0.0001415566762110452,False,-1.3014231896190875,0.0,0.0,Monitor (low volume)
a4bd6e9adf39b63f43dc545d3ca1f53d,4,4.5,0.0,0.0,3.021875,7.212326388888888,10.501215277777778,1848.59,490.2425,0.07269021712242417,RJ,garden_tools,2017-04-15 09:42:38,2018-05-03 10:34:01,383,0.317911227154047,0.0001414487870686357,False,-0.5114273754709083,0.0,0.0,Monitor (low volume)
74bafed391319577bce6f4d2acc0589a,3,2.6666666666666665,0.6666666666666666,0.0,1.1652777777777779,5.605787037037037,7.03125,1847.0,694.91,0.13915533266886546,SP,health_beauty,2017-09-16 22:28:50,2018-04-16 20:20:19,211,0.4327962085308057,0.0001413271248442165,False,1.6164294683968186,995.1817427096412,0.002278694695772419,Monitor (low volume)
1b1ae47a313a825a7ccceb8e2e30fa9d,9,4.222222222222222,0.2222222222222222,0.0,2.3964506172839504,8.580864197530865,11.188117283950618,1844.1000000000001,228.49777777777777,0.11020811136386438,PR,toys,2017-10-04 21:39:30,2018-05-07 13:37:30,214,1.2801869158878505,0.0001411052251896154,False,0.8492884051904561,174.01919422352447,0.00039845648068267557,Monitor (low volume)
3a4127e1ba7208ea37044c5092aae170,5,4.0,0.2,0.0,2.391388888888889,8.790138888888889,11.776250000000001,1842.6999999999998,384.83,0.04480930997756612,SP,telephony,2018-04-19 07:58:35,2018-07-13 14:48:56,85,1.7905882352941176,0.00014099810121842864,False,0.36071578066136467,132.93819380493932,0.00030439219701125893,Monitor (low volume)
ffeee66ac5d5a62fe688b9d26f83f534,14,4.214285714285714,0.14285714285714285,0.14285714285714285,6.153075396825396,11.210218253968254,18.07485119047619,1839.8600000000001,161.39642857142857,0.23237474305022973,SP,home_appliances,2017-09-30 15:56:56,2018-05-14 08:55:22,225,1.8940444444444446,0.00014078079259116413,False,0.21000418585182073,27.598450098666493,6.319292160660122e-05,Monitor (low volume)
6a38087bc8ad4f89ff453561005f6dea,15,4.6,0.0,0.0,1.135630341880342,8.979675925925926,10.22925925925926,1833.43,158.75666666666666,0.35978505580264647,GO,computers_accessories,2018-05-18 10:34:41,2018-08-17 12:56:21,91,5.0175824175824175,0.0001402887874949279,False,-1.9178526580159063,0.0,0.0,Monitor (low volume)
e8f6dc8e6a1dcde89d20e3995c8d90b3,29,3.8620689655172415,0.1724137931034483,0.10344827586206896,4.385105363984675,8.257902298850574,12.96956417624521,1820.33,130.67344827586209,0.7802188207526684,SP,furniture_decor,2017-02-22 09:47:07,2017-11-30 02:29:55,280,3.1527142857142856,0.00013928641319310914,False,1.292151527835915,81.10835140226038,0.00018571599758246415,Monitor (low volume)
55bb6fe5bebe5012e2d7d9928e1128ff,15,3.466666666666667,0.4,0.13333333333333333,3.2957407407407406,11.292916666666667,15.001944444444444,1816.55,159.53466666666665,0.40221431987817824,SP,stationery,2018-01-20 21:20:55,2018-07-30 13:35:11,190,2.403157894736842,0.00013899717847090496,False,4.0821473419840935,494.3616502720803,0.00113195331256892,Monitor (low volume)
729b2d09b2a0bdab221076327f13d050,48,4.5625,0.041666666666666664,0.08333333333333333,3.1160011574074074,9.069560185185185,12.483029513888889,1805.21,57.08145833333333,0.5548513216340757,SP,health_beauty,2017-11-14 17:32:32,2018-08-21 12:27:17,279,5.236989247311828,0.0001381294743042924,True,-4.1371285056509,0.0,0.0,Invest
5b85809efd0d0e4dea1a9544e1280ed9,12,4.25,0.08333333333333333,0.0,0.7804861111111111,7.188020833333333,7.965451388888888,1804.6000000000001,174.78,0.18293521432290227,SP,health_beauty,2018-05-16 23:08:51,2018-08-20 14:02:55,95,3.8450526315789477,0.0001380827988597039,False,-0.5342821264127251,0.0,0.0,Monitor (low volume)
2ff6b7bff164ef05590a52734e1296da,7,4.714285714285714,0.0,0.0,1.7020833333333336,9.815674603174603,11.747619047619049,1803.5900000000001,279.30285714285714,0.11687950633155716,PR,stationery,2017-11-01 21:31:57,2018-05-11 09:30:22,190,1.1214736842105264,0.0001380055165662049,False,-0.8949979070740895,0.0,0.0,Monitor (low volume)
c679fb69a36e1d8349e8c50a217b4d58,12,4.083333333333333,0.16666666666666666,0.16666666666666666,4.702893518518518,6.094386574074075,11.278935185185185,1802.6200000000001,179.75166666666667,0.2969811929671925,RS,housewares,2018-07-22 21:45:44,2018-08-20 15:12:17,28,12.0,0.00013793129495759694,False,0.4657178735872749,69.95936277382445,0.00016018785517334813,Monitor (low volume)
15fa791d5e017f66402dc28c44480657,8,4.25,0.125,0.125,1.0669270833333333,10.366059027777778,11.574479166666666,1802.0,247.91125,0.14921845533817263,SP,baby,2018-02-16 14:52:20,2018-06-12 21:05:23,116,2.0993103448275865,0.00013788385434178565,False,-0.02285475094181666,0.0,0.0,Monitor (low volume)
c3e1abd72a42fe690fcd89cf5720fe29,13,4.461538461538462,0.07692307692307693,0.0,0.7372222222222222,3.059134615384615,4.3092414529914524,1798.61,151.35230769230768,0.09718811024657147,SP,pet_shop,2018-05-22 19:45:11,2018-08-13 13:36:58,82,4.825853658536586,0.0001376244612972692,False,-0.662138970280452,0.0,0.0,Monitor (low volume)
1976a05ecf2996d6ffb7b5430e635fe7,8,3.875,0.25,0.25,7.25373263888889,10.08420138888889,17.625694444444445,1796.2,273.8325,0.22592485473477367,SP,furniture_decor,2017-02-25 11:11:52,2017-09-12 16:06:10,199,1.2237185929648242,0.00013744005503258348,False,0.9771452490581833,219.39353704478862,0.0005023513471916373,Monitor (low volume)
272f092de69afedd4d2969440b37f18f,24,3.9166666666666665,0.20833333333333334,0.0,2.5249131944444443,7.342650462962962,10.075231481481481,1794.23,96.02125,0.36172459318697453,SP,fashion_bags_accessories,2017-02-05 23:22:30,2017-10-15 04:15:02,251,2.910597609561753,0.00013728931630169926,False,1.9314357471745502,144.39333169387473,0.00033062133770649235,Monitor (low volume)
406740ee611378a662d274c7d8c43c4a,8,4.375,0.125,0.125,2.2315104166666666,12.14140625,15.207552083333333,1790.0,246.51,0.13958763860887097,ES,fixed_telephony,2018-03-08 17:10:28,2018-04-13 13:04:33,35,6.957714285714285,0.00013696564887447077,False,-0.02285475094181666,0.0,0.0,Monitor (low volume)
fa3a0b5aabb344b9a92e3524b0202123,7,4.142857142857143,0.14285714285714285,0.14285714285714285,2.5703373015873017,7.645337301587302,11.636507936507936,1789.0,279.05857142857144,0.09739895546765467,SP,musical_instruments,2018-01-26 00:09:45,2018-06-16 21:53:42,141,1.5112056737588653,0.00013688913175219453,False,0.10500209292591037,26.835534892064807,6.144605391399865e-05,Monitor (low volume)
293dee954235e4e4e43f129313625ebe,8,5.0,0.0,0.0,1.5847222222222221,12.155902777777778,14.440364583333334,1778.92,252.4025,0.3153056146468668,DF,unknown,2017-10-11 10:22:56,2018-01-16 16:01:28,97,2.510515463917526,0.00013611783915965002,False,-1.0228547509418167,0.0,0.0,Monitor (low volume)
411f3b52d857390502ee4e4d5ceabc2d,19,4.105263157894737,0.15789473684210525,0.15789473684210525,1.6148692810457517,8.557419590643276,10.379422514619883,1776.7,112.83842105263157,0.3699231917220278,SP,construction_tools_construction,2018-04-09 18:48:29,2018-08-22 01:27:49,134,4.316119402985074,0.00013594797114819678,False,0.5707199665131852,53.3683244475777,0.000122198903599097,Monitor (low volume)
07bf9669d84d1f11be443a9dd938f698,18,3.7222222222222223,0.2777777777777778,0.0,1.4580632716049382,6.521566358024691,8.355555555555556,1776.0,134.56777777777776,0.35248070987654323,SP,kitchen_dining_laundry_garden_furniture,2017-03-08 16:34:25,2018-06-27 09:01:34,475,1.1535157894736843,0.0001358944091626034,False,2.6985768103809127,266.2595786242501,0.0006096617969072798,Monitor (low volume)
a5a1bfcf728ab0e19182959cf0771ee4,20,4.35,0.05,0.1,1.3538541666666668,12.153125,13.7828125,1775.95,106.149,0.22366961062698082,SP,food,2018-01-07 21:45:04,2018-08-20 22:09:12,225,2.705777777777778,0.0001358905833064896,False,-1.5571368773545415,0.0,0.0,Monitor (low volume)
ca4b77513ac2040591b0d8fae6958380,14,4.5,0.07142857142857142,0.21428571428571427,2.0757936507936505,5.562549603174603,7.763492063492064,1772.45,140.97285714285715,0.12001022835289218,SP,health_beauty,2018-07-15 13:52:04,2018-08-22 10:28:17,37,11.517837837837838,0.00013562277337852275,False,-0.7899958141481792,0.0,0.0,Monitor (low volume)
1690cada046eb7e92c12f98b1f8a8167,10,4.9,0.0,0.1,1.207361111111111,5.331944444444444,7.352916666666667,1760.0,199.291,0.13117566197281777,SP,auto,2018-04-16 21:52:12,2018-08-10 17:09:47,115,2.6469565217391304,0.00013467013520618355,False,-1.2785684386772709,0.0,0.0,Monitor (low volume)
f63d8f293af3a6454377546bd9dd19ff,17,4.470588235294118,0.11764705882352941,0.11764705882352941,1.7936274509803922,12.063725490196079,16.17042483660131,1751.8200000000002,132.1735294117647,0.4113647134068063,SP,garden_tools,2017-05-14 14:59:05,2018-02-13 16:01:40,275,1.8817454545454546,0.00013404422514596393,False,-0.17356634575136043,0.0,0.0,Monitor (low volume)
c8467937e403e76a8ee9f0ab13f6f5ef,28,4.071428571428571,0.14285714285714285,0.10714285714285714,3.9899057539682543,12.380431547619049,16.841443452380954,1751.09,81.88642857142858,0.49333285286642126,MG,costruction_tools_tools,2017-09-21 15:17:42,2018-03-23 11:03:26,182,4.683076923076923,0.00013398836764670223,False,0.42000837170364147,26.266873557376055,6.014397459377524e-05,Monitor (low volume)
cb810bd318f51b3dc3c753944d61a1fa,1,4.0,0.0,0.0,2.9256944444444444,8.365277777777777,12.295833333333333,1750.0,1789.02,0.02229714285714286,RJ,health_beauty,2018-08-16 15:02:31,2018-08-16 15:02:31,0,1.0,0.00013390496398342115,False,-0.12785684386772708,0.0,0.0,Monitor (low volume)
dd4d95ba2d15c071e6c695e2ef6ce169,4,4.25,0.0,0.5,3.698958333333333,10.0890625,14.406770833333333,1748.0,490.6025,0.12266018306636156,ES,stationery,2018-07-08 17:12:30,2018-08-12 13:03:21,34,3.581176470588235,0.00013375192973886867,False,-0.5114273754709083,0.0,0.0,Monitor (low volume)
a36b125ac6d5fdbc7f50de85c9157bdc,22,3.9545454545454546,0.13636363636363635,0.13636363636363635,2.777777777777778,10.011931818181818,13.249779040404041,1743.66,95.75090909090909,0.3096227956061885,SP,sports_leisure,2017-02-07 12:47:52,2018-08-04 10:42:49,542,1.2355719557195572,0.0001334198454281898,False,0.18714943491000396,14.832953803417162,3.396341763912925e-05,Monitor (low volume)
4bf658053d453036c70976bccb2c31b2,2,4.5,0.0,0.0,13.57048611111111,10.71076388888889,24.678125,1742.99,912.28,0.04612842475632094,SP,unknown,2017-04-15 12:11:01,2017-05-18 12:26:29,33,1.8448484848484847,0.0001333685789562647,False,-0.25571368773545416,0.0,0.0,Monitor (low volume)
7fdb0720c8d7c9075538b365dc8c3a22,8,2.5,0.5,0.125,8.096180555555556,12.292447916666667,21.35373263888889,1742.3400000000001,275.03499999999997,0.35099927340439097,PR,furniture_bedroom,2018-04-21 11:38:28,2018-07-22 20:00:05,92,2.6469565217391304,0.00013331884282678514,False,2.977145249058183,648.3999066555044,0.0014846588965874079,Monitor (low volume)
30c7f28fd3a5897b2c82d152bb760c17,5,1.4,0.8,0.4,11.107499999999998,9.823194444444445,21.57027777777778,1739.49,407.672,0.14949244147361002,RJ,small_appliances,2017-04-22 13:55:16,2017-11-28 13:50:19,219,0.6949771689497717,0.00013310076902829787,False,3.360715780661365,1169.1862986605277,0.0026771176588042136,Monitor (low volume)
198c7ea11960a9844b544d9bcdca860c,25,3.88,0.24,0.12,1.8646944444444444,12.197416666666667,14.513277777777779,1733.75,89.01520000000001,0.6135138670112948,MG,small_appliances,2017-01-26 13:14:02,2017-08-22 22:19:38,208,3.6586538461538463,0.00013266156074643223,False,2.8035789033068226,194.42819694432814,0.0004451875291435083,Monitor (low volume)
d3674f271c91f824f82d24d92011f669,20,4.1,0.15,0.1,1.7775694444444443,11.803229166666666,13.770763888888888,1718.3,105.09100000000001,0.3043210745696298,DF,perfumery,2017-07-07 13:26:33,2018-08-12 20:53:01,401,1.5182044887780548,0.00013147937120726433,False,0.44286312264545824,38.048585182084544,8.712088005151179e-05,Monitor (low volume)
df0f42bc4c2142eacf0eaf2cffd0cfbb,14,4.142857142857143,0.14285714285714285,0.0,4.329265873015872,9.475396825396826,14.022916666666665,1717.49,145.31285714285715,0.18315405958004025,SC,health_beauty,2017-11-19 21:30:09,2018-07-15 01:16:15,237,1.7981434599156119,0.00013141739233822055,False,0.21000418585182073,25.762863511331688,5.89899290870618e-05,Monitor (low volume)
a70e9066dbfd10b6b97a3f54a1356762,2,5.0,0.0,0.0,9.455555555555556,8.328819444444445,18.288194444444443,1716.0,1013.7,0.18146853146853148,PR,furniture_decor,2017-04-25 13:46:24,2017-11-20 18:11:00,209,0.29129186602870816,0.00013130338182602898,False,-0.25571368773545416,0.0,0.0,Monitor (low volume)
9dda5bbacd45e18d6485fee649205d09,17,4.352941176470588,0.11764705882352941,0.11764705882352941,5.993341503267974,9.483251633986928,16.018709150326796,1715.7,129.33823529411765,0.3225830846940497,MG,furniture_decor,2017-03-27 16:26:18,2018-08-04 16:48:37,495,1.0454141414141414,0.0001312804266893461,False,-0.17356634575136043,0.0,0.0,Monitor (low volume)
8378eb36b6b70c5734e83ad7b8cdc3b7,7,3.857142857142857,0.2857142857142857,0.14285714285714285,5.772718253968255,9.812003968253967,16.569642857142856,1714.8,279.5242857142857,0.1448774232736087,SC,home_construction,2017-12-20 10:19:57,2018-07-02 21:10:53,194,1.0983505154639175,0.00013121156127929748,False,1.1050020929259103,270.6939412784787,0.0006198152776492091,Monitor (low volume)
656591be56071d4c9ef4e5fee78a578a,7,4.571428571428571,0.0,0.2857142857142857,5.853373015873016,7.968650793650794,14.808333333333334,1702.0,288.74285714285713,0.27353258577658085,SP,office_furniture,2017-03-06 13:59:02,2017-05-07 12:50:03,61,3.4931147540983605,0.0001302321421141616,False,-0.8949979070740895,0.0,0.0,Monitor (low volume)
6b1c4d4d9ccf0be3d8544eb0e71e5318,1,5.0,0.0,0.0,1.2194444444444446,9.872916666666667,12.218055555555555,1699.0,1759.04,0.035338434373160685,RS,computers_accessories,2018-03-21 14:29:14,2018-03-21 14:29:14,0,1.0,0.00013000259074733288,False,-0.12785684386772708,0.0,0.0,Monitor (low volume)
3481aa57cd91f9f9d3fa1fa12d9a3bf7,23,3.9565217391304346,0.17391304347826086,0.0,3.3026830808080807,5.509782608695652,9.536292270531401,1695.44,105.73,0.43099920197473807,SP,furniture_decor,2017-01-29 17:38:09,2017-08-22 11:02:26,204,3.4319607843137256,0.00012973018979202947,False,1.059292591042277,78.0855230676834,0.0001787945453525664,Monitor (low volume)
1dc2de47ee26a0a5b12dc14fd6dc0dea,25,4.56,0.04,0.12,2.234230324074074,11.962305555555556,14.610416666666667,1695.29,93.1032,0.36595610804360595,SP,bed_bath_table,2018-02-01 09:48:31,2018-08-22 14:19:39,202,3.7673267326732676,0.000129718712223688,False,-2.196421096693177,0.0,0.0,Monitor (low volume)
bf100ecb7997df312b285358fb32f92c,18,4.444444444444445,0.0,0.0,2.3082561728395063,6.078510802469136,9.320370370370371,1692.1000000000001,110.91000000000001,0.23506292053827954,PR,cool_stuff,2017-01-23 07:33:11,2018-02-04 20:43:44,377,1.4533687002652522,0.00012947462260362683,False,-2.3014231896190873,0.0,0.0,Monitor (low volume)
731ef20c231d9a7103a425e83fd91271,2,3.5,0.0,0.0,2.0128472222222222,10.938194444444445,12.976041666666667,1692.0,1098.8,0.3295390070921986,SC,kitchen_dining_laundry_garden_furniture,2017-10-28 16:27:50,2017-10-28 20:52:15,0,2.0,0.0001294669708913992,False,-0.25571368773545416,0.0,0.0,Monitor (low volume)
dfc475d54e1b6dbeeb7d7d9bdaa63827,17,4.705882352941177,0.058823529411764705,0.058823529411764705,5.769934640522876,7.383782679738562,13.436111111111112,1691.47,123.30823529411764,0.3447747604259138,PR,housewares,2018-02-21 14:30:22,2018-08-13 16:25:09,173,2.99121387283237,0.00012942641681659277,False,-1.1735663457513603,0.0,0.0,Monitor (low volume)
edc518ba25576a0188a0e8f2c3af186f,6,3.6666666666666665,0.3333333333333333,0.0,2.2876157407407405,3.9880787037037035,6.654861111111111,1690.5,326.60166666666663,0.25547252375990015,SP,housewares,2018-06-30 20:06:44,2018-08-20 13:02:40,50,3.6528,0.00012935219520798482,False,1.2328589367936373,347.3580054416073,0.0007953550698978367,Monitor (low volume)
3ca08eeb8d5595949fed424bd3677742,13,4.6923076923076925,0.0,0.0,2.013354700854701,7.929059829059829,10.299946581196581,1688.88,164.46,0.2510740801734533,PR,toys,2017-05-11 16:20:58,2018-01-08 13:00:00,241,1.6419917012448133,0.00012922823746989732,False,-1.662138970280452,0.0,0.0,Monitor (low volume)
7139dc5186aa238b006e066d8fbab2e4,21,4.0,0.19047619047619047,0.14285714285714285,3.2089616402116397,10.330059523809524,13.974239417989416,1685.0,104.53809523809525,0.33763674795463117,SP,furniture_decor,2018-02-03 17:46:53,2018-08-02 12:05:29,179,3.571173184357542,0.0001289313510354655,False,1.315006278777731,105.5135990352608,0.00024159735667865495,Monitor (low volume)
3935fe5fe0f82787a9dcb8deb62be09d,16,4.0,0.0625,0.125,1.6759982638888888,9.41171875,11.262890625,1681.6899999999998,131.334375,0.279521135236711,SP,computers_accessories,2018-04-17 09:59:30,2018-08-24 16:08:33,129,3.775503875968992,0.00012867807936073114,False,-1.0457095018836333,0.0,0.0,Monitor (low volume)
d97df38225e5abadaff1e72cb72b823c,26,4.038461538461538,0.19230769230769232,0.19230769230769232,1.9499198717948718,10.512045940170939,12.600373931623931,1680.0,82.04115384615385,0.46521878937108946,SP,auto,2017-11-03 16:38:02,2018-08-08 17:25:12,278,2.846906474820144,0.0001285487654240843,False,1.6757220594390962,108.2774253791416,0.00024792576500806175,Monitor (low volume)
bafc5aa11e413978be29040f51342e70,9,3.7777777777777777,0.3333333333333333,0.1111111111111111,1.915972222222222,11.069753086419754,13.440895061728394,1679.5500000000002,203.27444444444444,0.10038911456239978,MG,stationery,2017-12-04 19:43:40,2018-01-25 09:28:33,51,5.371764705882353,0.00012851433271906,False,1.8492884051904561,345.108037881959,0.0007902032579987648,Monitor (low volume)
e64d65bc8dbec2accda90c58de5d1246,12,3.0833333333333335,0.4166666666666667,0.3333333333333333,3.9164930555555557,9.11730324074074,13.493055555555555,1678.8000000000002,158.33,0.13368604319518537,SP,health_beauty,2017-11-19 13:57:09,2018-03-15 09:38:31,115,3.176347826086957,0.00012845694487735284,False,3.4657178735872756,484.8539305148599,0.001110183228121149,Monitor (low volume)
0b18d63d0cd1d723567903fd34a07df2,9,4.777777777777778,0.0,0.0,1.7412808641975308,4.975617283950617,7.111805555555555,1678.1399999999999,216.00333333333333,0.3475511365470217,SP,auto,2017-04-11 14:30:03,2018-06-12 23:52:24,427,0.6415925058548009,0.0001284064435766505,False,-1.1507115948095437,0.0,0.0,Monitor (low volume)
081acf3de680d554796c9cf041be7bc2,4,3.25,0.25,0.25,4.0546875,11.198611111111111,15.512847222222222,1677.1,486.36,0.2885151793172699,MG,furniture_decor,2017-11-27 14:39:18,2018-05-23 18:30:11,177,0.687909604519774,0.0001283268657694832,False,0.48857262452909167,204.8462871494349,0.00046904211355923317,Monitor (low volume)
c8417879a15366a17c30af34c798c332,23,4.260869565217392,0.08695652173913043,0.08695652173913043,1.2144927536231884,7.225452898550725,8.812801932367151,1677.0,90.99434782608695,0.4356443691292265,SP,garden_tools,2017-02-22 10:49:34,2017-09-28 20:11:40,218,3.211559633027523,0.0001283192140572556,False,-0.940707408957723,0.0,0.0,Monitor (low volume)
0ac4201fda2c68ebc0e47cb9423cf3c9,13,4.230769230769231,0.15384615384615385,0.07692307692307693,1.674198717948718,10.495352564102564,12.649626068376069,1676.88,146.99,0.354774118069663,SP,health_beauty,2017-06-19 08:18:34,2018-06-17 13:20:11,363,1.090137741046832,0.00012831003200258244,False,0.337861029719548,43.58095411662429,9.97884956288104e-05,Monitor (low volume)
77fccaae319668a8ab6cd0fd16aec48c,11,4.454545454545454,0.09090909090909091,0.0,1.389375,7.512247474747475,9.41161616161616,1667.0,171.67636363636365,0.15994899591940792,RJ,sports_leisure,2018-05-13 16:45:22,2018-07-30 15:38:45,77,4.348571428571429,0.0001275540428344932,False,-0.4064252825449979,0.0,0.0,Monitor (low volume)
7586919161935337bf6b6d7ff5779648,11,3.8181818181818183,0.2727272727272727,0.18181818181818182,2.180050505050505,14.510290404040404,17.498358585858586,1664.71,181.35727272727274,0.6269740665910144,RJ,sports_leisure,2017-06-30 09:06:16,2018-03-20 11:03:07,263,1.2731558935361218,0.00012737881862448058,False,1.593574717455002,241.1672516267742,0.0005522072135082174,Monitor (low volume)
5f67c6082caacb26e431a7b17940cece,13,3.5384615384615383,0.23076923076923078,0.3076923076923077,7.915972222222223,14.508547008547009,22.82916666666667,1662.6,143.92538461538462,0.15838550347525232,PR,computers_accessories,2018-02-14 10:07:30,2018-08-06 22:01:08,173,2.287398843930636,0.00012721736749647772,False,1.3378610297195481,171.10213446244003,0.00039177720963140425,Monitor (low volume)
53b0300ca793f9834cd69c0678d35ee8,5,5.0,0.0,0.0,2.161111111111111,3.731388888888889,5.940555555555556,1662.15,359.892,0.11736833856717514,SP,construction_tools_construction,2017-11-18 16:05:19,2018-07-30 12:08:24,253,0.6015810276679843,0.0001271829347914534,False,-0.6392842193386354,0.0,0.0,Monitor (low volume)
a1040efe9ff4a6f93c28b0499eada8f5,1,5.0,0.0,0.0,2.1305555555555555,14.146527777777777,17.278472222222224,1658.83,1693.31,0.02078573452373058,SP,construction_tools_safety,2018-02-03 14:07:04,2018-02-03 14:07:04,0,1.0,0.00012692889794549628,False,-0.12785684386772708,0.0,0.0,Monitor (low volume)
dc8798cbf453b7e0f98745e396cc5616,33,3.393939393939394,0.30303030303030304,0.06060606060606061,6.3947811447811445,5.775968013468014,12.69057239057239,1653.2,65.25636363636363,0.341447730185143,SP,fashion_male_clothing,2017-01-24 11:41:58,2017-11-06 21:04:43,286,3.5123076923076924,0.00012649810654708106,True,5.780724152365006,289.59676268757056,0.0006630975818067909,Coach: product quality
26e2c91ef821e1ff8985f408788fe35b,12,3.0,0.3333333333333333,0.4166666666666667,2.5190972222222223,23.296296296296294,26.2240162037037,1649.4,160.32250000000002,0.22999337770400366,SP,bed_bath_table,2018-02-20 09:43:30,2018-07-24 16:11:14,154,2.371948051948052,0.00012620734148243134,False,2.4657178735872747,338.91292172457094,0.0007760181320848814,Monitor (low volume)
95ec4458365c4d11f452ccf538377619,23,4.739130434782608,0.0,0.0,2.263320707070707,3.7242753623188407,6.507669082125603,1646.03,88.33347826086957,0.30573663518087996,SP,stationery,2018-01-16 13:33:04,2018-08-16 13:57:44,212,3.3024528301886793,0.0001259494787803604,False,-2.940707408957723,0.0,0.0,Monitor (low volume)
25cf099de44674fde97473224f9d59ab,49,4.326530612244898,0.10204081632653061,0.04081632653061224,1.457638888888889,7.730144557823129,9.499475623582766,1644.36,47.791224489795916,0.5781265478383627,SP,auto,2017-06-06 11:52:48,2018-08-25 21:53:15,445,3.351820224719101,0.00012582169518615907,True,-1.264985349518627,0.0,0.0,Invest
0887a9f087bcd5d9f6642b52f897fc6c,12,4.416666666666667,0.0,0.08333333333333333,1.1498263888888889,12.84710648148148,14.24074074074074,1642.0,155.19583333333333,0.1410572610652091,SP,telephony,2017-02-02 15:22:02,2017-08-05 13:51:38,183,1.9960655737704918,0.00012564111477758716,False,-1.5342821264127249,0.0,0.0,Monitor (low volume)
e2c92f9c1c7746d899d18f2e158bbff7,12,4.583333333333333,0.0,0.0,0.9306186868686869,8.157407407407407,9.151562499999999,1641.9,163.025,0.19329481171003024,SP,auto,2018-04-23 09:49:26,2018-08-07 16:05:28,106,3.446037735849057,0.00012563346306535954,False,-1.5342821264127249,0.0,0.0,Monitor (low volume)
5b581417df4480f632484ba681e53944,11,3.727272727272727,0.18181818181818182,0.2727272727272727,3.155618686868687,15.148484848484848,18.411616161616163,1641.6,201.27363636363637,0.386906847150061,SC,toys,2017-07-19 23:37:44,2018-01-29 19:03:39,193,1.7349222797927462,0.00012561050792867664,False,0.5935747174550021,88.58293237946648,0.00020283074888357436,Monitor (low volume)
7a2d2949aea47fab95fd98d6c9f618b1,11,4.2727272727272725,0.09090909090909091,0.0,1.6900252525252526,8.65965909090909,10.448674242424243,1638.99,168.2027272727273,0.2552209855989321,PR,pet_shop,2017-02-04 23:28:25,2018-06-25 20:15:05,505,0.6630495049504951,0.00012541079823953568,False,-0.4064252825449979,0.0,0.0,Monitor (low volume)
2a6fbeaa7ab9e5d59a35841a8da71ce4,29,3.9310344827586206,0.1724137931034483,0.06896551724137931,3.954214559386973,10.325909961685825,14.500646551724138,1630.69,79.36241379310344,0.578928442663633,SC,small_appliances,2017-03-08 15:46:42,2018-07-01 09:42:35,479,1.8429227557411274,0.00012477570612464287,False,1.292151527835915,72.65857154919821,0.0001663683068991603,Monitor (low volume)
f9903dd0f812c7e771fcad47b6fff231,9,3.4444444444444446,0.2222222222222222,0.0,6.367283950617284,8.043827160493827,14.593518518518518,1626.87,225.47333333333333,0.376583794742864,SC,construction_tools_lights,2017-11-15 10:43:50,2018-07-08 19:09:12,235,1.1657872340425532,0.00012448341071754764,False,0.8492884051904561,153.52020308357748,0.00035151938329170025,Monitor (low volume)
b2a6d334e2833acea353624840e25a0e,24,4.625,0.041666666666666664,0.0,1.9488828502415458,8.626707175925926,10.818576388888888,1626.0800000000002,83.30583333333334,0.36401653139894613,SP,small_appliances,2017-08-05 18:56:35,2018-06-05 01:26:41,303,2.4110891089108915,0.00012442296219094943,False,-2.06856425282545,0.0,0.0,Monitor (low volume)
f1ed6bd0a9b11b581f16c851c6a5a527,17,4.352941176470588,0.058823529411764705,0.058823529411764705,10.577042483660131,9.8328022875817,20.990236928104576,1622.77,117.44588235294117,0.2512014235982824,RS,furniture_decor,2017-03-04 21:08:40,2018-05-19 00:41:02,440,1.176090909090909,0.00012416969051621505,False,-1.1735663457513603,0.0,0.0,Monitor (low volume)
094ced053e257ae8cae57205592d6712,19,4.052631578947368,0.15789473684210525,0.0,1.6214120370370368,10.122222222222222,12.158735380116958,1622.1,111.69789473684209,0.4185544421906931,SP,health_beauty,2018-04-04 20:43:55,2018-07-30 10:59:07,116,4.985862068965518,0.00012411842404428996,False,0.5707199665131852,48.72446619373883,0.00011156573508644974,Monitor (low volume)
b0f2a6122a90a93eb03e68653dd960e3,6,4.833333333333333,0.0,0.0,2.6329861111111112,4.561342592592593,7.869560185185185,1620.3,293.0466666666666,0.17318151652536828,PR,health_beauty,2018-04-28 17:05:06,2018-08-08 16:54:04,101,1.8083168316831684,0.00012398069322419272,False,-0.7671410632063624,0.0,0.0,Monitor (low volume)
013900e863eace745d3ec7614cab5b1a,23,4.695652173913044,0.043478260869565216,0.0,3.2124094202898554,8.855525362318842,12.194202898550724,1619.7,90.84217391304347,0.30020897956937065,PR,fashion_shoes,2017-03-04 10:02:28,2018-04-13 16:35:16,405,1.7286913580246914,0.000123934782950827,False,-1.940707408957723,0.0,0.0,Monitor (low volume)
1dfe5347016252a7884b694d4f10f5c4,19,3.526315789473684,0.2631578947368421,0.2631578947368421,2.1511695906432746,16.734100877192983,19.27076023391813,1607.4,106.42368421052632,0.2512659368601581,SP,bed_bath_table,2017-10-28 15:55:01,2018-04-08 22:20:03,162,3.5701234567901237,0.00012299362234682924,False,2.570719966513185,217.48290916701546,0.0004979765305889709,Monitor (low volume)
3e8bd881d92466e63ba9e3e809cd3c50,7,4.571428571428571,0.0,0.2857142857142857,0.8856150793650794,11.461805555555555,12.999007936507937,1607.39,253.59428571428572,0.13198776610430055,RJ,electronics,2018-02-16 17:13:02,2018-04-25 20:58:05,68,3.1335294117647057,0.00012299285717560647,False,-0.8949979070740895,0.0,0.0,Monitor (low volume)
8daab2245ebdc277c51098d01c5ad8ef,16,4.625,0.0,0.0625,1.8325954861111111,8.012413194444445,10.034765625,1604.59,118.04,0.19647243869133632,SP,costruction_tools_tools,2018-04-04 22:25:36,2018-08-22 13:49:40,139,3.503884892086331,0.000122778609233233,False,-2.0457095018836333,0.0,0.0,Monitor (low volume)
427165bf50f8ca07efc7bdc2bfcf1688,5,3.2,0.4,0.6,1.1144444444444443,37.308055555555555,38.56583333333334,1603.5,338.58000000000004,0.1549145233878227,SP,health_beauty,2018-04-05 22:19:06,2018-04-26 18:02:59,20,5.0,0.00012269520556995188,False,1.3607157806613646,436.3815508580996,0.0009991947024327783,Monitor (low volume)
9b00ed88b7fdb95d6ff76e27c1b52d16,46,4.543478260869565,0.06521739130434782,0.06521739130434782,2.008695652173913,7.050875603864734,9.403864734299518,1600.88,47.44347826086957,0.4587331871427338,SP,sports_leisure,2017-08-25 23:02:45,2018-07-07 23:41:08,316,4.4311392405063295,0.00012249473070958814,True,-2.881414817915446,0.0,0.0,Invest
7813ea3ebd9411dc600b4dd01f7a97b9,9,3.888888888888889,0.2222222222222222,0.1111111111111111,2.182638888888889,10.158796296296295,13.033179012345679,1599.4,193.9988888888889,0.10963850702263161,SP,telephony,2017-08-03 17:22:24,2018-06-07 12:57:35,307,0.8923778501628665,0.0001223814853686193,False,0.8492884051904561,150.9279861401795,0.00034558391367272456,Monitor (low volume)
850857dfac77488c307e2b1cbd84ab5a,1,5.0,0.0,0.0,0.6875,2.225,2.9256944444444444,1599.0,1638.72,0.024840525328330205,PR,air_conditioning,2018-06-12 21:05:40,2018-06-12 21:05:40,0,1.0,0.00012235087851970882,False,-0.12785684386772708,0.0,0.0,Monitor (low volume)
8a1ff5c35f6595a73fef4c7b96e4908a,2,5.0,0.0,0.0,3.3315972222222223,6.197222222222222,10.340625,1598.0,941.4,0.17822277847309137,PR,baby,2018-06-09 11:41:45,2018-08-01 11:56:01,53,1.148679245283019,0.00012227436139743256,False,-0.25571368773545416,0.0,0.0,Monitor (low volume)
41b86b552e54e3a7009596125aa8b167,10,4.3,0.1,0.0,1.901875,11.788055555555555,13.908750000000001,1595.3,182.991,0.1637798950800731,SP,sports_leisure,2017-03-20 18:47:14,2017-04-09 19:12:02,20,10.0,0.00012206776516728672,False,-0.27856843867727077,0.0,0.0,Monitor (low volume)
9a03a4e9eb0b947652fae4f6121a3f5e,7,3.857142857142857,0.14285714285714285,0.14285714285714285,2.782440476190476,10.699107142857143,13.86279761904762,1592.0,257.6742857142857,0.1754689822217686,SP,baby,2018-01-02 12:52:36,2018-08-06 14:32:47,216,0.9864814814814815,0.00012181525866377513,False,0.10500209292591037,23.8804759911499,5.467977519904184e-05,Monitor (low volume)
70f84699be677ec988d1fa824aef7d90,5,4.6,0.0,0.0,2.7508333333333335,14.610277777777778,17.529027777777777,1588.3,340.888,0.077927606962261,MG,musical_instruments,2017-04-11 14:43:04,2018-07-18 21:15:01,463,0.3287257019438445,0.00012153214531135303,False,-0.6392842193386354,0.0,0.0,Monitor (low volume)
39d54ff918774174706fb065d7f9dc07,21,4.142857142857143,0.19047619047619047,0.14285714285714285,2.414351851851852,11.405291005291005,14.04460978835979,1584.79,92.00571428571429,0.3683598259896713,SP,auto,2017-11-25 17:36:18,2018-07-24 09:09:25,240,2.6635,0.00012126357021216342,False,1.315006278777731,99.23851431162669,0.0002272291245642526,Monitor (low volume)
f3c38ab652836d21de61fb8314b69182,15,4.266666666666667,0.06666666666666667,0.06666666666666667,1.7228670634920635,5.822361111111111,8.208472222222222,1581.0,121.90599999999999,0.38318657064068357,SP,electronics,2018-04-11 13:05:11,2018-08-06 17:54:58,117,3.902564102564103,0.00012097357031873647,False,-0.9178526580159062,0.0,0.0,Monitor (low volume)
8a2d12a90e92f012ce5226fc6592b653,17,4.588235294117647,0.058823529411764705,0.0,2.0634803921568627,7.0653186274509805,9.645915032679738,1574.75,111.77294117647058,0.36566879204078073,PR,housewares,2017-12-23 13:03:06,2018-08-24 00:01:48,243,2.1295473251028807,0.00012049533830450998,False,-1.1735663457513603,0.0,0.0,Monitor (low volume)
392e0502231ae2f8b29994ef6398cd77,17,4.352941176470588,0.058823529411764705,0.11764705882352941,2.905392156862745,14.549550653594771,17.708251633986926,1572.9,110.75235294117647,0.2392765817022885,SP,health_beauty,2017-01-09 21:40:42,2018-03-04 13:42:37,418,1.2379904306220095,0.00012035378162829894,False,-1.1735663457513603,0.0,0.0,Monitor (low volume)
5075aaa8404020ae6aa8bf4792099b41,10,3.9,0.2,0.0,4.126111111111111,7.585069444444445,11.988194444444444,1572.88,187.215,0.4600057257003547,MG,drinks,2017-03-16 10:22:52,2018-01-13 19:23:28,303,1.0046204620462047,0.00012035225128585342,False,0.7214315613227293,113.47252741732946,0.0002598211314023276,Monitor (low volume)
134285d1f41da5c13a756ee8142c8a4e,3,3.3333333333333335,0.3333333333333333,0.0,1.8104166666666668,6.1944444444444455,8.017824074074074,1572.6999999999998,551.2099999999999,0.07061878237385406,SP,auto,2018-06-10 13:27:42,2018-08-16 21:31:19,67,1.3629850746268657,0.00012033847820384367,False,0.6164294683968187,323.15287498255884,0.0007399319245361299,Monitor (low volume)
c4fb51fb1c5b7c07bc5e67be6e7e8f6e,15,3.533333333333333,0.2,0.13333333333333333,3.887824074074074,12.25,16.624907407407406,1567.9,141.774,0.4419252757102215,PR,housewares,2017-07-24 13:37:49,2018-08-12 18:23:47,384,1.1890625000000001,0.00011997119601691774,False,1.082147341984094,113.11325449979073,0.0002589984944342285,Monitor (low volume)
47648caee88ccfe951fbb27fbf7b4cbe,3,3.6666666666666665,0.3333333333333333,0.3333333333333333,2.588888888888889,10.813657407407407,13.720833333333333,1564.99,544.33,0.04389189104613953,SP,auto,2018-04-03 09:43:42,2018-05-21 19:01:41,48,1.9025,0.00011974853119109387,False,0.6164294683968187,321.5686512487791,0.0007363044843770574,Monitor (low volume)
02c988090b766852e088c69d7fb3b551,12,4.583333333333333,0.08333333333333333,0.0,1.7280934343434344,7.633391203703703,9.480902777777779,1564.3700000000001,147.57833333333335,0.21103897453538564,SP,signaling_and_security,2017-07-21 17:52:29,2018-08-15 09:44:30,389,0.9390231362467867,0.00011970109057528261,False,-0.5342821264127251,0.0,0.0,Monitor (low volume)
15cd6eefe58588619aaed41dfa6621b1,15,4.466666666666667,0.13333333333333333,0.06666666666666667,3.416574074074074,12.196712962962964,15.830185185185185,1551.8400000000001,139.90333333333334,0.480201141516596,MG,unknown,2017-07-17 21:44:27,2018-05-12 17:35:56,298,1.5322147651006712,0.00011874233103316131,False,0.08214734198409374,8.498635412306403,1.9459556585712504e-05,Monitor (low volume)
78a4d36f65a019172c6154468831a69f,7,4.285714285714286,0.14285714285714285,0.14285714285714285,2.2245039682539685,13.27142857142857,15.50922619047619,1545.5,252.70000000000002,0.14354397669844648,SP,kitchen_dining_laundry_garden_furniture,2017-10-20 00:43:54,2017-12-08 16:15:26,49,4.348571428571429,0.00011825721247792993,False,0.10500209292591037,23.182962088142066,5.308265864957234e-05,Monitor (low volume)
49cdc90518a4f82676b38b3c1aa43ff6,5,3.8,0.2,0.0,1.8833333333333333,3.547361111111111,5.7323611111111115,1539.5,324.422,0.06578157309710593,SP,auto,2018-06-11 11:10:56,2018-08-28 17:39:38,78,1.9512820512820512,0.0001177981097442725,False,0.36071578066136467,111.06438886563417,0.00025430715108201723,Monitor (low volume)
c5f7feb04a6a1fb3596322bfc3cf1917,9,4.555555555555555,0.1111111111111111,0.1111111111111111,1.9784722222222222,8.663888888888888,10.601543209876544,1536.7,199.4022222222222,0.2486382188708402,SP,furniture_decor,2018-07-03 13:11:13,2018-08-17 09:07:53,44,6.2263636363636365,0.00011758386180189902,False,-0.1507115948095438,0.0,0.0,Monitor (low volume)
06bb3a2fe5e7b7a845b13e8fb91bd944,17,4.588235294117647,0.0,0.0,1.0893663194444445,7.4508986928104575,8.820179738562091,1536.19,109.54882352941176,0.24858670778582356,MG,health_beauty,2017-09-11 08:09:15,2018-07-04 22:45:03,296,1.7482432432432433,0.00011754483806953814,False,-2.1735663457513605,0.0,0.0,Monitor (low volume)
cbf09e831b0c11f6f23ffb51004db972,10,4.4,0.0,0.0,1.810030864197531,3.496736111111111,5.2815972222222225,1535.2,181.54000000000002,0.2574880839247761,SP,housewares,2018-05-03 11:21:25,2018-08-21 17:40:41,110,2.7672727272727276,0.00011746908611848465,False,-1.2785684386772709,0.0,0.0,Monitor (low volume)
3a490ba60afa30ece0e7d50cfe74a4f0,8,4.625,0.0,0.0,1.2350694444444446,10.672569444444445,11.93342013888889,1529.2,211.88375000000002,0.10861741099617739,MG,fashion_bags_accessories,2017-04-12 23:50:54,2017-12-18 18:30:40,249,0.977991967871486,0.00011700998338482721,False,-1.0228547509418167,0.0,0.0,Monitor (low volume)
ffc470761de7d0232558ba5e786e57b7,27,4.444444444444445,0.037037037037037035,0.037037037037037035,1.0611368312757201,8.105581275720164,9.739274691358025,1529.1299999999999,72.23037037037037,0.36912797380529955,SP,housewares,2018-02-20 18:47:21,2018-08-17 20:31:07,178,4.617303370786517,0.00011700462718626787,False,-2.4521347844286314,0.0,0.0,Monitor (low volume)
5bf397d04035b5f45cc41e82ec106803,3,4.333333333333333,0.0,0.0,0.9824074074074075,3.0219907407407405,4.018518518518519,1525.0,524.0933333333334,0.04052519398564023,SP,small_appliances,2018-05-08 22:04:11,2018-07-02 16:45:00,54,1.6911111111111112,0.000116688611471267,False,-0.3835705316031812,0.0,0.0,Monitor (low volume)
3586b8580d9c917874e053a1bb37b5ff,36,4.416666666666667,0.05555555555555555,0.027777777777777776,1.566724537037037,11.23125,13.619675925925925,1524.6999999999998,65.34305555555555,0.5496221661814329,SP,stationery,2017-05-05 11:25:20,2018-08-12 23:05:02,464,2.3617241379310348,0.00011666565633458412,True,-2.602846379238175,0.0,0.0,Invest
a7c88262832dfc683781d6a421edefae,5,4.2,0.0,0.0,1.6588888888888889,9.24611111111111,11.176527777777778,1520.0,320.48400000000004,0.05659522930017319,SP,perfumery,2017-03-13 17:02:01,2018-02-12 22:54:10,336,0.4529761904761905,0.0001163060258598858,False,-0.6392842193386354,0.0,0.0,Monitor (low volume)
866558b3bccef2dbc6d29a2b5995016f,5,4.8,0.0,0.0,2.2420833333333334,9.300972222222223,11.550694444444444,1519.4,374.15,0.6523743387715543,PR,furniture_decor,2017-10-22 14:36:12,2018-07-20 17:57:36,271,0.5616236162361624,0.00011626011558652007,False,-0.6392842193386354,0.0,0.0,Monitor (low volume)
f5f1f2c5f923f36ad79ea1d07185ddc9,10,3.7,0.2,0.1,4.241875,8.67423611111111,13.051111111111112,1517.77,169.15,0.11384012093749196,SP,pet_shop,2018-02-22 14:47:02,2018-04-04 18:42:39,41,7.424390243902439,0.00011613539267720978,False,0.7214315613227293,109.49671808287988,0.00025071761266499075,Monitor (low volume)
cb5df0dcb9e280b1780e9d589889f2c7,10,3.4,0.3,0.1,7.4904166666666665,10.773263888888888,19.051944444444445,1516.89,192.973,0.260992176018997,SP,furniture_bedroom,2017-01-29 14:57:59,2017-06-14 17:06:33,136,2.238235294117647,0.0001160680576096067,False,1.7214315613227291,261.1222321054835,0.0005978986748962343,Monitor (low volume)
1dd33b8119b3cb1056ed5dc88cd0aaf4,8,3.75,0.125,0.125,1.862326388888889,8.515798611111112,10.906684027777777,1513.0,205.2175,0.08731370393634841,SP,musical_instruments,2017-11-09 13:49:13,2018-02-14 12:20:44,96,2.5366666666666666,0.00011577040600395211,False,-0.02285475094181666,0.0,0.0,Monitor (low volume)
a23266650e7c84bb93fbbba502137478,11,3.8181818181818183,0.18181818181818182,0.0,1.8202020202020202,9.305997474747473,11.293308080808082,1512.4,162.85818181818183,0.3305508916679479,RS,home_construction,2017-08-04 13:52:59,2017-12-29 18:39:33,147,2.2778231292517006,0.00011572449573058637,False,0.5935747174550021,81.61112751626776,0.00018686721772144126,Monitor (low volume)
0eaa7e33d73809f1f925f7d07c506cbd,14,4.714285714285714,0.07142857142857142,0.0,0.957936507936508,4.854563492063492,6.173412698412698,1507.0,120.95857142857143,0.1502843304954994,SP,toys,2017-04-10 10:28:48,2018-08-16 17:32:11,493,0.8644219066937121,0.00011531130327029467,False,-0.7899958141481792,0.0,0.0,Monitor (low volume)
b33aaadd1a8891d2dfef0c4c3bdf0371,16,3.9375,0.1875,0.125,1.5077777777777779,12.284895833333334,14.02126736111111,1504.0,116.44,0.2419425243817485,SP,housewares,2018-01-12 10:45:12,2018-06-21 12:44:54,160,3.044,0.00011508175190346594,False,0.9542904981163667,89.70330682293847,0.00020539610071033457,Monitor (low volume)
714b9a1332840f257b49f476bea4e341,6,3.3333333333333335,0.5,0.3333333333333333,1.6302083333333333,29.63819444444444,32.302314814814814,1499.94,276.34833333333336,0.10543755083536675,SP,computers_accessories,2018-01-08 11:48:47,2018-03-24 15:11:38,75,2.4352,0.00011477109238702441,False,2.2328589367936376,558.1924056090414,0.0012781083286541757,Monitor (low volume)
c7b7db6c8f3c64a7cc1afa634db21d50,1,1.0,1.0,1.0,1.3743055555555554,31.825694444444444,33.21458333333333,1489.0,1511.86,0.015352585627938214,SP,housewares,2018-03-11 10:27:45,2018-03-11 10:27:45,0,1.0,0.00011393399506932233,False,0.8721431561322729,1298.6211594809542,0.0029734881790234547,Monitor (low volume)
659e8466eb3ff1b0e8740d74fb7bbedd,11,4.363636363636363,0.09090909090909091,0.0,1.5634469696969697,7.581944444444445,9.260732323232324,1486.8,170.9090909090909,0.2948634498420632,BA,health_beauty,2017-05-18 04:17:44,2018-05-06 19:27:01,353,0.9485552407932012,0.0001137656574003146,False,-0.4064252825449979,0.0,0.0,Monitor (low volume)
2a61c271b1ac763450d846849783e922,17,4.117647058823529,0.17647058823529413,0.17647058823529413,1.4505718954248366,16.638316993464052,18.598856209150327,1486.77,115.82588235294118,0.3864966916268508,SP,health_beauty,2017-09-12 16:17:32,2018-02-16 13:43:28,156,3.3171794871794873,0.00011376336188664632,False,0.8264336542486398,72.27745671336766,0.00016549565789685574,Monitor (low volume)
b6e1504972665f739dec4facb9943775,14,4.357142857142857,0.14285714285714285,0.07142857142857142,1.2109126984126986,9.677380952380954,11.147321428571429,1484.48,122.1692857142857,0.23718034704443008,SP,unknown,2017-05-22 21:17:02,2018-03-26 12:35:07,307,1.3881433224755702,0.00011358813767663374,False,0.21000418585182073,22.267643843807917,5.098682957755882e-05,Monitor (low volume)
9da1ca0bef29ee170e541927a5aeabdc,6,3.0,0.3333333333333333,0.3333333333333333,1.7458333333333333,14.515162037037037,16.803356481481483,1484.3999999999999,268.6716666666667,0.09567415513812892,SP,cool_stuff,2017-06-17 18:33:32,2017-09-25 12:24:16,99,1.844848484848485,0.00011358201630685162,False,1.2328589367936373,305.00930096274584,0.0006983880897700968,Monitor (low volume)
2dcf93836ae3ce0d7c93e2f10876467a,9,4.111111111111111,0.1111111111111111,0.2222222222222222,1.6227623456790123,4.4517746913580245,6.496064814814815,1483.75,186.20333333333332,0.1826597721905678,SP,housewares,2018-06-23 14:16:49,2018-08-07 20:29:36,45,6.088,0.00011353228017737208,False,-0.1507115948095438,0.0,0.0,Monitor (low volume)
f918546be4bec7104d117789ba758b2b,20,3.85,0.2,0.2,1.8119517543859651,10.195277777777779,12.358819444444444,1483.0,91.50750000000001,0.22984733648479555,SP,garden_tools,2017-12-05 09:22:52,2018-06-26 15:07:53,203,2.9990147783251233,0.00011347489233566489,False,1.4428631226454587,106.98830054416077,0.000244974020821456,Monitor (low volume)
9b522ba7eae9e1d04082f267144583cc,3,4.666666666666667,0.0,0.3333333333333333,38.63263888888889,1.1953703703703704,40.176620370370365,1478.6,537.1833333333333,0.13919453108335375,SP,garden_tools,2017-05-17 18:00:42,2018-04-10 21:00:52,328,0.2784146341463415,0.00011313821699764942,False,-0.3835705316031812,0.0,0.0,Monitor (low volume)
6806dad1da97bfb5a9038eac6881f706,10,3.8,0.2,0.1,2.765,13.655138888888889,16.814722222222223,1477.0,178.326,0.26200277777777775,PR,auto,2017-12-28 18:59:26,2018-08-22 18:32:39,236,1.2898305084745763,0.00011301578960200745,False,0.7214315613227293,106.55544160736711,0.00024398289194422826,Monitor (low volume)
da7039f29f90ce5b4846ffc0fcc93beb,17,4.529411764705882,0.058823529411764705,0.058823529411764705,1.0426282051282052,7.876266339869281,9.274060457516342,1475.6399999999999,103.49294117647058,0.21738059635686446,SP,cine_photo,2018-04-20 08:04:26,2018-08-18 09:47:18,120,4.312333333333334,0.00011291172631571175,False,-1.1735663457513603,0.0,0.0,Monitor (low volume)
4d232b78ab7ef10393dc3807d827bc0d,5,4.4,0.0,0.0,1.0522222222222222,4.541666666666666,6.165972222222222,1475.0,337.998,0.152639610177861,MG,auto,2018-07-22 14:07:35,2018-08-15 20:14:22,24,5.0,0.00011286275535745497,False,-0.6392842193386354,0.0,0.0,Monitor (low volume)
e256a62e0ac58c0edfba09966142d561,12,4.416666666666667,0.08333333333333333,0.0,1.7021464646464646,5.848668981481481,7.8943865740740735,1474.1100000000001,150.79583333333335,0.28056793585174905,PR,housewares,2018-04-15 18:43:59,2018-07-30 09:37:39,105,3.478857142857143,0.00011279465511862912,False,-0.5342821264127251,0.0,0.0,Monitor (low volume)
e7f3bf1ecd8526eb7f3b18059e6716e5,17,4.647058823529412,0.058823529411764705,0.0,1.244812091503268,7.530269607843138,8.975204248366012,1471.94,103.08764705882353,0.265602247392222,SP,toys,2017-02-28 17:39:47,2017-09-19 00:03:56,202,2.561782178217822,0.00011262861296328967,False,-1.1735663457513603,0.0,0.0,Monitor (low volume)
5e105f5c9f63f5f1fd75d6cb942e55b1,8,4.5,0.125,0.125,1.0583333333333333,7.536458333333333,9.292100694444445,1471.9,218.21625,0.3002517001670344,SP,housewares,2018-05-20 11:35:23,2018-08-25 11:42:43,97,2.510515463917526,0.00011262555227839863,False,-0.02285475094181666,0.0,0.0,Monitor (low volume)
7ecd59e5e20407131822c1a68ac59c1f,24,4.416666666666667,0.08333333333333333,0.16666666666666666,7.6774305555555555,9.116927083333334,17.207118055555554,1466.71,85.605,0.40786398216857367,DF,stationery,2017-11-29 10:51:21,2018-08-03 15:30:58,247,2.9577327935222675,0.00011222842841378494,False,-1.0685642528254502,0.0,0.0,Monitor (low volume)
01ed254b9ff8407dfb9d99ba1e17d923,5,5.0,0.0,0.0,1.0161111111111112,5.0625,6.675555555555556,1465.99,306.742,0.06156098348887048,SP,watches_gifts,2017-08-04 10:33:43,2017-11-08 20:24:38,96,1.5854166666666667,0.00011217333608574604,False,-0.6392842193386354,0.0,0.0,Monitor (low volume)
3785b653b1b82de85ab47dd139938091,20,4.7,0.0,0.0,1.4433680555555557,10.417118055555555,12.295520833333333,1464.0,96.396,0.30755091384000616,PR,housewares,2017-08-24 11:34:24,2018-08-01 22:44:09,342,1.7801169590643275,0.00011202106701241632,False,-2.5571368773545418,0.0,0.0,Monitor (low volume)
4ba52dfeba874da5b9ee7b17c7494f04,11,4.363636363636363,0.09090909090909091,0.09090909090909091,2.0012626262626263,8.264520202020202,10.62165404040404,1463.0,151.62818181818182,0.17271201962593488,SP,books_technical,2017-07-31 15:18:44,2017-10-23 18:48:32,84,3.986190476190476,0.00011194454989014008,False,-0.4064252825449979,0.0,0.0,Monitor (low volume)
1284de4ae8aa26997e748c851557cf0e,3,2.6666666666666665,0.6666666666666666,0.0,0.7590277777777779,17.625925925925927,19.269212962962964,1459.97,515.6133333333333,0.06194662048911274,SP,watches_gifts,2017-05-11 18:46:35,2017-10-18 11:41:18,159,0.5743396226415094,0.00011171270300964307,False,1.6164294683968186,786.6461769917678,0.0018012051407616996,Monitor (low volume)
5145090ab595c0d0b8557199f5701fbf,4,4.25,0.0,0.0,6.05,8.299826388888889,15.680208333333333,1459.6,414.36249999999995,0.1385514440814738,PR,bed_bath_table,2018-03-15 16:04:46,2018-06-09 21:53:29,86,1.415813953488372,0.00011168439167440085,False,-0.5114273754709083,0.0,0.0,Monitor (low volume)
97512d3fc193b2d1dfcdba0f9d1f0f8a,12,4.25,0.08333333333333333,0.08333333333333333,2.6267939814814816,5.039351851851852,8.471006944444445,1458.8700000000001,150.035,0.26019717646200435,SP,computers_accessories,2018-03-20 10:20:27,2018-08-18 16:49:58,151,2.419072847682119,0.00011162853417513922,False,-0.5342821264127251,0.0,0.0,Monitor (low volume)
d7827b2af99326a03b0ed9c7a24db0d3,1,5.0,0.0,0.0,5.1625,8.677777777777777,13.848611111111111,1455.0,1556.7,0.06989690721649484,SP,garden_tools,2018-04-12 19:18:18,2018-04-12 19:18:18,0,1.0,0.00011133241291193015,False,-0.12785684386772708,0.0,0.0,Monitor (low volume)
1b8b75e227c9a9c100d0c210fb6176ce,15,3.933333333333333,0.2,0.06666666666666667,9.148935185185186,5.401296296296296,14.995972222222223,1444.8700000000001,109.89933333333333,0.18997770974240144,SP,fashion_bags_accessories,2017-01-08 20:57:29,2017-11-30 15:39:45,325,1.4049230769230772,0.00011055729446327185,False,1.082147341984094,104.23748200083719,0.00023867539680667374,Monitor (low volume)
845e8036c3f7bf62099352f5ed910240,18,4.0,0.2222222222222222,0.0,1.1115354938271604,6.196797839506172,7.746759259259259,1442.8000000000002,104.40777777777778,0.33776530595204746,RJ,bed_bath_table,2018-05-27 22:26:57,2018-08-18 12:20:25,82,6.681951219512195,0.00011039890402016004,False,1.6985768103809122,136.15036788986558,0.00031174719935413717,Monitor (low volume)
dace965ca58120f92f8d742a9fa1864b,8,4.625,0.125,0.0,2.396267361111111,5.4788194444444445,8.051302083333333,1442.0,196.72125,0.09259347060228146,SP,health_beauty,2018-03-25 18:37:26,2018-05-19 16:18:30,54,4.50962962962963,0.00011033769032233903,False,-0.02285475094181666,0.0,0.0,Monitor (low volume)
8e2b3afb420011ef0c88c9d5f11ea526,11,4.2727272727272725,0.09090909090909091,0.09090909090909091,2.8839015151515155,7.490467171717172,10.559722222222222,1441.39,146.0381818181818,0.12915285916254074,SP,sports_leisure,2017-11-13 22:31:33,2018-01-29 21:49:38,76,4.4057894736842105,0.00011029101487775053,False,-0.4064252825449979,0.0,0.0,Monitor (low volume)
1660ad786c27fd935378b6192a90b417,11,4.909090909090909,0.0,0.09090909090909091,1.7491792929292929,6.436174242424243,8.472474747474747,1440.0,151.5109090909091,0.17294871794871794,SP,computers_accessories,2017-08-17 10:06:55,2018-07-22 17:19:08,339,0.9877286135693216,0.00011018465607778654,False,-1.4064252825449979,0.0,0.0,Monitor (low volume)
66fd84ee7528c0c0de85d0f44a73d5ab,11,3.3636363636363638,0.2727272727272727,0.09090909090909091,1.3519444444444444,13.328724747474746,15.40618686868687,1438.1100000000001,171.93636363636364,0.4595130716723857,RS,computers_accessories,2017-03-22 14:05:51,2017-07-28 10:24:45,127,2.636535433070866,0.00011004003871668446,False,1.593574717455002,208.33961244720118,0.0004770408754787936,Monitor (low volume)
5b0cc932433fa5184b5b94bfe6bcc256,12,3.5833333333333335,0.3333333333333333,0.25,5.6420717592592595,5.943518518518519,11.838425925925925,1437.8,166.17416666666665,0.41660202804271457,SP,furniture_bedroom,2018-06-20 15:02:35,2018-08-05 21:34:54,46,7.940869565217391,0.0001100163184087788,False,2.4657178735872747,295.4340965536486,0.000676463483879982,Monitor (low volume)
3771c85bac139d2344864ede5d9341e3,26,3.8461538461538463,0.23076923076923078,0.15384615384615385,3.7464476495726493,9.051068376068375,13.25758547008547,1433.3,70.85615384615384,0.45256814268371365,SP,unknown,2017-05-25 16:39:50,2017-12-12 22:53:35,201,3.9375124378109456,0.00010967199135853572,False,2.6757220594390962,147.50432414592527,0.0003377446617133958,Monitor (low volume)
ec933281fb017b5020d06df29c3f77e8,8,5.0,0.0,0.0,2.2458333333333336,7.218142361111111,9.476736111111112,1432.0,207.85625,0.1640046139334678,SP,baby,2017-10-16 10:45:42,2018-07-30 21:21:05,287,0.8485017421602788,0.00010957251909957662,False,-1.0228547509418167,0.0,0.0,Monitor (low volume)
d354c38a7182125a748cb10474fe963b,16,4.375,0.0,0.0625,4.529036458333334,8.538454861111111,13.666493055555556,1430.35,106.81625,0.4861460635555016,RJ,sports_leisure,2017-05-25 10:21:49,2018-03-08 19:03:20,287,1.6970034843205577,0.00010944626584782082,False,-2.0457095018836333,0.0,0.0,Monitor (low volume)
0aea4c6ae1505b3228ddf3dd7822ee5b,8,3.875,0.125,0.25,1.1645833333333333,16.711197916666666,18.434809027777778,1427.91,197.4575,0.11790622889176075,SP,watches_gifts,2017-10-09 20:23:13,2018-04-30 07:04:12,202,1.2055445544554455,0.0001092595640694668,False,-0.02285475094181666,0.0,0.0,Monitor (low volume)
f5f46307a4d15880ca14fab4ad9dfc9b,9,4.111111111111111,0.1111111111111111,0.1111111111111111,3.932484567901235,8.949228395061729,13.349151234567902,1422.94,183.81333333333333,0.1929119301010461,SC,sports_leisure,2017-07-12 14:37:58,2017-11-29 21:51:19,140,1.9568571428571429,0.00010887927397175388,False,-0.1507115948095438,0.0,0.0,Monitor (low volume)
491a5ada3aa1678414e990262c4bbdc1,1,5.0,0.0,0.0,1.6284722222222223,4.877083333333333,6.8909722222222225,1420.0,1435.58,0.010971830985915493,SP,dvds_blu_ray,2017-04-05 09:55:00,2017-04-05 09:55:00,0,1.0,0.00010865431363226173,False,-0.12785684386772708,0.0,0.0,Monitor (low volume)
0b0ddbc7b9d9584f442c7ac92b0ff6c9,3,4.666666666666667,0.0,0.0,3.339351851851852,8.257407407407408,11.944212962962963,1416.76,516.88,0.13170104980740635,SP,auto,2018-03-30 20:29:47,2018-06-04 23:21:42,66,1.3836363636363636,0.0001084063981560867,False,-0.3835705316031812,0.0,0.0,Monitor (low volume)
010543a62bd80aa422851e79a3bc7540,2,4.5,0.0,0.0,2.8833333333333333,5.701041666666667,9.085069444444445,1416.0,723.975,0.022563559322033896,SP,computers_accessories,2017-07-04 17:54:07,2017-08-02 13:49:39,28,2.0,0.00010834824514315676,False,-0.25571368773545416,0.0,0.0,Monitor (low volume)
52f0fe436a347ddad7ed5f9aa4e27eaa,17,4.0,0.11764705882352941,0.17647058823529413,3.7156454248366013,12.004738562091504,16.221037581699346,1412.53,104.1735294117647,0.6664642443634454,SP,computers_accessories,2018-01-22 15:54:09,2018-05-18 11:23:17,115,4.499826086956522,0.00010808273072885821,False,-0.17356634575136043,0.0,0.0,Monitor (low volume)
d1ef48b38baca7e831711c4a0aeb398f,27,4.555555555555555,0.0,0.1111111111111111,1.5675668724279834,8.024151234567901,9.80403806584362,1406.14,75.45370370370371,0.6405863098412327,PR,small_appliances,2018-02-23 12:26:34,2018-07-25 21:14:25,152,5.407105263157895,0.00010759378631751304,False,-3.4521347844286314,0.0,0.0,Monitor (low volume)
af3ef48d0e13835e529c29ac573c63e5,21,3.761904761904762,0.23809523809523808,0.047619047619047616,2.0219576719576717,5.764054232804233,7.928406084656085,1405.63,89.19666666666667,0.3464918308349909,SP,pet_shop,2018-05-16 08:11:59,2018-08-22 19:43:54,98,6.522857142857143,0.00010755476258515216,False,2.315006278777731,154.95439407801632,0.0003548032894080385,Monitor (low volume)
b43d8b707f887a30f4675391098354a0,3,3.0,0.3333333333333333,0.3333333333333333,2.2895833333333333,22.65092592592593,24.61273148148148,1405.0,545.2933333333334,0.15352096586560585,SP,small_appliances,2018-04-07 23:06:26,2018-07-22 19:49:25,105,0.8697142857142858,0.00010750655679811812,False,0.6164294683968187,288.69446769917676,0.0006610315724380129,Monitor (low volume)
921323538c9f1c4e816f2720eac02bea,15,3.933333333333333,0.13333333333333333,0.2,1.8632478632478633,6.630509259259259,8.53375,1401.84,109.48,0.26849359137590967,SP,sports_leisure,2017-11-25 02:08:25,2018-08-07 23:50:47,255,1.7905882352941178,0.0001072647626917252,False,0.08214734198409374,7.6771619924654635,1.7578606560028875e-05,Monitor (low volume)
a414555ce331b8c8aea4a9cb8395194d,6,3.3333333333333335,0.3333333333333333,0.0,2.2953703703703705,4.761689814814815,7.792708333333334,1400.96,271.695,0.24798271625234172,SP,home_appliances_2,2018-03-10 15:31:45,2018-05-04 14:46:10,54,3.3822222222222225,0.00010719742762412212,False,1.2328589367936373,287.8643426817357,0.0006591308126140629,Monitor (low volume)
d4e12e7884759a14fa0f5f896c791cae,29,4.620689655172414,0.06896551724137931,0.06896551724137931,1.6616815476190474,6.282758620689655,8.422365900383141,1400.0,63.43689655172413,0.34334278398210905,SP,bed_bath_table,2017-09-07 15:21:22,2018-07-23 08:06:43,318,2.7759748427672957,0.00010712397118673692,False,-1.7078484721640854,0.0,0.0,Monitor (low volume)
04843805947f0fc584fc1969b6e50fe7,1,5.0,0.0,1.0,8.858333333333333,6.168055555555555,15.036805555555556,1400.0,1474.76,0.0534,RS,bed_bath_table,2018-08-05 14:55:14,2018-08-05 14:55:14,0,1.0,0.00010712397118673692,False,-0.12785684386772708,0.0,0.0,Monitor (low volume)
b8114f2f589a6804810f04f99b36b498,8,4.75,0.0,0.0,2.313293650793651,2.68515625,4.987413194444445,1399.62,211.50374999999997,0.20768548299665726,SP,housewares,2018-04-04 16:05:12,2018-08-17 10:28:31,134,1.817313432835821,0.00010709489468027194,False,-1.0228547509418167,0.0,0.0,Monitor (low volume)
01bcc9d254a0143f0ce9791b960b2a47,10,4.4,0.0,0.0,1.1216666666666666,11.127083333333333,12.787638888888889,1393.21,164.469,0.18554448078853347,GO,health_beauty,2017-08-12 16:25:03,2018-02-02 10:03:35,173,1.7595375722543354,0.00010660441992648125,False,-1.2785684386772709,0.0,0.0,Monitor (low volume)
c5f7e746b7e6d07def6c0dae9903279b,9,4.555555555555555,0.0,0.0,1.0399691358024692,4.137577160493827,5.663425925925925,1380.0,177.0533333333333,0.2627174288169473,PR,pet_shop,2018-04-15 18:59:34,2018-08-22 22:36:53,129,2.123720930232558,0.0001055936287412121,False,-1.1507115948095437,0.0,0.0,Monitor (low volume)
88cf19ec1fc2c58f161aee259d57142c,14,4.5,0.0,0.0,1.2045138888888889,4.884325396825397,6.4441468253968255,1372.97,114.83428571428571,0.25634383389535265,SP,small_appliances_home_oven_and_coffee,2018-05-20 17:16:24,2018-08-20 18:44:49,92,4.632173913043478,0.00010505571337161013,False,-1.789995814148179,0.0,0.0,Monitor (low volume)
8185694b58b2ba6de20fd41ae608bbea,8,4.5,0.0,0.0,3.0669270833333333,7.42265625,11.058159722222221,1372.3,200.32125,0.20470681118463377,SP,furniture_decor,2018-03-10 12:45:26,2018-08-11 13:09:33,154,1.5812987012987012,0.00010500444689968505,False,-1.0228547509418167,0.0,0.0,Monitor (low volume)
431050a06a317f2b38168dec3dcd2b46,10,4.5,0.0,0.0,2.648688271604938,6.427847222222222,8.922361111111112,1370.0,157.615,0.160110725537064,SP,health_beauty,2018-04-28 23:02:40,2018-07-31 14:01:47,93,3.2731182795698928,0.0001048284575184497,False,-1.2785684386772709,0.0,0.0,Monitor (low volume)
985c92cc412091f8529c12d7f23d3fef,12,4.75,0.0,0.08333333333333333,1.5776041666666665,5.89525462962963,7.54994212962963,1368.5,133.88583333333332,0.2106122317902319,MG,health_beauty,2018-05-04 13:31:43,2018-08-20 21:03:23,108,3.3822222222222225,0.00010471368183503534,False,-1.5342821264127249,0.0,0.0,Monitor (low volume)
0bebbb2cea103a4a020c95d43fd7d754,9,4.888888888888889,0.0,0.0,1.4983796296296295,4.890740740740741,5.914969135802469,1367.2,168.26,0.120636074843089,SP,health_beauty,2018-06-30 19:07:30,2018-08-28 12:48:50,58,4.7234482758620695,0.00010461420957607623,False,-1.1507115948095437,0.0,0.0,Monitor (low volume)
4eb61f060e7dcc1d5a80d806c35cc541,8,3.875,0.125,0.0,1.016170634920635,5.174479166666667,6.202170138888889,1362.9,190.48875,0.11936400407631172,SP,home_appliances_2,2018-03-23 13:10:56,2018-08-23 00:46:54,152,1.6021052631578947,0.00010428518595028839,False,-0.02285475094181666,0.0,0.0,Monitor (low volume)
556a6409838156ea299c9d1f9e2dde43,4,3.25,0.5,0.0,0.6914930555555555,5.733333333333333,7.399131944444444,1362.8,362.40999999999997,0.10545960406921642,PR,housewares,2018-06-19 10:11:16,2018-08-11 23:28:46,53,2.297358490566038,0.00010427753423806076,False,1.4885726245290916,507.15669317706147,0.0011612504702120821,Monitor (low volume)
36890be00bbfc1cdb9a4a38a6af05a69,13,4.230769230769231,0.15384615384615385,0.23076923076923078,2.7625534188034186,6.154647435897435,9.416559829059828,1361.3,123.14461538461539,0.2002523593882327,SP,baby,2018-06-04 19:51:43,2018-08-19 16:57:32,75,5.276266666666666,0.0001041627585546464,False,0.337861029719548,35.37924767363236,8.100882537778465e-05,Monitor (low volume)
fe701d88b67eaca109dffd464d1be9f9,10,4.3,0.1,0.1,0.8585416666666668,11.037222222222223,12.424444444444443,1359.0,157.802,0.2556324921124383,RJ,fashion_bags_accessories,2017-11-21 23:13:30,2018-07-24 14:11:22,244,1.2475409836065574,0.00010398676917341106,False,-0.27856843867727077,0.0,0.0,Monitor (low volume)
2f73e04d12cdf0c945ded66bb3fcf6c7,3,3.3333333333333335,0.3333333333333333,0.0,1.7618055555555554,11.453703703703704,13.59537037037037,1359.0,486.95,0.0840563042402348,ES,garden_tools,2017-02-15 16:27:45,2018-08-19 19:52:18,550,0.16603636363636365,0.00010398676917341106,False,0.6164294683968187,279.24254918375885,0.0006393892576108608,Monitor (low volume)
091065b789659bc3cd9af9cb3a6253ff,2,3.5,0.5,0.0,0.946875,9.502083333333333,11.264930555555557,1359.0,722.185,0.06334402417625268,RS,cool_stuff,2017-10-15 13:01:37,2018-01-18 17:13:29,95,0.6408421052631579,0.00010398676917341106,False,0.7442863122645458,505.74254918375885,0.0011580124662593334,Monitor (low volume)
5d76d80a2f5f39c891b996a1bf4c9853,6,4.833333333333333,0.0,0.0,0.7625,9.105787037037038,10.233912037037037,1358.4,259.47666666666663,0.14438492038295958,SP,watches_gifts,2018-07-25 13:18:32,2018-08-18 14:48:50,24,6.0,0.00010394085890004531,False,-0.7671410632063624,0.0,0.0,Monitor (low volume)
42ef3192a9ff87a22d1867b74b3ee205,23,4.6521739130434785,0.043478260869565216,0.0,3.672554347826087,5.185084541062802,9.308091787439613,1354.0900000000001,71.99869565217391,0.4220272624649422,SP,toys,2018-01-02 22:14:43,2018-08-02 19:25:36,211,3.3181042654028436,0.00010361107010303473,False,-1.940707408957723,0.0,0.0,Monitor (low volume)
81336a0f57a33776419727a300249e90,15,4.066666666666666,0.13333333333333333,0.2,8.06263888888889,9.177777777777777,17.475462962962965,1351.9,108.64666666666668,0.5580880767578301,SP,sports_leisure,2017-07-19 14:08:55,2018-04-22 22:07:08,277,1.648375451263538,0.00010344349760524975,False,0.08214734198409374,7.4036661085530895,1.6952375598144613e-05,Monitor (low volume)
d9a84e1403de8da0c3aa531d6d108ba6,51,4.7254901960784315,0.0196078431372549,0.058823529411764705,0.9618191721132897,6.356168300653595,7.678907952069717,1349.5,39.659803921568624,0.635928165794889,SP,toys,2018-02-22 15:13:31,2018-08-28 09:18:17,186,8.346451612903227,0.00010325985651178677,True,-5.520699037254081,0.0,0.0,Invest
b9a03475e6447e631b6799ec8274800f,10,4.2,0.1,0.0,0.6026388888888888,9.570347222222221,10.848472222222222,1349.1,164.40800000000002,0.27092387280738206,PR,christmas_supplies,2017-11-06 15:24:21,2018-07-28 19:42:23,264,1.153030303030303,0.00010322924966287627,False,-0.27856843867727077,0.0,0.0,Monitor (low volume)
c3ee2331a724e6fc02c4b698b57a73f3,2,3.0,0.0,0.0,1.8604166666666666,4.396875,6.262152777777779,1347.0,743.94,0.10888641425389756,SP,kitchen_dining_laundry_garden_furniture,2017-11-22 08:33:09,2017-12-02 09:45:39,10,2.0,0.00010306856370609616,False,-0.25571368773545416,0.0,0.0,Monitor (low volume)
3092c0b297aacfb4bb6e056ebe13b9b8,15,4.266666666666667,0.06666666666666667,0.0,3.8220734126984124,10.038194444444446,13.795231481481483,1344.39,110.62133333333333,0.4438930829659374,SP,housewares,2018-01-18 22:44:34,2018-06-29 09:18:48,161,2.8360248447204968,0.00010286885401695518,False,-0.9178526580159062,0.0,0.0,Monitor (low volume)
7e26c750b4cb9f6766f58265ff9ebe95,23,4.434782608695652,0.043478260869565216,0.0,2.0691425120772946,7.090640096618357,9.229468599033817,1344.3,75.35565217391304,0.2868739769962753,MG,unknown,2017-02-03 16:10:44,2017-10-13 12:42:33,251,2.789322709163347,0.00010286196747595031,False,-1.940707408957723,0.0,0.0,Monitor (low volume)
02dcd3e8e25bee036e32512bcf175493,13,4.076923076923077,0.23076923076923078,0.3076923076923077,3.3976495726495726,12.876175213675214,17.088995726495725,1341.9,124.88384615384615,0.21677645095709125,MG,stationery,2018-02-21 20:55:22,2018-08-22 16:20:30,181,2.1862983425414364,0.00010267832638248734,False,1.3378610297195481,138.09813198312781,0.0003162070477591612,Monitor (low volume)
186cdd1b2df32caa72cfb410bba768d3,6,5.0,0.0,0.0,2.7840277777777778,5.997800925925926,8.89849537037037,1341.45,268.28833333333336,0.2694379967626404,SC,housewares,2018-05-11 11:17:57,2018-08-06 13:16:55,87,2.099310344827586,0.00010264389367746303,False,-0.7671410632063624,0.0,0.0,Monitor (low volume)
8ea394aed8138685abe1eb9f25e1021d,2,4.0,0.0,0.0,4.661458333333333,6.616319444444445,11.290277777777778,1340.0,708.8,0.05791044776119403,SP,signaling_and_security,2017-12-30 10:29:21,2018-06-07 11:31:23,159,0.3828930817610063,0.00010253294385016248,False,-0.25571368773545416,0.0,0.0,Monitor (low volume)
7357b52d27cbaa90f81a96cbc1279396,12,4.333333333333333,0.08333333333333333,0.08333333333333333,0.9732638888888889,8.438020833333333,9.850752314814814,1328.02,128.81916666666666,0.1709353034822703,MG,housewares,2018-05-15 18:17:45,2018-08-22 21:33:00,99,3.68969696969697,0.00010161626872529311,False,-0.5342821264127251,0.0,0.0,Monitor (low volume)
3faf68a3b0af94b10bac70d86077be49,7,4.571428571428571,0.0,0.0,9.677777777777777,6.263888888888888,16.15922619047619,1322.93,206.01285714285717,0.090072792967126,SP,unknown,2017-02-04 22:19:45,2017-05-02 06:29:43,86,2.4776744186046513,0.00010122679657290705,False,-0.8949979070740895,0.0,0.0,Monitor (low volume)
5d9f3746e112e696f98ea22c56b3e912,1,5.0,0.0,0.0,0.7118055555555556,6.347916666666666,7.069444444444445,1322.64,1370.41,0.03611715962015363,SP,garden_tools,2018-07-24 17:36:19,2018-07-24 17:36:19,0,1.0,0.00010120460660744695,False,-0.12785684386772708,0.0,0.0,Monitor (low volume)
e439f7176d763f92de325271111b2fd5,6,5.0,0.0,0.0,1.2310185185185185,8.172337962962963,9.926736111111111,1320.9,257.95,0.26842147421575224,SC,electronics,2018-05-01 16:18:19,2018-08-01 11:11:04,91,2.007032967032967,0.0001010714668146863,False,-0.7671410632063624,0.0,0.0,Monitor (low volume)
d2e753bb80b7d4faa77483ed00edc8ca,13,3.769230769230769,0.07692307692307693,0.07692307692307693,2.1205128205128205,11.014850427350428,13.605715811965812,1320.7,139.6292307692308,0.3720661276915847,BA,fashion_bags_accessories,2017-10-06 16:05:51,2018-05-03 19:31:56,209,1.893397129186603,0.00010105616339023104,False,-0.662138970280452,0.0,0.0,Monitor (low volume)
2bd05d410a8fd26dc4184a15f4f2f588,6,5.0,0.0,0.0,3.4523148148148146,6.197222222222222,10.176736111111111,1316.73,252.545,0.30736683845062884,MG,cool_stuff,2017-01-27 10:29:59,2017-10-21 11:22:57,267,0.6840449438202247,0.00010075239041479437,False,-0.7671410632063624,0.0,0.0,Monitor (low volume)
c794dab4928dd97beb41d05514441e86,16,4.375,0.0625,0.125,1.8119357638888889,11.452690972222221,13.79453125,1312.3999999999999,96.536875,0.2919438415154577,SP,health_beauty,2017-12-08 09:46:41,2018-06-24 03:33:48,197,2.472284263959391,0.00010042107127533823,False,-1.0457095018836333,0.0,0.0,Monitor (low volume)
863d2ebcd347ce4922de7a0f9a5581d6,17,4.0588235294117645,0.11764705882352941,0.17647058823529413,1.1355034722222221,9.71282679738562,11.506658496732026,1312.36,94.44588235294117,0.2406724763812416,RJ,auto,2017-07-04 17:45:29,2018-08-13 14:51:14,404,1.280891089108911,0.00010041801059044718,False,-0.17356634575136043,0.0,0.0,Monitor (low volume)
f4a04f7be452aa3bb31760bf00055dd0,18,4.666666666666667,0.0,0.05555555555555555,2.772453703703704,5.69170524691358,9.141435185185186,1312.1,86.33055555555555,0.22149796159588286,SP,perfumery,2017-10-31 21:47:13,2018-08-17 16:02:15,289,1.8959169550173012,0.00010039811613865536,False,-2.3014231896190873,0.0,0.0,Monitor (low volume)
626ab1cd96932367f0eeec2e47046c12,3,4.666666666666667,0.0,0.0,0.8974537037037037,5.350925925925925,7.193287037037037,1310.0,463.48999999999995,0.06823190489885916,SP,garden_tools,2018-01-16 11:20:57,2018-07-28 16:45:10,193,0.4731606217616581,0.00010023743018187527,False,-0.3835705316031812,0.0,0.0,Monitor (low volume)
7f40d06aa0b5f1aa4f41af8c0480e2ef,6,4.833333333333333,0.0,0.16666666666666666,0.9671296296296297,3.151851851851852,4.130324074074074,1309.94,239.27,0.10599706973465024,SP,toys,2018-08-09 08:17:42,2018-08-27 19:21:58,18,6.0,0.00010023283915453869,False,-0.7671410632063624,0.0,0.0,Monitor (low volume)
9a1aea68d3efa00862ec88c0768037d0,7,4.428571428571429,0.0,0.0,2.3959325396825397,9.960912698412699,13.021230158730159,1309.2,214.53,0.14498591353290233,SP,home_appliances_2,2018-02-09 00:14:41,2018-07-19 17:24:12,160,1.33175,0.00010017621648405427,False,-0.8949979070740895,0.0,0.0,Monitor (low volume)
9f50216bfd01913736a55a11b55ea842,16,4.4375,0.0625,0.1875,3.355185185185185,6.448220486111111,10.31657986111111,1309.0,101.206875,0.27862564302509973,SP,computers_accessories,2018-06-22 00:07:03,2018-08-18 13:46:39,57,8.544561403508773,0.00010016091305959901,False,-1.0457095018836333,0.0,0.0,Monitor (low volume)
a13580f0e8f782b7a543885a0ef99f08,10,4.4,0.0,0.2,4.656875,20.001527777777778,25.048819444444444,1304.9,156.368,0.20668968980145105,RJ,perfumery,2017-08-17 18:21:17,2018-05-07 20:42:38,263,1.1574144486692015,9.984719285826643e-05,False,-1.2785684386772709,0.0,0.0,Monitor (low volume)
83b08de96980757220871b31bf6cffca,5,4.0,0.2,0.4,3.9766666666666666,9.766527777777778,13.858194444444445,1304.17,351.67600000000004,0.3662617506351178,RJ,construction_tools_construction,2017-10-13 15:52:21,2018-05-07 10:08:06,205,0.7424390243902439,9.979133535900479e-05,False,0.36071578066136467,94.0869399330264,0.0002154334246356833,Monitor (low volume)
3fac58ce0ad699020c7944d53c41329c,9,4.333333333333333,0.1111111111111111,0.2222222222222222,2.6627314814814813,2.319212962962963,5.094753086419754,1301.97,165.76777777777778,0.20595884858657276,SP,construction_tools_lights,2018-05-31 13:16:15,2018-08-20 22:29:55,81,3.3822222222222225,9.962299768999705e-05,False,-0.1507115948095438,0.0,0.0,Monitor (low volume)
45a3d05fb00435e52a28859dd03703b3,1,5.0,0.0,0.0,16.158333333333335,9.024305555555555,25.719444444444445,1299.0,1323.79,0.019083910700538876,SP,toys,2017-02-03 18:08:16,2017-02-03 18:08:16,0,1.0,9.939574183683661e-05,False,-0.12785684386772708,0.0,0.0,Monitor (low volume)
56e361f411e38dcef17cdc2a3d99628b,5,4.0,0.2,0.2,1.0532986111111111,8.39638888888889,10.3075,1298.0,631.152,0.5444777880184332,SP,computers_accessories,2018-07-02 16:39:17,2018-08-23 14:41:37,51,2.984313725490196,9.931922471456037e-05,False,0.36071578066136467,93.64181665969028,0.00021441421377360077,Monitor (low volume)
51ed72984a04e5dd35c2b27e77179038,7,3.5714285714285716,0.2857142857142857,0.14285714285714285,2.3326388888888894,13.672321428571427,16.578373015873016,1294.3,213.31857142857143,0.14989088534632214,SP,home_appliances_2,2017-11-11 19:29:52,2018-04-21 18:38:11,160,1.33175,9.903611136213828e-05,False,1.1050020929259103,204.31488698200081,0.0004678253521468226,Monitor (low volume)
b9ca8e8baa5d4aa038394a700f63e69f,14,4.214285714285714,0.07142857142857142,0.07142857142857142,1.605902777777778,7.647619047619047,9.672916666666666,1289.77,119.85357142857143,0.2798662010220457,SP,bed_bath_table,2018-04-23 14:23:32,2018-08-28 12:38:17,126,3.382222222222222,9.868948879822691e-05,False,-0.7899958141481792,0.0,0.0,Monitor (low volume)
25e47381a6c510ddeb36084e33b89f0c,16,4.25,0.0625,0.0,2.929904513888889,6.621137152777778,10.001432291666667,1289.6000000000001,98.231875,0.283912025148949,SP,bed_bath_table,2017-05-16 18:26:49,2017-06-29 07:53:56,43,11.326511627906976,9.867648088743996e-05,False,-1.0457095018836333,0.0,0.0,Monitor (low volume)
141440cad9341e553f8401c574a2aa38,11,4.454545454545454,0.09090909090909091,0.0,1.2008333333333332,5.374431818181818,6.661111111111111,1288.2,143.54545454545453,0.2861191725280371,PR,drinks,2018-05-01 12:22:52,2018-08-14 02:08:11,104,3.219615384615385,9.856935691625322e-05,False,-0.4064252825449979,0.0,0.0,Monitor (low volume)
718539d38d07dd351c76db862760e2e2,35,4.628571428571429,0.02857142857142857,0.0,1.7957142857142858,6.6966865079365085,8.63563492063492,1287.81,55.042857142857144,0.5485966982500025,SP,pet_shop,2017-04-26 11:19:47,2018-01-03 19:50:16,252,4.227777777777778,9.853951523856548e-05,True,-3.474989535370448,0.0,0.0,Invest
2e1a7d075abe038c1b2743005fe42ff1,17,4.411764705882353,0.11764705882352941,0.17647058823529413,2.7941176470588234,9.03202614379085,12.229452614379085,1287.0,93.61588235294118,0.24585668557902127,SP,health_beauty,2017-08-25 15:24:46,2018-05-16 13:24:11,263,1.9676045627376428,9.847753636952173e-05,False,-0.17356634575136043,0.0,0.0,Monitor (low volume)
542917da124346b47ea1ac79a93ce454,19,4.105263157894737,0.15789473684210525,0.05263157894736842,2.674890350877193,8.886805555555556,11.950402046783624,1284.4,85.42526315789473,0.3954923421993007,PR,health_beauty,2017-03-04 16:27:08,2017-08-07 14:14:22,155,3.7313548387096773,9.82785918516035e-05,False,0.5707199665131852,38.58066973629133,8.833920852292464e-05,Monitor (low volume)
e3d3b3efac954a60d61be70b7e05b49b,3,4.333333333333333,0.0,0.0,3.438425925925926,7.316203703703704,11.115046296296297,1282.05,468.60999999999996,0.09398052347554009,SP,home_construction,2018-06-06 12:18:34,2018-06-25 01:28:11,18,3.0,9.809877661425433e-05,False,-0.3835705316031812,0.0,0.0,Monitor (low volume)
4eeb99008a0f59d2c7759c59f9a346eb,2,4.5,0.0,0.0,1.9180555555555556,6.112847222222222,7.664583333333333,1282.0,660.475,0.03624896138807429,SP,telephony,2018-04-23 10:39:30,2018-06-18 14:07:12,56,1.0871428571428572,9.809495075814052e-05,False,-0.25571368773545416,0.0,0.0,Monitor (low volume)
269cff2d3c8d205c11f37a52402ea93b,4,4.5,0.0,0.0,1.6432291666666667,5.473263888888889,7.128472222222222,1281.59,353.75,0.11554897114501769,SP,agro_industry_and_commerce,2018-06-28 08:44:49,2018-08-10 18:09:49,43,2.831627906976744,9.806357873800725e-05,False,-0.5114273754709083,0.0,0.0,Monitor (low volume)
a478c7961d6a992065b24e63b366f90b,8,4.875,0.0,0.0,1.8766493055555555,7.485329861111111,9.856076388888889,1281.5,181.445,0.22111315605838616,SC,home_construction,2017-02-09 09:33:26,2018-02-21 02:17:40,376,0.6476595744680851,9.80566921970024e-05,False,-1.0228547509418167,0.0,0.0,Monitor (low volume)
fec8cd45395b3cb0c2b173d7739706a1,4,3.75,0.0,0.0,2.374826388888889,8.057291666666668,10.448263888888889,1280.0,344.235,0.07573437499999999,SP,toys,2018-01-04 11:11:33,2018-04-25 15:44:24,111,1.096936936936937,9.794191651358803e-05,False,-0.5114273754709083,0.0,0.0,Monitor (low volume)
bb5d956dece964a06c12bceb66b923ae,2,5.0,0.0,0.0,1.4517361111111111,8.469444444444445,10.383680555555555,1278.36,664.25,0.05789740355363473,RJ,auto,2018-01-21 15:52:24,2018-02-19 12:18:48,28,2.0,9.7816428433055e-05,False,-0.25571368773545416,0.0,0.0,Monitor (low volume)
fa74b2f3287d296e9fbd2cc80f2d1cf1,5,3.2,0.4,0.4,17.978749999999998,12.049722222222222,30.379999999999995,1274.49,270.134,0.0808864614724375,SP,perfumery,2017-07-20 16:59:53,2017-12-20 08:32:26,152,1.0013157894736842,9.752030716984596e-05,False,1.3607157806613646,346.8437310590205,0.0007941775218606496,Monitor (low volume)
3f8034bfc6b8b4135534975d49f04c63,11,4.0,0.18181818181818182,0.0,1.400378787878788,9.175568181818182,10.890277777777778,1273.9,138.44818181818184,0.2751883617753018,PR,baby,2017-01-18 10:42:05,2017-05-24 09:05:17,125,2.6787199999999998,9.747516206770298e-05,False,0.5935747174550021,68.74134841508429,0.00015739893457772017,Monitor (low volume)
128f9bfbe4c7d5185033914b1de3d39a,13,4.769230769230769,0.0,0.07692307692307693,3.0754807692307695,7.95219017094017,11.825747863247862,1267.39,116.87461538461538,0.3182073212881586,SP,health_beauty,2017-09-13 17:44:20,2018-06-17 13:26:47,276,1.433768115942029,9.697703560168465e-05,False,-1.662138970280452,0.0,0.0,Monitor (low volume)
c8c1bea22194a4eefa2dc9a9fa89f536,7,5.0,0.0,0.0,0.6354166666666667,7.561507936507937,8.498710317460317,1266.0,222.6757142857143,0.2283134737766074,SC,pet_shop,2018-06-04 10:34:10,2018-08-03 10:20:22,59,3.6115254237288137,9.687067680172066e-05,False,-0.8949979070740895,0.0,0.0,Monitor (low volume)
d4ffeb15b67e81ff9af2b4252d99fb7e,10,4.3,0.0,0.0,1.4390432098765433,7.992430555555555,9.803055555555556,1263.4,155.0,0.25138875997266175,SP,perfumery,2018-04-26 13:43:04,2018-07-27 19:57:12,92,3.3086956521739133,9.667173228380245e-05,False,-1.2785684386772709,0.0,0.0,Monitor (low volume)
2646baaf662d4d92ac48f047e35db92d,15,4.466666666666667,0.13333333333333333,0.13333333333333333,1.4786324786324785,4.108564814814815,5.729027777777778,1263.05,103.29266666666668,0.4077911971371197,SP,auto,2018-04-29 22:00:59,2018-08-09 19:37:47,101,4.520792079207921,9.664495129100576e-05,False,0.08214734198409374,6.917080019533973,1.583822619959801e-05,Monitor (low volume)
9ed65337433adfbedefd23dd76eaa494,6,4.833333333333333,0.0,0.0,1.135185185185185,5.495023148148149,7.400810185185185,1262.6000000000001,223.9416666666667,0.17230589288226295,SP,sports_leisure,2017-12-19 09:27:15,2018-08-01 17:15:29,225,0.8117333333333334,9.661051858598146e-05,False,-0.7671410632063624,0.0,0.0,Monitor (low volume)
9140bd1d9de28b197dce077bdd687438,6,4.166666666666667,0.0,0.0,1.552361111111111,4.312731481481482,6.242476851851851,1258.8700000000001,240.48833333333334,0.2651813485415919,SP,sports_leisure,2018-05-21 21:49:55,2018-08-10 10:10:06,80,2.283,9.632510971989109e-05,False,-0.7671410632063624,0.0,0.0,Monitor (low volume)
8a9260f2b0340411d6d2a56bcf4f7378,8,4.75,0.0,0.125,2.226302083333333,7.3381944444444445,10.002777777777778,1256.0,174.6175,0.29389032783154106,MG,food,2018-02-17 02:10:19,2018-08-17 13:48:52,181,1.345414364640884,9.610550557895826e-05,False,-1.0228547509418167,0.0,0.0,Monitor (low volume)
734def04b237117a09321dd6d8f3f2a2,2,5.0,0.0,0.0,1.101736111111111,1.1694444444444445,2.2881944444444446,1252.43,640.615,0.03834043754657855,SP,toys,2018-04-08 22:50:52,2018-06-21 04:46:11,73,0.8339726027397261,9.583233945243209e-05,False,-0.25571368773545416,0.0,0.0,Monitor (low volume)
402916f742e5c740cc751493d9cf5053,9,4.666666666666667,0.0,0.0,0.9736111111111111,5.402854938271605,6.386651234567902,1252.0,164.27,0.21345587835517899,MG,health_beauty,2018-08-05 20:23:26,2018-08-24 09:26:31,18,9.0,9.57994370898533e-05,False,-1.1507115948095437,0.0,0.0,Monitor (low volume)
5a425cc503b39b262a847fd6212bf53b,13,4.461538461538462,0.07692307692307693,0.0,1.2717013888888888,4.849732905982906,6.214155982905983,1245.7,113.9423076923077,0.21427184085559195,PR,toys,2018-04-27 23:54:06,2018-08-20 13:56:52,114,3.4712280701754388,9.531737921951299e-05,False,-0.662138970280452,0.0,0.0,Monitor (low volume)
30a81d8cf85fb2ada1b1b094c9583a95,17,4.823529411764706,0.0,0.0,1.3871527777777777,2.6420751633986925,4.289991830065359,1245.42,83.14823529411764,0.16850108293565366,SP,pet_shop,2018-02-22 01:14:05,2018-08-15 10:14:58,174,2.974022988505747,9.529595442527564e-05,False,-2.1735663457513605,0.0,0.0,Monitor (low volume)
671585f5a2af58b6e276bc01003c0d2b,27,4.703703703703703,0.037037037037037035,0.0,1.0703258547008547,4.055606995884774,5.587808641975308,1244.0,62.67074074074075,0.41083734107241576,PR,housewares,2018-07-27 21:43:27,2018-08-25 23:39:08,29,27.0,9.518730011164338e-05,False,-2.4521347844286314,0.0,0.0,Monitor (low volume)
89c127985a8b130cfa45c1d36764017a,5,3.4,0.4,0.0,3.7094444444444448,5.20125,9.507361111111111,1239.77,265.146,0.10658164900056981,SP,small_appliances_home_oven_and_coffee,2017-06-30 10:13:23,2018-01-04 21:27:37,188,0.8095744680851064,9.486363268441487e-05,False,1.3607157806613646,337.394920678108,0.0007725423238135863,Monitor (low volume)
67225bff54a172ff67579aaf583efd78,8,4.5,0.0,0.125,3.0521701388888887,9.954253472222222,13.426996527777778,1238.0,174.13875,0.2933378269821308,PA,sports_leisure,2017-09-15 10:34:54,2018-02-03 19:28:45,141,1.7270921985815602,9.472819737798594e-05,False,-1.0228547509418167,0.0,0.0,Monitor (low volume)
058cb5aeb36d7c0fcae20fc85d5e0a59,11,3.8181818181818183,0.18181818181818182,0.09090909090909091,2.9945075757575754,6.423421717171717,10.088762626262627,1236.0,180.34727272727275,0.5767030582504891,RJ,luggage_accessories,2017-09-25 22:41:26,2018-08-14 23:23:38,323,1.036656346749226,9.457516313343345e-05,False,0.5935747174550021,66.69621370676205,0.00015271613402783745,Monitor (low volume)
6eb94e1466490d327a09abf8f3552a50,8,4.75,0.0,0.125,2.1024305555555554,5.838975694444445,8.271875,1233.95,175.78375,0.14194563460843954,SP,health_beauty,2018-05-16 17:09:56,2018-08-23 13:05:40,98,2.4848979591836735,9.441830303276716e-05,False,-1.0228547509418167,0.0,0.0,Monitor (low volume)
4fb41dff7c50136976d1a5cf004a42e2,3,4.0,0.0,0.3333333333333333,2.1657407407407407,64.26759259259259,66.75462962962962,1230.0,432.25666666666666,0.07180190476190476,BA,watches_gifts,2017-11-27 20:01:56,2018-02-02 21:38:36,67,1.3629850746268657,9.4116060399776e-05,False,-0.3835705316031812,0.0,0.0,Monitor (low volume)
a36ac007a4d18f865c8d32c3b2402c2d,8,2.75,0.5,0.0,3.5928819444444446,5.926388888888889,9.652604166666666,1229.79,173.87,0.14990950687188365,SP,garden_tools,2017-01-22 21:25:01,2017-09-06 15:36:32,226,1.0775221238938053,9.409999180409799e-05,False,2.977145249058183,457.65793197990786,0.0010479118108028445,Monitor (low volume)
1b65c144b17e607c0f37f10bb7dfec8d,5,2.0,0.6,0.0,0.5296296296296297,7.5465277777777775,8.770833333333332,1229.5,278.772,0.15411811794189614,SC,construction_tools_construction,2018-04-20 20:36:31,2018-06-29 11:31:08,69,2.205797101449275,9.407780183863789e-05,False,2.3607157806613643,580.5000104646296,0.0013291866580469676,Monitor (low volume)
7daca0837f033a41a6f3428c18657533,7,3.5714285714285716,0.2857142857142857,0.2857142857142857,4.144345238095238,8.992956349206349,14.333035714285714,1228.98,199.5914285714286,0.17779142610098653,SP,housewares,2018-04-19 15:47:11,2018-06-10 14:08:05,51,4.178039215686275,9.403801293505424e-05,False,1.1050020929259103,194.00363888058362,0.00044421540700100606,Monitor (low volume)
b8578d2d823bd8e251f6fdd02b40902d,8,4.875,0.0,0.0,1.308159722222222,8.714496527777778,10.123090277777777,1223.7,180.28,0.23625664353498593,SC,sports_leisure,2018-04-12 20:58:52,2018-06-19 17:05:20,67,3.634626865671642,9.363400252943569e-05,False,-1.0228547509418167,0.0,0.0,Monitor (low volume)
2d518637f53161b973e01f56ea4bb88e,13,4.923076923076923,0.0,0.0,3.3892094017094014,9.623771367521368,13.663942307692308,1219.8899999999999,118.43846153846154,0.26475405889591574,SP,sports_leisure,2018-04-13 14:37:55,2018-07-30 20:33:35,108,3.6640740740740743,9.33424722935632e-05,False,-1.662138970280452,0.0,0.0,Monitor (low volume)
9c4d31c7e46ab03a43fc06e3142afd4e,2,4.5,0.0,0.0,2.519791666666667,4.343055555555556,6.894444444444444,1218.9,631.36,0.033814756327586966,RJ,toys,2018-08-14 17:26:41,2018-08-20 18:55:21,6,2.0,9.326672034250975e-05,False,-0.25571368773545416,0.0,0.0,Monitor (low volume)
7a425d299613df3e613bcf9d2eaf5c49,18,4.111111111111111,0.16666666666666666,0.05555555555555555,1.1570601851851852,10.440316358024692,11.794521604938272,1218.8,83.63722222222222,0.35860802183122004,RJ,perfumery,2017-11-09 18:22:26,2018-08-01 23:12:08,265,2.067622641509434,9.32590686302821e-05,False,0.6985768103809123,47.30141202734755,0.00010830732926810793,Monitor (low volume)
52f9db5cfb423382a2fa5c9e39303202,21,4.285714285714286,0.09523809523809523,0.0,1.2697222222222222,8.473578042328043,10.17414021164021,1218.78,74.50142857142858,0.3025217097593091,SP,home_appliances,2017-11-06 20:40:57,2018-08-02 16:45:33,268,2.3852238805970147,9.325753828783659e-05,False,-0.6849937212222689,0.0,0.0,Monitor (low volume)
2cb6eb1b7185064167657fa09f541105,6,4.666666666666667,0.0,0.0,3.105324074074074,4.826967592592593,8.200578703703703,1217.9,230.4466666666667,0.17611631105912606,MG,stationery,2018-02-20 22:32:06,2018-08-03 21:35:53,163,1.1204907975460123,9.319020322023351e-05,False,-0.7671410632063624,0.0,0.0,Monitor (low volume)
093805f8f2aeb63881444571e1f48f30,22,4.181818181818182,0.13636363636363635,0.045454545454545456,1.798358585858586,5.684501262626263,8.274589646464646,1215.79,70.89681818181818,0.3049014509815671,SP,health_beauty,2017-08-31 20:38:35,2018-01-30 12:01:37,151,4.434966887417218,9.302875209223062e-05,False,0.18714943491000396,10.342473248601532,2.368144221435196e-05,Monitor (low volume)
e63e8bfa530fb16910dd6956e592bb81,38,4.2631578947368425,0.10526315789473684,0.05263157894736842,1.6969115497076022,7.186129385964913,9.380519005847953,1214.99,48.403684210526315,0.5090952430029171,SP,housewares,2017-08-07 09:14:30,2018-08-28 10:44:03,386,2.996683937823834,9.296753839440964e-05,True,-0.8585600669736293,0.0,0.0,Invest
f9d010e39375d9c91dce3f40b73a2f84,4,3.5,0.25,0.25,2.8739583333333334,14.022743055555555,17.349305555555556,1212.0,337.53499999999997,0.11867550776730354,SP,toys,2018-02-17 15:54:49,2018-07-23 09:02:12,155,0.7855483870967742,9.273875219880367e-05,False,0.48857262452909167,148.03750523231477,0.0003389655009443627,Monitor (low volume)
788e857f317e53de488d393e65a80f45,11,4.909090909090909,0.0,0.0,1.442739898989899,5.41060606060606,7.4073232323232325,1210.0,126.81363636363636,0.1528512396694215,SP,stationery,2018-05-28 16:37:29,2018-08-22 11:16:54,85,3.939294117647059,9.25857179542512e-05,False,-1.4064252825449979,0.0,0.0,Monitor (low volume)
6426d21aca402a131fc0a5d0960a3c90,23,4.173913043478261,0.08695652173913043,0.043478260869565216,0.9737922705314009,9.489734299516908,10.96298309178744,1209.64,69.29652173913043,0.3690497707395707,SP,bed_bath_table,2017-05-15 21:42:34,2017-10-02 21:37:12,139,5.036834532374101,9.255817179023176e-05,False,-0.940707408957723,0.0,0.0,Monitor (low volume)
b566ab0ef88016e00422755e305103c6,5,3.2,0.4,0.2,1.051111111111111,11.837777777777777,13.04791666666667,1208.0,285.644,0.311123098165642,MG,home_construction,2018-03-11 10:26:01,2018-07-23 13:26:43,134,1.135820895522388,9.243268370969872e-05,False,1.3607157806613646,328.74893260778566,0.0007527453698402221,Monitor (low volume)
d8c7ba53e7e38711eaef8c2849d6d2e1,22,4.5,0.0,0.0,1.251483585858586,6.207512626262626,8.109722222222222,1207.77,82.77863636363635,0.6352328912307187,PR,baby,2018-05-08 23:46:50,2018-08-21 06:58:44,104,6.43923076923077,9.241508477157518e-05,False,-2.8128505650899958,0.0,0.0,Monitor (low volume)
01fd077212124329bac32490e8ef80d9,30,4.233333333333333,0.13333333333333333,0.03333333333333333,1.06875,6.365347222222223,7.8880787037037035,1205.0,58.80366666666667,0.5593952244133427,SP,health_beauty,2018-04-17 13:32:54,2018-08-24 17:52:59,129,7.07906976744186,9.220313234286999e-05,True,0.16429468396818747,6.59916980605553,1.5110298539658446e-05,Invest
bc07d855eac23aab5ac8a120f21d16b2,11,4.454545454545454,0.09090909090909091,0.18181818181818182,2.2803030303030307,10.91300505050505,13.383459595959597,1202.62,127.94181818181819,0.23924124610381944,SP,health_beauty,2018-03-08 19:38:25,2018-08-12 13:26:21,156,2.1464102564102565,9.202102159185252e-05,False,-0.4064252825449979,0.0,0.0,Monitor (low volume)
7238f877570096ae403c51898fa64566,3,5.0,0.0,0.0,0.8405092592592592,8.065046296296297,8.922916666666667,1200.0,416.50666666666666,0.04126666666666667,SP,cool_stuff,2018-04-11 19:11:36,2018-05-29 15:28:44,47,1.9429787234042555,9.182054673148879e-05,False,-0.3835705316031812,0.0,0.0,Monitor (low volume)
b1aaae6b66ad3c40f54b389d7ea4bee0,15,4.4,0.06666666666666667,0.0,1.8130092592592593,5.72787037037037,8.024305555555555,1199.4,106.70266666666666,0.30371071716715736,SP,fashion_underwear_beach,2017-01-22 11:08:52,2017-05-24 17:01:03,122,3.742622950819672,9.177463645812305e-05,False,-0.9178526580159062,0.0,0.0,Monitor (low volume)
6bef34c5be6f2bbd70aa5165f6df94b1,2,2.0,0.5,0.0,1.1229166666666668,14.434375,16.186458333333334,1198.0,665.44,0.11091819699499166,SC,consoles_games,2018-07-14 16:12:14,2018-07-31 23:31:44,17,2.0,9.166751248693631e-05,False,0.7442863122645458,445.82750104646294,0.0010208233514191916,Monitor (low volume)
11fb6f6d341adbe19e81733701704635,3,5.0,0.0,0.0,1.1490740740740741,3.810185185185185,5.362268518518519,1197.0,532.2199999999999,0.3338847117794486,SP,bed_bath_table,2018-08-07 17:16:36,2018-08-25 18:36:46,18,3.0,9.159099536466006e-05,False,-0.3835705316031812,0.0,0.0,Monitor (low volume)
7d7d2b7a51328016102d4528c411d630,7,4.142857142857143,0.14285714285714285,0.14285714285714285,1.8524305555555554,7.965277777777778,10.281944444444445,1194.6,197.71714285714285,0.2159045124989548,SP,housewares,2018-04-07 18:26:07,2018-08-18 08:17:21,132,1.6142424242424243,9.140735427119708e-05,False,0.10500209292591037,17.919357172756072,4.1030439354758404e-05,Monitor (low volume)
a20d8058c866dbaeca014d2cd20ac62e,2,5.0,0.0,0.5,1.828125,21.203125,23.55625,1194.0,619.45,0.037604690117252926,SP,small_appliances,2017-12-20 14:52:29,2018-05-16 01:18:19,146,0.41698630136986303,9.136144399783135e-05,False,-0.25571368773545416,0.0,0.0,Monitor (low volume)
f235413f677777a0738ff215d0184901,2,5.0,0.0,0.0,1.2374999999999998,5.0315972222222225,6.278472222222222,1191.98,623.905,0.04683803419520462,SP,auto,2017-01-16 18:36:49,2017-01-23 19:32:40,7,2.0,9.120687941083333e-05,False,-0.25571368773545416,0.0,0.0,Monitor (low volume)
c0098efcf800861dcae589affca31408,9,4.777777777777778,0.0,0.1111111111111111,1.9358796296296295,9.242978395061728,11.417052469135802,1189.28,152.9711111111111,0.19212312748082228,SP,auto,2017-12-06 18:59:33,2018-07-17 08:06:39,222,1.234054054054054,9.100028318068748e-05,False,-1.1507115948095437,0.0,0.0,Monitor (low volume)
1710c3aaa9c6b44ec3883ee0fe300e21,2,5.0,0.0,0.0,0.7489583333333334,5.296875,6.127430555555556,1188.9,613.275,0.03892405842834072,SP,electronics,2018-04-25 17:22:38,2018-05-02 13:13:23,6,2.0,9.097120667422253e-05,False,-0.25571368773545416,0.0,0.0,Monitor (low volume)
c273175f7c6c80fb02f051e2fc6d0d72,14,3.7857142857142856,0.21428571428571427,0.07142857142857142,3.540625,6.820436507936508,10.58625992063492,1188.23,103.10357142857143,0.2804166480212219,SP,auto,2017-01-25 16:25:03,2017-07-20 11:33:01,175,2.4352,9.091994020229743e-05,False,1.2100041858518207,102.69737669676492,0.00023514897581570468,Monitor (low volume)
439a47cc365d6e3bd526812ea9de3c29,8,4.25,0.125,0.125,1.08046875,5.8199652777777775,7.241666666666667,1186.5,176.36625,0.21211497237784002,SP,bed_bath_table,2017-08-21 15:37:43,2018-07-05 01:16:37,317,0.7682018927444796,9.078756558075954e-05,False,-0.02285475094181666,0.0,0.0,Monitor (low volume)
a5259c149128e82c9d6d46e0c1c812bb,8,3.875,0.25,0.0,2.6855034722222224,16.325347222222224,19.34982638888889,1182.26,202.64125,0.8740352713232267,RO,auto,2017-07-31 13:45:07,2018-03-09 10:24:31,220,1.106909090909091,9.046313298230828e-05,False,0.9771452490581833,144.404967768941,0.0003306479811439623,Monitor (low volume)
7ff588a03c2aeae4fbd23f9ae64b760d,14,4.642857142857143,0.07142857142857142,0.0,0.46749999999999997,4.334375,4.787450396825397,1182.2,100.24142857142859,0.3126938705521603,SP,auto,2018-06-06 08:34:53,2018-08-26 21:47:50,81,5.2612345679012344,9.045854195497171e-05,False,-0.7899958141481792,0.0,0.0,Monitor (low volume)
327b89b872c14d1c0be7235ef4871685,3,2.3333333333333335,0.6666666666666666,0.6666666666666666,3.427546296296296,44.41087962962964,47.84050925925926,1177.0,419.59999999999997,0.1484668379765712,AM,telephony,2017-02-03 01:06:06,2017-03-15 14:28:24,40,2.283,9.006065291913525e-05,False,1.6164294683968186,634.1791614343518,0.0014520972695853478,Monitor (low volume)
dbec9a0a7efeff029d4d9dce7dc4cc95,3,4.0,0.3333333333333333,0.0,2.530324074074074,9.375462962962963,11.92800925925926,1170.0,429.53,0.1008222079589217,MG,furniture_decor,2018-06-15 21:45:12,2018-08-14 18:15:54,59,1.5477966101694915,8.952503306320157e-05,False,0.6164294683968187,240.40749267475928,0.0005504675727775623,Monitor (low volume)
f1b854361f4e15d5851b494df66f22b2,3,3.3333333333333335,0.3333333333333333,0.0,1.0371527777777778,6.451620370370371,7.404166666666666,1168.8,491.74666666666667,0.20956528385757622,RJ,pet_shop,2018-04-15 17:02:51,2018-07-25 15:35:55,100,0.9132,8.943321251647007e-05,False,0.6164294683968187,240.16092088740052,0.0005499029906516365,Monitor (low volume)
8629c241b3622ac12cd4118afdc8d394,13,4.076923076923077,0.15384615384615385,0.07692307692307693,2.8235042735042737,11.94145299145299,15.116292735042736,1167.66,115.53999999999999,0.3931927707129161,SP,perfumery,2018-03-19 16:11:16,2018-07-10 17:45:13,113,3.5019469026548675,8.934598299707517e-05,False,0.337861029719548,30.346677689409805,6.948561304681118e-05,Monitor (low volume)
c8e135e7b21ecbc36c1153a29d2f5a06,7,4.857142857142857,0.0,0.0,2.5978174603174606,5.545039682539683,8.148214285714285,1165.5,181.06857142857143,0.09978886193665662,SP,health_beauty,2017-02-01 14:39:07,2017-05-28 21:29:35,116,1.836896551724138,8.918070601295849e-05,False,-0.8949979070740895,0.0,0.0,Monitor (low volume)
5ee7fd217d08dfe5d3e2f51f96a12c9a,9,3.4444444444444446,0.3333333333333333,0.2222222222222222,2.0065586419753085,14.654320987654321,16.857947530864195,1165.5,159.46444444444444,0.2275508880222226,SP,auto,2017-06-17 23:06:16,2018-08-21 09:28:11,429,0.6386013986013986,8.918070601295849e-05,False,1.8492884051904561,239.48284847216408,0.000548350389805341,Monitor (low volume)
002100f778ceb8431b7a1020ff7ab48f,48,4.0,0.125,0.1875,3.562717013888889,11.93622685185185,16.479065393518518,1158.8,39.80083333333334,0.7796477751851058,SP,furniture_decor,2017-09-14 01:00:31,2018-04-12 12:58:23,210,6.957714285714286,8.866804129370767e-05,True,-0.13712850565089996,0.0,0.0,Coach: fulfilment
2d378dbb39815785238c0139c7647fb7,2,5.0,0.0,0.0,3.5527777777777776,13.31875,19.63923611111111,1154.0,727.22,0.2563128088237544,SC,furniture_living_room,2017-04-13 19:35:02,2017-05-17 09:44:13,33,1.8448484848484847,8.830075910678171e-05,False,-0.25571368773545416,0.0,0.0,Monitor (low volume)
c35672b10ad50968f567ea3f4b91e877,18,4.5,0.05555555555555555,0.05555555555555555,2.1554012345679014,9.164004629629629,11.60763888888889,1150.57,84.1861111111111,0.3256894343140758,RJ,health_beauty,2017-08-21 20:40:53,2018-08-04 16:27:58,347,1.579020172910663,8.803830537737421e-05,False,-1.3014231896190875,0.0,0.0,Monitor (low volume)
5fd924b4836098a5be0ecf81ba054ce0,7,4.0,0.14285714285714285,0.0,1.2853009259259258,6.148809523809524,7.985317460317461,1148.8,183.47714285714284,0.24152754368333054,SP,garden_tools,2017-01-17 20:38:15,2017-03-01 08:28:57,42,5.073333333333333,8.790287007094526e-05,False,0.10500209292591037,17.232343479040832,3.9457365420012105e-05,Monitor (low volume)
1d2732ef8321502ee8488e8bed1ab8cd,4,3.0,0.25,0.25,4.126041666666667,7.247395833333333,12.174652777777778,1148.0,307.04499999999996,0.1070875314332331,RJ,computers_accessories,2017-04-19 11:58:54,2018-05-03 16:46:51,379,0.32126649076517155,8.784165637312427e-05,False,0.48857262452909167,140.2203432398493,0.0003210663325776637,Monitor (low volume)
d4910f1cdcfdabd48d6b316e395d4a23,11,4.909090909090909,0.0,0.09090909090909091,2.043472222222222,3.629608585858586,6.125063131313132,1146.88,123.81090909090909,0.186734601957325,SP,pet_shop,2018-07-30 13:01:12,2018-08-17 17:13:02,18,11.0,8.775595719617489e-05,False,-1.4064252825449979,0.0,0.0,Monitor (low volume)
0afccdb8a34ee5c79f7c06faf2b4d56e,23,4.086956521739131,0.13043478260869565,0.08695652173913043,3.3830012077294684,9.78677536231884,13.533997584541062,1145.7,65.23478260869565,0.34573644934618997,MG,telephony,2017-04-05 11:04:33,2018-04-07 13:48:17,367,1.9076839237057224,8.766566699188892e-05,False,0.05929259104227702,2.9535444155276864,6.7628109565860776e-06,Monitor (low volume)
10ff823eda2b032e2c93d17a7d294736,8,4.25,0.125,0.0,2.075173611111111,7.490190972222222,9.769618055555556,1144.98,161.60750000000002,0.1542654489101064,SP,housewares,2017-06-14 17:47:53,2018-04-06 10:26:19,295,0.8254915254237288,8.761057466385003e-05,False,-0.02285475094181666,0.0,0.0,Monitor (low volume)
5f3ae9136c875522250f8184f253413a,42,4.642857142857143,0.023809523809523808,0.07142857142857142,1.3522652116402116,6.241583994708994,7.861871693121693,1143.05,41.423095238095236,0.5904668591824225,SP,books_technical,2018-01-15 12:02:56,2018-08-22 10:56:54,218,5.864587155963303,8.746289661785688e-05,True,-4.369987442444538,0.0,0.0,Invest
1ca4bdb0cd7fc48e949bac066188ed26,3,5.0,0.0,0.3333333333333333,4.543055555555555,9.746527777777777,14.29837962962963,1140.0,501.1499999999999,0.3188157894736842,MG,office_furniture,2018-03-22 14:08:52,2018-07-09 08:54:35,108,0.8455555555555556,8.722951939491435e-05,False,-0.3835705316031812,0.0,0.0,Monitor (low volume)
5b97c06a046398e7005b2b7c0d707a92,3,4.0,0.0,0.6666666666666666,6.679861111111111,19.20138888888889,26.17662037037037,1139.97,446.1366666666667,0.17407475635323735,MG,musical_instruments,2017-05-31 21:22:31,2017-07-27 12:29:26,56,1.6307142857142858,8.722722388124606e-05,False,-0.3835705316031812,0.0,0.0,Monitor (low volume)
10089e9f2fd0c668a8fd4e52e1698888,3,4.333333333333333,0.0,0.0,1.858101851851852,5.770833333333333,7.632175925925925,1139.9,399.77,0.05294768960370128,SP,air_conditioning,2017-03-12 17:35:58,2017-11-14 09:41:18,246,0.37121951219512195,8.722186768268672e-05,False,-0.3835705316031812,0.0,0.0,Monitor (low volume)
5f26c1408a65b42a7224cd463bdf3292,10,4.8,0.0,0.0,0.9806423611111111,5.422430555555556,6.4279166666666665,1139.8,135.709,0.3428166990113178,PR,health_beauty,2018-06-28 18:11:28,2018-08-26 19:45:32,59,5.159322033898305,8.72142159704591e-05,False,-1.2785684386772709,0.0,0.0,Monitor (low volume)
57c764b4a836300be881e2ff86e449f9,26,4.346153846153846,0.07692307692307693,0.11538461538461539,2.2462339743589745,12.675801282051282,15.222516025641026,1136.3000000000002,60.532692307692315,1.1343057077452947,SP,housewares,2017-02-02 09:23:41,2018-08-22 17:14:06,566,1.398303886925795,8.694640604249228e-05,False,-1.324277940560904,0.0,0.0,Monitor (low volume)
6b89abe95848c850399130d149a39b63,8,4.375,0.125,0.0,1.74375,8.648611111111112,11.262673611111111,1135.2,183.21625,0.29524587506285477,GO,unknown,2018-02-15 23:30:37,2018-04-13 15:55:02,56,4.348571428571429,8.68622372079884e-05,False,-0.02285475094181666,0.0,0.0,Monitor (low volume)
5b07547f10dd980738a1a27f685af669,13,4.461538461538462,0.07692307692307693,0.15384615384615385,2.7045717592592595,3.6150641025641024,6.2577991452991455,1134.6000000000001,101.54384615384616,0.17360195558307565,SP,health_beauty,2018-08-01 10:27:42,2018-08-24 10:46:25,23,13.0,8.681632693462266e-05,False,-0.662138970280452,0.0,0.0,Monitor (low volume)
e48cc16ab70bfa09e1401740dce0b3d7,14,3.5714285714285716,0.2857142857142857,0.07142857142857142,3.7736111111111112,10.596924603174603,14.687152777777778,1134.59,105.04357142857143,0.49346662547348846,SP,computers_accessories,2017-05-27 10:15:14,2018-06-14 10:51:59,383,1.1126892950391647,8.681556176339988e-05,False,2.2100041858518207,179.10347494468692,0.00041009809649406124,Monitor (low volume)
5795aebfe331fbcd02a2c4b679fb7952,5,4.4,0.0,0.0,2.372777777777778,6.792777777777777,10.255555555555556,1132.0,250.08200000000002,0.11096182826182825,SC,health_beauty,2018-02-11 15:26:46,2018-08-20 11:59:20,189,0.8052910052910053,8.661738241670442e-05,False,-0.6392842193386354,0.0,0.0,Monitor (low volume)
5151aea44289d6c6b090ee31c2132508,6,1.8333333333333333,0.6666666666666666,0.0,8.00636574074074,9.780902777777778,18.03148148148148,1127.4,211.82666666666668,0.12733723611850276,SP,air_conditioning,2017-02-17 15:29:41,2017-02-20 13:50:49,2,6.0,8.626540365423372e-05,False,3.232858936793637,607.4541942235244,0.0013909043854974691,Monitor (low volume)
713e3a23ca5e47786eb6f0d99f94cfac,4,4.75,0.0,0.0,1.3887152777777778,8.111458333333333,10.095312499999999,1126.0,303.2575,0.08806461618971692,PR,baby,2018-02-06 13:32:02,2018-06-03 20:17:27,117,1.0406837606837607,8.615827968304698e-05,False,-0.5114273754709083,0.0,0.0,Monitor (low volume)
d1c7fa84e48cfa21a0e595167c1c500e,11,4.545454545454546,0.09090909090909091,0.0,1.8600308641975307,10.23844696969697,12.296654040404041,1121.18,128.09545454545454,0.32904523983775297,RS,garden_tools,2018-03-24 18:25:24,2018-07-23 15:59:52,120,2.7903333333333333,8.57894671536755e-05,False,-0.4064252825449979,0.0,0.0,Monitor (low volume)
c878515173c84a492ebe50d6b493230b,9,4.111111111111111,0.2222222222222222,0.2222222222222222,3.7881172839506174,13.000077160493825,16.798533950617283,1118.8400000000001,145.33777777777777,0.32895568307719775,PR,sports_leisure,2017-03-13 14:28:41,2017-11-15 20:16:54,247,1.1091497975708502,8.561041708754911e-05,False,0.8492884051904561,105.57975991814334,0.00024174884705113867,Monitor (low volume)
365e445f796710c3431557e85caa25db,4,4.5,0.0,0.0,0.6479166666666667,7.734201388888889,8.386805555555556,1115.0,298.575,0.07042794152423762,SP,unknown,2017-02-01 16:03:51,2017-06-16 13:35:23,134,0.9086567164179105,8.531659133800833e-05,False,-0.5114273754709083,0.0,0.0,Monitor (low volume)
b586cd24c010a13916af621b0325fbba,6,3.8333333333333335,0.16666666666666666,0.0,0.7842592592592593,4.310416666666667,5.270833333333333,1108.94,228.8216666666667,0.26027865933859995,SC,construction_tools_construction,2018-06-17 21:50:12,2018-08-23 11:27:36,66,2.767272727272727,8.485289757701432e-05,False,0.23285893679363745,43.03776489465606,9.854474049768266e-05,Monitor (low volume)
6c6cc59a5c00cacc5054ca06d65cc282,1,5.0,0.0,0.0,2.0944444444444446,7.1506944444444445,9.252777777777778,1107.0,1255.71,0.13433604336043362,RS,pet_shop,2018-08-11 12:14:35,2018-08-11 12:14:35,0,1.0,8.470445435979841e-05,False,-0.12785684386772708,0.0,0.0,Monitor (low volume)
abc015ebac1d283a323ca9db35ede4b9,12,4.416666666666667,0.08333333333333333,0.0,1.3618055555555557,8.688541666666667,10.812962962962963,1106.8,110.80416666666667,0.3048828277206755,SP,air_conditioning,2017-02-10 10:31:39,2017-12-09 09:44:23,301,1.2135548172757475,8.468915093534315e-05,False,-0.5342821264127251,0.0,0.0,Monitor (low volume)
1dcfa3835714681d4ba4a93bc1e0fd41,11,4.2727272727272725,0.09090909090909091,0.0,6.26824494949495,8.806186868686869,15.70536616161616,1106.7,126.50181818181818,0.26948144721825507,SP,furniture_living_room,2017-07-27 09:24:18,2017-12-14 00:29:03,139,2.4089208633093526,8.468149922311554e-05,False,-0.4064252825449979,0.0,0.0,Monitor (low volume)
a425f92c199eb576938df686728acd20,16,4.5,0.125,0.0,9.972526041666667,6.792404513888888,17.14900173611111,1106.3,87.480625,0.2932074476824752,PR,furniture_decor,2017-10-03 18:52:56,2018-07-30 12:02:51,299,1.6288963210702343,8.465089237420503e-05,False,-0.04570950188363332,0.0,0.0,Monitor (low volume)
457fe919b032a3f7dadba6fb92cf7855,9,4.777777777777778,0.0,0.1111111111111111,1.6962962962962964,3.7915895061728397,5.504938271604939,1104.89,138.45666666666665,0.19120740109916243,SP,bed_bath_table,2018-05-02 18:19:06,2018-08-06 14:48:29,95,2.8837894736842107,8.454300323179555e-05,False,-1.1507115948095437,0.0,0.0,Monitor (low volume)
48328ec9a579151d9cc6a86d4a59336c,1,2.0,1.0,0.0,2.1680555555555556,19.05,21.226388888888888,1099.0,1196.78,0.08897179253867152,RS,cool_stuff,2017-09-19 14:23:31,2017-09-19 14:23:31,0,1.0,8.409231738158848e-05,False,0.8721431561322729,958.4853285893679,0.0021946699185673452,Monitor (low volume)
4b39558c138930b9e5489c93b6df5fe3,4,4.5,0.0,0.0,0.6980902777777778,11.374479166666667,12.827083333333334,1096.7,307.275,0.12838800526695837,SE,computers_accessories,2017-11-15 00:16:15,2018-01-14 16:43:17,60,2.0293333333333337,8.391632800035313e-05,False,-0.5114273754709083,0.0,0.0,Monitor (low volume)
b55638ad525e906c698fa2ce742c1742,11,4.181818181818182,0.0,0.18181818181818182,10.304734848484848,12.720833333333333,23.43118686868687,1094.8,125.97000000000001,0.2923537054706063,SC,pet_shop,2017-11-06 19:23:13,2018-08-08 12:51:29,274,1.222043795620438,8.377094546802827e-05,False,-1.4064252825449979,0.0,0.0,Monitor (low volume)
119d1aef1b4144adba89163f6cd9f5d4,4,4.75,0.0,0.0,2.1413194444444446,2.309375,4.477777777777778,1094.0,324.56,0.1859950543383795,SP,furniture_decor,2017-05-26 20:01:38,2017-11-17 19:46:19,174,0.6997701149425287,8.370973177020728e-05,False,-0.5114273754709083,0.0,0.0,Monitor (low volume)
8b655f0855926bcb49f5835d38dfddf6,5,4.8,0.0,0.2,1.7227777777777777,3.8765277777777776,5.6097222222222225,1089.5,232.56199999999998,0.06634255576840405,SP,stationery,2018-05-13 12:51:15,2018-08-17 10:55:49,95,1.6021052631578947,8.336540471996419e-05,False,-0.6392842193386354,0.0,0.0,Monitor (low volume)
f205b1a3ca9a34e0f8a228bae6e4c7b3,8,4.875,0.0,0.0,0.8455729166666667,7.734809027777778,8.59592013888889,1088.0,185.6125,0.38340152537520955,RS,furniture_decor,2018-07-13 12:35:28,2018-08-26 17:28:44,44,5.534545454545455,8.325062903654984e-05,False,-1.0228547509418167,0.0,0.0,Monitor (low volume)
fe87f472055fbcf1d7e691c00b1560dc,6,4.5,0.0,0.16666666666666666,3.0841435185185184,2.6041666666666665,6.001851851851852,1085.8,202.66,0.1407488833566733,SP,housewares,2018-05-07 13:09:18,2018-08-19 21:44:37,104,1.7561538461538462,8.30822913675421e-05,False,-0.7671410632063624,0.0,0.0,Monitor (low volume)
39f776d2974049026ff531fc42ef2a3e,3,3.6666666666666665,0.3333333333333333,0.0,9.28101851851852,6.986111111111111,16.382870370370373,1084.04,391.47,0.16884394451485707,GO,construction_tools_safety,2018-01-12 18:17:38,2018-04-25 18:57:38,103,0.8866019417475729,8.294762123233592e-05,False,0.6164294683968187,222.74473364029575,0.0005100246731570842,Monitor (low volume)
138dbe45fc62f1e244378131a6801526,46,4.239130434782608,0.13043478260869565,0.043478260869565216,1.5593830749354005,4.620606884057971,6.449788647342996,1083.76,38.23130434782608,0.8425844832398068,SP,housewares,2018-05-07 11:11:27,2018-08-24 14:30:31,109,12.846238532110092,8.292619643809857e-05,True,0.11858518208455404,2.793866889912093,6.397192984472136e-06,Invest
db46ca7bce82b11f7e247539271fc390,16,4.5625,0.0625,0.0,1.9504629629629628,5.759895833333333,8.149782986111111,1082.45,83.75999999999999,0.3778342323028663,RJ,pet_shop,2017-03-21 10:42:25,2017-07-05 09:08:28,105,4.638476190476191,8.28259590079167e-05,False,-1.0457095018836333,0.0,0.0,Monitor (low volume)
c54679b132454625907c773d273d4126,7,4.857142857142857,0.0,0.0,1.6689484126984127,4.267261904761905,6.164484126984127,1080.0,170.85999999999999,0.11628873355738675,SP,perfumery,2018-03-27 14:16:24,2018-07-28 18:11:21,123,1.7323577235772356,8.26384920583399e-05,False,-0.8949979070740895,0.0,0.0,Monitor (low volume)
71dc18fd8cbf5fd77f45dd8b427abb34,4,5.0,0.0,0.0,2.0708333333333333,8.156770833333333,10.731770833333334,1080.0,307.35,0.14322916666666666,PR,garden_tools,2017-02-14 12:56:01,2017-12-13 23:56:00,302,0.4031788079470199,8.26384920583399e-05,False,-0.5114273754709083,0.0,0.0,Monitor (low volume)
0ad80de75c811326389cfb1daba7d45e,5,5.0,0.0,0.0,0.9929166666666667,6.602777777777779,8.559861111111111,1079.5,233.43800000000002,0.08554099185220401,RJ,toys,2017-11-14 14:41:21,2018-01-05 20:37:59,52,2.926923076923077,8.260023349720179e-05,False,-0.6392842193386354,0.0,0.0,Monitor (low volume)
75fbb52eda0cbc24f479d3b2fbfa8d3e,37,4.4324324324324325,0.08108108108108109,0.05405405405405406,2.237593843843844,11.25106981981982,13.802683933933935,1079.29,53.072702702702706,0.9905654193194459,GO,dvds_blu_ray,2017-01-31 10:48:02,2018-06-16 17:34:31,501,2.2480638722554893,8.258416490152377e-05,True,-1.7307032231059019,0.0,0.0,Invest
4091f77d8c768fc3e81c20761471761d,8,2.75,0.375,0.25,1.7749131944444445,15.73064236111111,18.032465277777778,1079.0,163.73375,0.19723641141663165,SP,baby,2018-01-06 14:14:53,2018-08-07 09:12:17,212,1.148679245283019,8.256197493606367e-05,False,1.9771452490581833,266.6674654667225,0.0006105957465011364,Monitor (low volume)
4736e9d642ef4257cd7622516931eb51,16,4.125,0.125,0.0,1.4968315972222221,2.7915364583333333,4.796267361111111,1078.87,90.610625,0.5233068268842814,SP,sports_leisure,2017-11-16 15:50:27,2018-08-25 17:37:28,282,1.7270921985815602,8.255202771016774e-05,False,-0.04570950188363332,0.0,0.0,Monitor (low volume)
03a2a6dcbe45d639c4dc2a0d24769c40,9,4.111111111111111,0.1111111111111111,0.1111111111111111,1.667283950617284,8.483873456790123,10.446990740740741,1078.41,138.96222222222224,0.19347534627571575,SP,garden_tools,2018-03-13 08:11:07,2018-08-15 18:21:14,155,1.7674838709677418,8.251682983392069e-05,False,-0.1507115948095438,0.0,0.0,Monitor (low volume)
a066df7361163e7ddc5d7452dd17448b,15,4.4,0.13333333333333333,0.2,1.5978703703703703,13.793981481481483,15.737962962962964,1078.3,89.64133333333332,0.2879120405157096,SP,telephony,2017-12-12 14:37:18,2018-05-12 17:45:26,151,3.023841059602649,8.250841295047029e-05,False,0.08214734198409374,5.905298590763219,1.352152275129768e-05,Monitor (low volume)
577719699805dd125d5b6fdde5943bba,8,4.375,0.125,0.125,4.77202380952381,5.6266493055555555,10.28342013888889,1077.8,160.92000000000002,0.5329618344470826,RS,housewares,2018-04-19 17:28:29,2018-08-21 21:30:35,124,1.9638709677419355,8.247015438933217e-05,False,-0.02285475094181666,0.0,0.0,Monitor (low volume)
167fd940acebc789debd6eb418c46e38,5,3.0,0.4,0.2,3.8394444444444447,11.031805555555556,15.500694444444445,1077.58,235.696,0.1810266653398285,SP,auto,2017-11-30 18:26:24,2018-06-04 20:13:34,186,0.8182795698924732,8.24533206224314e-05,False,1.3607157806613646,293.2560221850146,0.0006714762877751875,Monitor (low volume)
3d4b1ae7539303b5704493798893e82c,6,4.833333333333333,0.0,0.0,2.051388888888889,9.34247685185185,12.075694444444444,1076.0,203.615,0.18159063527507854,SP,musical_instruments,2017-12-06 20:43:07,2018-02-28 16:31:53,83,2.2004819277108436,8.233242356923494e-05,False,-0.7671410632063624,0.0,0.0,Monitor (low volume)
6562efe88ce0826a4ca4f189f03b4b84,8,4.0,0.125,0.125,8.206770833333334,9.379600694444445,17.813541666666666,1076.0,169.79,0.2734417195401028,PR,furniture_decor,2017-03-14 08:47:46,2018-01-08 12:25:43,300,0.8117333333333333,8.233242356923494e-05,False,-0.02285475094181666,0.0,0.0,Monitor (low volume)
4cf490a58259286ada5ba8525ba9e84a,7,3.4285714285714284,0.2857142857142857,0.0,11.016170634920636,13.064880952380951,24.765476190476193,1075.3,173.97857142857146,0.1334486089048714,SP,cool_stuff,2017-03-14 13:06:10,2017-11-23 12:17:53,253,0.842213438735178,8.227886158364158e-05,False,1.1050020929259103,169.74410721760447,0.00038866769772346314,Monitor (low volume)
2709af9587499e95e803a6498a5a56e9,23,3.9130434782608696,0.21739130434782608,0.13043478260869565,2.118719806763285,9.099486714975846,11.672886473429951,1072.1599999999999,69.89391304347826,0.9381973205891342,SP,health_beauty,2017-02-15 22:32:29,2018-08-26 19:01:18,556,1.2592086330935253,8.203859781969417e-05,False,2.059292591042277,95.99526714834292,0.00021980297334896657,Monitor (low volume)
b18871c324516afa228a13e8f1ef0ae9,9,3.4444444444444446,0.4444444444444444,0.1111111111111111,1.5151234567901235,7.023533950617284,8.93317901234568,1064.6,145.3777777777778,0.24883739043013817,SP,garden_tools,2018-02-28 22:21:37,2018-06-18 18:47:16,109,2.513394495412844,8.14601283752858e-05,False,2.849288405190456,337.0391595739732,0.0007717277279401263,Monitor (low volume)
76ea5315acb3f5f7ade3cd261faf922a,14,4.5,0.0,0.07142857142857142,1.4452380952380952,7.319444444444445,8.997023809523808,1064.56,91.01928571428572,0.2695206419296454,SP,auto,2018-05-18 09:49:56,2018-07-16 15:00:42,59,7.223050847457627,8.145706769039476e-05,False,-1.789995814148179,0.0,0.0,Monitor (low volume)
eb72802c83dc7547529c9546d1a9b8ef,8,4.625,0.125,0.0,0.7701388888888889,5.33359375,6.2112847222222225,1063.92,147.70375,0.13651119786478444,SP,garden_tools,2018-05-07 20:36:52,2018-07-27 10:59:09,80,3.044,8.140809673213797e-05,False,-0.02285475094181666,0.0,0.0,Monitor (low volume)
8ff1a9df749e454105c55cda13e79143,11,3.727272727272727,0.2727272727272727,0.0,3.890782828282828,7.986174242424242,12.658585858585859,1063.9,116.85454545454546,0.23705475317525282,SP,housewares,2017-11-06 23:31:37,2018-06-22 16:18:40,227,1.4750660792951542,8.140656638969244e-05,False,1.593574717455002,154.1276492636706,0.0003529102693270254,Monitor (low volume)
8fbd63429be6d3e5e6d1a709b6464802,6,4.833333333333333,0.0,0.0,1.8627777777777776,6.41736111111111,8.406481481481482,1061.4,206.82833333333335,0.23083609242689154,SP,auto,2018-04-18 00:27:01,2018-06-28 09:17:04,71,2.572394366197183,8.121527358400184e-05,False,-0.7671410632063624,0.0,0.0,Monitor (low volume)
b2eecf5ea250510da76590ca79d60e5d,9,5.0,0.0,0.0,1.3349537037037038,4.428703703703704,6.167052469135802,1060.0,134.79444444444445,0.24057267670601007,SP,musical_instruments,2017-03-05 04:18:49,2017-11-11 21:04:48,251,1.0914741035856574,8.11081496128151e-05,False,-1.1507115948095437,0.0,0.0,Monitor (low volume)
1464afc72f696af775557a821c2e253f,29,4.241379310344827,0.10344827586206896,0.034482758620689655,1.0171810699588477,10.180196360153257,11.55177203065134,1059.36,52.19931034482759,0.4611806894689346,RJ,perfumery,2017-04-12 12:13:43,2018-08-19 09:08:14,493,1.7905882352941178,8.10591786545583e-05,False,-0.7078484721640854,0.0,0.0,Monitor (low volume)
de9727ca376d1be6ec121b110aa7954c,9,3.6666666666666665,0.3333333333333333,0.1111111111111111,3.3141203703703703,7.879475308641975,11.991743827160494,1057.7,139.72444444444443,0.22801416972427915,PR,computers_accessories,2018-05-15 14:07:20,2018-08-15 08:52:48,91,3.010549450549451,8.093216023157974e-05,False,1.8492884051904561,217.33248290777172,0.0004976320954930151,Monitor (low volume)
226b05fe067266c59c15dae208213d06,10,4.5,0.1,0.0,1.2177777777777776,8.663333333333332,9.978194444444444,1056.9,124.55800000000002,0.21568089278319763,PR,unknown,2018-03-08 23:14:39,2018-04-12 16:01:28,34,8.952941176470588,8.087094653375875e-05,False,-0.27856843867727077,0.0,0.0,Monitor (low volume)
9d7a1d34a5052409006425275ba1c2b4,13,4.384615384615385,0.07692307692307693,0.07692307692307693,4.368269230769231,9.517521367521367,14.331944444444446,1054.82,102.45153846153848,1.1155394619145866,SP,stationery,2017-07-17 16:18:44,2018-08-20 19:58:51,399,0.9917794486215539,8.071179091942416e-05,False,-0.662138970280452,0.0,0.0,Monitor (low volume)
fcf16b7a8697e559f0123190bb30177d,3,3.3333333333333335,0.3333333333333333,0.6666666666666666,1.8953703703703704,13.673611111111109,15.578935185185186,1052.8000000000002,517.5233333333334,0.4043218085106383,SP,musical_instruments,2018-02-18 18:41:59,2018-08-13 20:33:57,176,0.5188636363636364,8.055722633242617e-05,False,0.6164294683968187,216.32564810939027,0.0004953267184788185,Monitor (low volume)
ea6b12bf9ffe2bac34602ec631d97a47,9,4.333333333333333,0.1111111111111111,0.0,10.822608024691357,5.52662037037037,16.563966049382717,1047.3,133.57666666666668,0.15449122815086716,SP,unknown,2017-02-12 00:20:45,2017-05-30 22:15:57,107,2.560373831775701,8.013638215990684e-05,False,-0.1507115948095438,0.0,0.0,Monitor (low volume)
1cbd32d00d01bb8087a5eb088612fd9c,11,4.181818181818182,0.09090909090909091,0.09090909090909091,3.8830176767676763,8.362752525252525,12.533080808080808,1045.47,117.23,0.28597509077698907,SP,health_beauty,2018-05-10 14:32:26,2018-08-19 12:31:08,100,3.3484000000000003,7.999635582614132e-05,False,-0.4064252825449979,0.0,0.0,Monitor (low volume)
c03121937e54a93fcc1825c3098bbb6e,7,5.0,0.0,0.0,2.2853174603174606,8.805853174603175,11.159027777777778,1043.0,171.1342857142857,0.1485522531160115,PR,books_general_interest,2017-03-28 17:03:51,2018-05-03 20:52:38,401,0.5313715710723191,7.980735853411901e-05,False,-0.8949979070740895,0.0,0.0,Monitor (low volume)
89f69225956f951295ca4c7fb1266553,11,4.2727272727272725,0.09090909090909091,0.09090909090909091,2.1398358585858586,7.289141414141414,9.721275252525253,1041.3,119.88272727272728,0.38132721540538944,RJ,toys,2018-05-13 21:20:26,2018-08-14 00:04:22,92,3.6395652173913047,7.96772794262494e-05,False,-0.4064252825449979,0.0,0.0,Monitor (low volume)
d1b9d4be4b6f9ebd85f8acd6745ba612,10,4.5,0.0,0.0,4.002152777777778,6.807986111111111,11.265,1040.2,121.34,0.17473640352294745,MG,furniture_decor,2017-11-26 10:18:35,2018-08-21 17:03:40,268,1.135820895522388,7.959311059174553e-05,False,-1.2785684386772709,0.0,0.0,Monitor (low volume)
1bc2e21de46adfea6b98cc96b00f3b40,3,3.3333333333333335,0.3333333333333333,0.0,7.092824074074073,8.865046296296297,16.51087962962963,1039.95,380.8500000000001,0.09716214222796171,SC,cool_stuff,2017-02-06 23:01:32,2017-05-16 10:55:20,98,0.9318367346938776,7.957398131117647e-05,False,0.6164294683968187,213.68527521975722,0.000489280984880364,Monitor (low volume)
cda598c48d7c614bc1cad7d8ff6f0010,16,4.125,0.0625,0.0,1.1885912698412697,6.879296875,8.126258680555555,1038.7,82.766875,0.39925070896904363,SP,auto,2018-03-17 21:11:23,2018-08-15 10:36:56,150,3.2469333333333332,7.947833490833117e-05,False,-1.0457095018836333,0.0,0.0,Monitor (low volume)
7df1fc11cc5cbc518b39faa60cf5d67c,5,4.2,0.2,0.0,3.3480555555555553,4.336388888888889,7.71875,1037.6,234.392,0.16135328667602694,MS,auto,2018-04-14 10:39:22,2018-07-24 11:46:04,101,1.506930693069307,7.93941660738273e-05,False,0.36071578066136467,74.85573880284639,0.00017139922050191689,Monitor (low volume)
8c5e007d7bd5693fa1386ffefbc99f6c,9,4.333333333333333,0.1111111111111111,0.0,2.06015625,7.9352623456790115,10.242052469135801,1029.11,156.3788888888889,0.3247048604284827,SP,health_beauty,2018-06-05 16:09:34,2018-08-19 20:45:58,75,3.6528,7.874453570570201e-05,False,-0.1507115948095438,0.0,0.0,Monitor (low volume)
8f2b51a30523cdecddc2f179f351c7d6,7,4.142857142857143,0.14285714285714285,0.0,3.982936507936508,8.69513888888889,13.125992063492063,1027.9,168.03285714285715,0.24827672894932246,SP,auto,2017-04-13 16:53:02,2017-07-01 18:50:04,79,2.697215189873418,7.865194998774777e-05,False,0.10500209292591037,15.418807331220467,3.5304862391391405e-05,Monitor (low volume)
e9729944ba65dc3ce425e0c5a22ae7b2,4,3.75,0.0,0.25,2.3289930555555554,7.634027777777777,10.139583333333334,1026.69,293.0425,0.12522952075904012,RJ,garden_tools,2018-05-03 07:32:52,2018-06-09 13:31:20,37,3.290810810810811,7.855936426979352e-05,False,-0.5114273754709083,0.0,0.0,Monitor (low volume)
76c47a299e4a8fe992316a85865acbe9,6,4.666666666666667,0.0,0.3333333333333333,1.5376157407407407,18.58275462962963,20.242939814814815,1024.46,207.72333333333333,0.32017997288696065,SP,health_beauty,2017-06-22 11:14:21,2018-06-17 21:01:50,360,0.5073333333333333,7.83887310871175e-05,False,-0.7671410632063624,0.0,0.0,Monitor (low volume)
e58a5b390e28abc0b216cfb0e07d27d7,7,4.857142857142857,0.0,0.0,1.3975198412698415,6.0784722222222225,7.598115079365079,1022.6,166.74714285714285,0.2076462416629439,RJ,sports_leisure,2018-04-25 19:54:53,2018-08-09 10:30:41,105,2.029333333333333,7.82464092396837e-05,False,-0.8949979070740895,0.0,0.0,Monitor (low volume)
26785a546900236d66f2e4197c211158,15,4.666666666666667,0.06666666666666667,0.0,2.1240575396825396,3.553935185185185,5.767175925925926,1019.2,82.97666666666667,0.23666300277193492,SP,consoles_games,2017-11-22 19:20:46,2018-07-24 17:04:30,243,1.8790123456790124,7.798625102394448e-05,False,-0.9178526580159062,0.0,0.0,Monitor (low volume)
49067458c68f7701fd334ce326accbe0,16,3.5,0.3125,0.0625,4.593576388888889,7.271875,12.292057291666667,1018.75,99.566875,0.5482457659202916,MG,costruction_tools_garden,2017-09-27 16:49:41,2018-08-07 09:26:26,313,1.5560383386581471,7.795181831892017e-05,False,2.9542904981163667,188.10521530975302,0.00043070962616978333,Monitor (low volume)
7aa538dd6e114e503a2e6154ea352253,5,4.4,0.0,0.0,2.185277777777778,5.7725,8.878194444444444,1016.6800000000001,223.71999999999997,0.14520807840100022,SP,housewares,2018-04-23 17:55:31,2018-08-17 15:45:42,115,1.3234782608695652,7.779342787580836e-05,False,-0.6392842193386354,0.0,0.0,Monitor (low volume)
a13aaf2d2886ab9fb30fb9a920160b8f,4,4.5,0.0,0.25,0.30538194444444444,8.512326388888889,9.351041666666667,1011.52,271.4575,0.0733642627392789,SC,musical_instruments,2018-07-22 23:58:52,2018-08-02 22:48:54,10,4.0,7.739859952486295e-05,False,-0.5114273754709083,0.0,0.0,Monitor (low volume)
28872dc528e978a639754bc8c2ce5a4c,1,5.0,0.0,0.0,0.5319444444444444,3.4916666666666667,4.039583333333334,1009.9,1038.9,0.028715714427171007,RS,housewares,2018-06-11 22:55:43,2018-06-11 22:55:43,0,1.0,7.727464178677544e-05,False,-0.12785684386772708,0.0,0.0,Monitor (low volume)
980640c45d7a4635885491d077167e4d,14,4.642857142857143,0.0,0.07142857142857142,1.7732371794871793,5.303422619047619,7.608928571428572,1004.29,89.04714285714286,0.2644406914801685,SP,fashion_bags_accessories,2018-07-01 09:14:54,2018-08-22 15:43:52,52,8.195384615384615,7.684538073080573e-05,False,-1.789995814148179,0.0,0.0,Monitor (low volume)
ef9952469137ff190bacafe117f51537,5,4.8,0.0,0.0,2.9269444444444446,7.0175,10.250833333333333,1002.66,217.32,0.08385975079687047,MG,furniture_decor,2017-03-10 12:46:23,2017-05-30 15:57:13,81,1.8790123456790124,7.672065782149545e-05,False,-0.6392842193386354,0.0,0.0,Monitor (low volume)
2379bdc3888025689a9deb7b141507d5,9,4.333333333333333,0.1111111111111111,0.3333333333333333,3.581944444444444,14.636496913580247,18.42523148148148,999.5,125.06777777777776,0.6689109902727379,SP,perfumery,2018-01-31 16:57:52,2018-08-03 10:17:53,183,1.497049180327869,7.647886371510254e-05,False,-0.1507115948095438,0.0,0.0,Monitor (low volume)
41c9d3997dd3c072c31139dc5bb5761f,3,4.333333333333333,0.0,0.0,9.847453703703703,11.56412037037037,22.206712962962964,998.8,370.18,0.110587210495952,MG,stationery,2017-01-27 12:31:05,2017-03-05 14:28:33,37,2.468108108108108,7.642530172950916e-05,False,-0.3835705316031812,0.0,0.0,Monitor (low volume)
cb4a705d00e100b9732d0ca34817d441,1,1.0,1.0,0.0,3.7534722222222223,20.24375,24.12638888888889,998.0,1080.56,0.08272545090180361,SC,furniture_decor,2017-11-24 22:07:05,2017-11-24 22:07:05,0,1.0,7.636408803168817e-05,False,0.8721431561322729,870.3988698200084,0.0019929759588081988,Monitor (low volume)
b5e3e38609125694d2ea2417522a60b7,16,4.3125,0.0625,0.25,2.648828125,14.930642361111111,18.195572916666666,995.04,81.01125,0.40738488629777386,SC,sports_leisure,2017-04-16 20:39:21,2017-09-19 13:30:18,155,3.142193548387097,7.61375973497505e-05,False,-1.0457095018836333,0.0,0.0,Monitor (low volume)
7c5b05cbdb5542049f38d90d7815b97d,21,4.523809523809524,0.09523809523809523,0.047619047619047616,2.358506944444444,4.642162698412698,7.548379629629629,993.97,61.56619047619047,0.35320527327003076,SP,books_imported,2018-04-28 14:32:54,2018-07-15 09:56:32,77,8.301818181818183,7.605572402891492e-05,False,-0.6849937212222689,0.0,0.0,Monitor (low volume)
04e38a233f726ef161074ab1c9b0399a,19,4.105263157894737,0.10526315789473684,0.15789473684210525,5.066885964912281,6.353910818713451,11.993311403508772,991.6,70.90894736842105,0.4092401479801624,SP,sports_leisure,2017-09-15 00:53:25,2018-05-05 21:12:28,232,2.492931034482759,7.587437844912024e-05,False,-0.42928003348681465,0.0,0.0,Monitor (low volume)
8a43128d7f9a3db592b866e6861a6cce,3,2.3333333333333335,0.6666666666666666,0.0,0.3326388888888889,5.572453703703704,6.244675925925925,990.5999999999999,352.8299999999999,0.15548569770114115,SP,telephony,2018-06-25 20:37:05,2018-08-23 09:57:21,58,1.5744827586206898,7.579786132684399e-05,False,1.6164294683968186,533.7450104646294,0.0012221304632550939,Monitor (low volume)
7ecef8194babfec876ca720714327841,7,4.285714285714286,0.0,0.14285714285714285,1.8491071428571428,8.28313492063492,10.14097222222222,990.5,159.18,0.2034066941746864,SP,construction_tools_construction,2017-10-15 22:41:59,2018-07-20 18:38:33,277,0.7692418772563178,7.579020961461637e-05,False,-0.8949979070740895,0.0,0.0,Monitor (low volume)
d1582f4043306e6b91afa6a8a884f898,9,4.111111111111111,0.1111111111111111,0.1111111111111111,1.6645061728395063,10.159182098765433,12.108487654320989,990.0,124.65777777777778,0.13325252525252526,SP,toys,2017-11-20 11:47:02,2018-02-12 20:28:01,84,3.2614285714285716,7.575195105347825e-05,False,-0.1507115948095438,0.0,0.0,Monitor (low volume)
6025c79c035c3d772133b8b8238463b2,2,5.0,0.0,0.0,0.81875,7.621875,8.449305555555556,989.74,549.165,0.10559781881694669,PR,auto,2018-07-18 16:51:01,2018-08-06 21:19:27,19,2.0,7.573205660168643e-05,False,-0.25571368773545416,0.0,0.0,Monitor (low volume)
ef2fbc2b607d8492bcffe657a4645434,19,4.0,0.21052631578947367,0.10526315789473684,0.8123172514619883,5.9733187134502925,7.037536549707602,989.47,73.75894736842106,0.44379706983584094,RJ,auto,2018-07-02 16:44:40,2018-08-26 11:44:34,54,10.71037037037037,7.571139697867184e-05,False,1.5707199665131852,81.79896238241061,0.00018729730832177266,Monitor (low volume)
e504a4e2efaa45cbff7e268a2c58c956,9,4.111111111111111,0.2222222222222222,0.3333333333333333,7.834645061728395,5.609645061728395,13.511265432098766,989.0,132.51000000000002,0.20880383535185165,SP,housewares,2018-05-14 17:58:27,2018-08-15 10:11:11,92,2.977826086956522,7.567543393120202e-05,False,0.8492884051904561,93.32735919259568,0.0002136941919609382,Monitor (low volume)
edd066cd02126d7800f9b66e980e9931,6,5.0,0.0,0.16666666666666666,2.233101851851852,9.65,11.897106481481481,987.7,195.655,0.19764852513426465,DF,housewares,2017-06-17 11:42:52,2018-06-13 07:25:51,360,0.5073333333333333,7.55759616722429e-05,False,-0.7671410632063624,0.0,0.0,Monitor (low volume)
e84ad2127668df3aafc6b73531a0beb8,19,4.368421052631579,0.10526315789473684,0.05263157894736842,1.6290570175438597,8.722514619883041,10.564875730994151,987.0,67.03842105263158,0.4061711945180089,SP,cool_stuff,2017-12-11 15:30:13,2018-08-08 13:37:57,239,2.419916317991632,7.552239968664953e-05,False,-0.42928003348681465,0.0,0.0,Monitor (low volume)
7a9c12e235c36247c3c81f50d6ea9cea,5,4.6,0.0,0.0,2.5790277777777777,9.752916666666668,12.836111111111112,983.9000000000001,219.91800000000003,0.18930200224413304,SP,toys,2017-03-31 23:54:45,2017-05-04 19:13:41,33,4.612121212121212,7.528519660759318e-05,False,-0.6392842193386354,0.0,0.0,Monitor (low volume)
adcf50477d6a1f5d91bb9d54c4903cb5,16,3.5625,0.25,0.1875,11.715625,11.219097222222222,23.489930555555556,981.86,99.85187499999999,0.9468137090756277,MG,sports_leisure,2017-02-08 17:01:04,2018-06-29 16:03:27,505,0.9644356435643565,7.512910167814966e-05,False,1.9542904981163667,119.9274792800335,0.00027460121019573595,Monitor (low volume)
83645b1645cdee8953ee54c29ceed564,14,4.428571428571429,0.0,0.0,1.0720734126984126,9.20813492063492,10.4,978.9,88.9357142857143,0.2955513433604122,PR,baby,2017-03-12 12:24:51,2018-08-04 20:00:03,510,0.835607843137255,7.490261099621198e-05,False,-1.789995814148179,0.0,0.0,Monitor (low volume)
e0eabded302882513ced4ea3eb0c7059,8,4.625,0.0,0.0,2.6668402777777778,8.526909722222221,11.449305555555556,978.4000000000001,139.64875,0.2038802655518472,SP,consoles_games,2018-04-02 03:54:22,2018-06-03 20:14:44,62,3.927741935483871,7.486435243507386e-05,False,-1.0228547509418167,0.0,0.0,Monitor (low volume)
a99504ac23ed125aaf5302af6cc30af9,1,5.0,0.0,0.0,2.1909722222222223,13.056944444444444,16.255555555555556,978.0,1025.24,0.04830265848670757,SP,home_construction,2017-10-14 14:45:58,2017-10-14 14:45:58,0,1.0,7.483374558616336e-05,False,-0.12785684386772708,0.0,0.0,Monitor (low volume)
8e670472e453ba34a379331513d6aab1,1,1.0,1.0,1.0,61.15,24.845833333333335,86.00138888888888,975.0,1083.96,0.11175384615384615,MG,auto,2017-09-06 17:07:29,2017-09-06 17:07:29,0,1.0,7.460419421933464e-05,False,0.8721431561322729,850.339577228966,0.0019470456511402742,Monitor (low volume)
3f2af2670e104d1bcb54022274daeac5,6,3.3333333333333335,0.3333333333333333,0.16666666666666666,3.1241666666666665,9.338194444444444,19.514930555555555,973.6,222.36333333333332,0.4317187345611804,PR,furniture_decor,2017-09-29 08:52:58,2018-05-19 23:15:03,232,0.7872413793103449,7.44970702481479e-05,False,1.2328589367936373,200.05191014371422,0.0004580642981677219,Monitor (low volume)
4324dd16853115efb0fd9d0d131ba6f4,11,4.090909090909091,0.18181818181818182,0.09090909090909091,1.4958964646464645,11.50334595959596,13.833080808080808,973.4,115.03363636363635,0.34260953752407364,SP,computers_accessories,2017-05-31 08:51:45,2018-03-06 11:51:44,279,1.2001433691756274,7.448176682369266e-05,False,0.5935747174550021,52.52596636097264,0.00012027013338405903,Monitor (low volume)
9bc484c87d79cd4874e05ca182658045,8,4.25,0.125,0.25,1.8146701388888888,10.980381944444444,13.122395833333334,970.0,134.39,0.26002989740798577,SP,construction_tools_construction,2017-11-23 13:48:08,2018-05-02 14:22:52,160,1.522,7.422160860795344e-05,False,-0.02285475094181666,0.0,0.0,Monitor (low volume)
528bcf6680c36dddf07620bd35b33a6f,2,4.5,0.0,0.5,3.380902777777778,16.630902777777777,21.278819444444444,969.98,506.92,0.0462797153027893,SP,health_beauty,2017-06-11 21:57:20,2017-10-17 01:08:50,127,0.47937007874015747,7.422007826550792e-05,False,-0.25571368773545416,0.0,0.0,Monitor (low volume)
9261d76c62caaf0b24677c2ceb7f8f20,6,3.8333333333333335,0.0,0.0,1.0206597222222222,6.445949074074075,7.901851851851852,968.7,202.70666666666668,0.22868568763376773,SC,housewares,2018-07-05 09:49:54,2018-08-20 23:41:45,46,3.9704347826086956,7.412213634899433e-05,False,-0.7671410632063624,0.0,0.0,Monitor (low volume)
9e9b539eb2806acee3f5c28085c1db9f,3,3.6666666666666665,0.3333333333333333,0.3333333333333333,6.059953703703704,17.962268518518517,24.787731481481483,967.0,346.49,0.08861830418172505,MG,small_appliances,2017-11-22 00:37:30,2017-12-07 13:19:30,15,3.0,7.399205724112471e-05,False,0.6164294683968187,198.6957653132412,0.00045495909647513046,Monitor (low volume)
55dedd83e501d8248880557d9073cbfd,7,4.857142857142857,0.0,0.0,1.6462301587301589,3.021031746031746,4.91765873015873,965.4000000000001,151.47857142857146,0.12494524619248504,RJ,health_beauty,2018-08-10 22:50:14,2018-08-28 19:31:41,17,7.0,7.386962984548274e-05,False,-0.8949979070740895,0.0,0.0,Monitor (low volume)
596849622429351f47b32e6cae1055ff,10,4.6,0.0,0.0,1.1770138888888888,4.495972222222222,5.863680555555556,965.1,109.43900000000001,0.31021821010302675,SP,telephony,2018-06-07 18:26:24,2018-08-21 20:32:25,75,4.058666666666666,7.384667470879985e-05,False,-1.2785684386772709,0.0,0.0,Monitor (low volume)
b19c48688808720822399ffa9f2dbe2f,1,5.0,0.0,0.0,,6.323611111111111,6.304166666666666,959.99,984.8100000000001,0.025854435983708162,SP,watches_gifts,2018-08-22 14:14:50,2018-08-22 14:14:50,0,1.0,7.345567221396827e-05,False,-0.12785684386772708,0.0,0.0,Monitor (low volume)
05730013efda596306417c3b09302475,4,5.0,0.0,0.0,2.506597222222222,6.411631944444444,9.45173611111111,952.0,292.1675,0.22759453781512606,SC,furniture_decor,2018-07-06 18:37:58,2018-08-22 20:16:37,47,2.5906382978723403,7.28443004069811e-05,False,-0.5114273754709083,0.0,0.0,Monitor (low volume)
f0e103c63864d5405b958d984b6e94c9,11,4.7272727272727275,0.0,0.0,1.1892676767676766,7.205239898989899,8.819191919191919,951.7,100.12818181818183,0.2507991338309268,SP,unknown,2017-04-04 14:13:05,2017-08-26 00:59:30,143,2.3415384615384616,7.282134527029823e-05,False,-1.4064252825449979,0.0,0.0,Monitor (low volume)
07017df32dc5f2f1d2801e579548d620,8,4.0,0.25,0.0,1.5764756944444445,7.992447916666666,10.079340277777778,946.49,141.03,0.21067479110530035,PB,telephony,2017-03-08 15:00:44,2018-07-29 21:34:43,508,0.47937007874015747,7.242269106323901e-05,False,0.9771452490581833,115.607275847635,0.00026470912292807746,Monitor (low volume)
4f1f1c8666cdb6442f775c4e8caed465,2,5.0,0.0,0.0,8.656944444444445,11.296180555555555,19.96076388888889,944.98,535.195,0.14331357622551727,MG,toys,2018-07-25 22:39:01,2018-08-01 14:04:51,6,2.0,7.23071502086019e-05,False,-0.25571368773545416,0.0,0.0,Monitor (low volume)
cac63f48c38cd7d002a7e846dcd99a23,10,4.8,0.0,0.0,1.530902777777778,5.298402777777778,7.226458333333333,938.9000000000001,108.523,0.15464218796976703,SP,toys,2017-11-27 22:26:08,2018-08-18 19:39:10,263,1.1574144486692015,7.184192610516236e-05,False,-1.2785684386772709,0.0,0.0,Monitor (low volume)
69b5eaa096c3f9d1e5c398c597f567d6,2,5.0,0.0,0.0,1.2576388888888888,4.810416666666667,6.575347222222222,938.0,493.51,0.05226012793176973,SP,housewares,2018-08-15 22:27:30,2018-08-25 10:41:50,9,2.0,7.177306069511374e-05,False,-0.25571368773545416,0.0,0.0,Monitor (low volume)
fb3cfbc8a86f5d7fbb4d36b8df63f60d,9,4.333333333333333,0.1111111111111111,0.0,1.3105034722222222,5.90841049382716,7.7605709876543205,937.4000000000001,124.54222222222221,0.2545636910813796,RJ,bed_bath_table,2018-06-11 23:08:00,2018-08-18 15:58:52,67,4.088955223880597,7.1727150421748e-05,False,-0.1507115948095438,0.0,0.0,Monitor (low volume)
79a679c36c08d606b3fd47ead9de109b,3,2.0,0.6666666666666666,0.3333333333333333,5.422222222222222,6.033333333333334,11.681018518518519,935.0,357.4066666666667,0.16119607843137254,SP,drinks,2018-03-02 12:01:02,2018-05-03 17:57:35,62,1.4729032258064516,7.154350932828501e-05,False,1.6164294683968186,503.7871843170085,0.0011535352141565848,Monitor (low volume)
4e06067cc08b3f41d837768d392c3ee3,30,4.2,0.16666666666666666,0.03333333333333333,1.4062996031746031,8.522476851851852,10.446527777777778,934.72,50.23233333333334,1.0329244850205141,MG,perfumery,2017-07-16 15:27:12,2018-08-04 19:38:07,384,2.3781250000000003,7.152208453404767e-05,True,1.1642946839681874,36.276317566624805,8.306287070354927e-05,Invest
0e982cff76cc0579f632cea8a0e38c9d,5,4.6,0.0,0.0,4.208888888888889,4.529166666666667,9.380833333333333,934.52,207.026,0.2950815854405201,SC,musical_instruments,2017-09-26 12:57:49,2018-04-03 07:28:21,188,0.8095744680851064,7.150678110959242e-05,False,-0.6392842193386354,0.0,0.0,Monitor (low volume)
bb135baca94c82fcb731335ad5b04a03,16,3.125,0.375,0.0,3.482291666666667,5.570095486111111,9.201909722222222,930.9,85.014375,0.5855589475845686,SP,furniture_decor,2017-01-21 06:58:31,2018-08-11 16:39:54,567,0.8589770723104057,7.122978912695243e-05,False,3.9542904981163667,230.06556404353285,0.0005267873775884225,Monitor (low volume)
f08c008c8a8d31417763738a1788a2a8,16,3.75,0.1875,0.1875,1.830078125,18.61857638888889,21.426866319444443,930.4000000000001,72.236875,0.2603114677705724,PR,sports_leisure,2017-10-10 23:58:26,2018-01-08 11:44:37,89,5.472359550561798,7.119153056581431e-05,False,0.9542904981163667,55.49199246546673,0.00012706152400325486,Monitor (low volume)
c8025364abeecb115431bf95c11a747f,2,4.5,0.0,0.5,2.4562500000000003,4.748611111111112,7.9625,928.0,485.64,0.046224254202800005,RS,sports_leisure,2018-05-16 19:07:31,2018-08-09 20:57:18,85,0.7162352941176471,7.100788947235133e-05,False,-0.25571368773545416,0.0,0.0,Monitor (low volume)
325f3178fb58e2a9778334621eecdbf9,33,4.575757575757576,0.06060606060606061,0.0,1.7562079124579126,4.4163720538720534,6.621801346801347,927.93,42.015454545454546,0.5533316249742561,SP,perfumery,2017-03-09 10:24:00,2018-01-29 19:18:47,326,3.081349693251534,7.100253327379198e-05,True,-2.219275847634994,0.0,0.0,Invest
20b54c376b794ed028df09a3cd88e8dc,7,3.7142857142857144,0.14285714285714285,0.2857142857142857,10.140575396825398,10.848313492063493,21.161805555555556,927.8699999999999,148.86714285714285,0.12411231672342905,SP,fixed_telephony,2017-09-16 17:56:07,2018-06-15 14:30:59,271,0.7862730627306274,7.09979422464554e-05,False,0.10500209292591037,13.918327423309206,3.186917274744658e-05,Monitor (low volume)
633ecdf879b94b5337cca303328e4a25,5,1.8,0.8,0.6,12.940000000000001,10.723472222222222,23.786388888888887,927.7,200.01399999999998,0.09408883113563257,SP,health_beauty,2017-09-16 02:31:26,2017-09-22 18:11:44,6,5.0,7.098493433566846e-05,False,3.360715780661365,623.5472059439097,0.0014277529920106863,Monitor (low volume)
4b1eaadf791bdbbad8c4a35b65236d52,4,2.0,0.75,0.25,17.9453125,5.151909722222222,23.106770833333336,927.5999999999999,246.2025,0.08396806022622902,SP,consoles_games,2017-03-03 12:25:49,2017-03-18 16:32:13,15,4.0,7.097728262344083e-05,False,2.4885726245290916,577.0999916282963,0.0013214015424691998,Monitor (low volume)
014d9a685fd57276679edd00e07089e5,11,3.727272727272727,0.18181818181818182,0.0,2.0880050505050503,6.8419191919191915,9.15479797979798,926.7399999999999,104.73272727272727,0.25519398713719715,PR,stationery,2017-11-21 13:22:00,2018-08-17 13:13:21,268,1.2494029850746269,7.091147789828326e-05,False,0.5935747174550021,50.008130332204416,0.00011450497576776542,Monitor (low volume)
bc47d5d1490df2b36add65d733eafaba,19,3.789473684210526,0.21052631578947367,0.10526315789473684,2.2155701754385966,10.973976608187135,13.45219298245614,926.3,67.03736842105263,0.556161394015806,SP,sports_leisure,2018-01-15 11:55:33,2018-08-08 14:33:34,205,2.821268292682927,7.087781036448171e-05,False,1.5707199665131852,76.57673184111387,0.00017533982505630084,Monitor (low volume)
2d42ebcda99fd55f6f4bc2f1ca035d50,10,4.3,0.1,0.0,1.2584027777777778,8.046805555555554,9.605,921.5,120.397,0.33228285507776933,GO,small_appliances,2018-06-24 13:21:50,2018-08-08 13:20:45,44,6.918181818181818,7.051052817755577e-05,False,-0.27856843867727077,0.0,0.0,Monitor (low volume)
00720abe85ba0859807595bbf045a33b,12,3.6666666666666665,0.25,0.16666666666666666,3.6264467592592595,8.688483796296296,12.580960648148148,919.3,97.86,0.43666682338610663,SP,housewares,2018-01-27 13:46:31,2018-08-03 16:57:01,188,1.9429787234042555,7.034219050854804e-05,False,1.4657178735872751,112.28620343239851,0.0002571047731172877,Monitor (low volume)
670a9dda115b5a88b18cfadee8de2332,11,4.454545454545454,0.0,0.0,2.415,9.46300505050505,12.298169191919191,918.9000000000001,100.1809090909091,0.20668478450483715,SP,fashion_bags_accessories,2017-08-29 20:13:34,2018-08-16 16:28:13,351,0.953960113960114,7.031158365963755e-05,False,-1.4064252825449979,0.0,0.0,Monitor (low volume)
1caf283236cd69af44cbc09a0a1e7d32,33,4.606060606060606,0.06060606060606061,0.09090909090909091,2.014814814814815,11.360164141414142,13.810479797979799,917.6,46.371212121212125,0.8574687267237647,RJ,toys,2017-04-07 12:07:32,2018-07-26 19:41:13,475,2.114778947368421,7.021211140067843e-05,True,-2.219275847634994,0.0,0.0,Invest
32e5635e63cb374eb63afdd242fb6134,1,5.0,0.0,0.0,3.05625,1.586111111111111,7.309722222222222,910.0,927.82,0.019582417582417584,RJ,small_appliances,2017-08-15 21:29:06,2017-08-15 21:29:06,0,1.0,6.9630581271379e-05,False,-0.12785684386772708,0.0,0.0,Monitor (low volume)
70849ca4f400aaabb62cb7462a6f1428,12,4.416666666666667,0.08333333333333333,0.16666666666666666,3.033622685185185,7.229513888888889,10.915972222222223,909.5799999999999,95.27,0.3885097975538739,MG,musical_instruments,2017-12-14 18:10:22,2018-08-18 23:19:12,247,1.4788663967611337,6.959844408002296e-05,False,-0.5342821264127251,0.0,0.0,Monitor (low volume)
3f9c56764fabca627406093dcb3ef0b4,7,4.714285714285714,0.0,0.0,2.5876984126984124,5.41984126984127,8.48720238095238,909.3000000000001,144.99285714285716,0.11618827669635982,RJ,sports_leisure,2018-01-22 09:47:40,2018-04-24 18:02:40,92,2.316086956521739,6.957701928578563e-05,False,-0.8949979070740895,0.0,0.0,Monitor (low volume)
08d2d642cf72b622b14dde1d2f5eb2f5,16,4.3125,0.0,0.1875,2.8686631944444443,12.235894097222221,15.320659722222222,909.0,75.9475,0.955034807862741,SP,stationery,2017-02-12 21:40:53,2017-12-06 08:31:25,296,1.6454054054054055,6.955406414910276e-05,False,-2.0457095018836333,0.0,0.0,Monitor (low volume)
e5cbe890e679490127e9a390b46bbd20,2,4.5,0.0,0.0,0.6534722222222222,4.86875,5.923958333333333,908.99,468.855,0.031037572395164952,SP,health_beauty,2018-06-11 22:31:34,2018-08-19 20:04:58,68,0.8952941176470588,6.955329897788e-05,False,-0.25571368773545416,0.0,0.0,Monitor (low volume)
e8dba4d70f7f2b20e775d09cae01142d,9,4.333333333333333,0.1111111111111111,0.1111111111111111,0.9885416666666667,7.546990740740741,8.808796296296297,902.9,122.32666666666667,0.24537042054101155,SP,sports_leisure,2018-05-29 21:59:03,2018-08-21 12:20:19,83,3.300722891566265,6.908730970321769e-05,False,-0.1507115948095438,0.0,0.0,Monitor (low volume)
ae45df84722b1d15c5f32b23a095746c,9,4.777777777777778,0.0,0.0,0.729783950617284,6.077777777777778,7.418132716049383,901.8299999999999,118.38777777777779,0.21810863820631854,SP,health_beauty,2018-02-22 18:41:33,2018-08-21 10:19:27,179,1.5305027932960895,6.90054363823821e-05,False,-1.1507115948095437,0.0,0.0,Monitor (low volume)
e1c76f339ebd5460999f25a2aa8c92c5,1,5.0,0.0,0.0,5.126388888888889,23.948611111111113,29.841666666666665,899.9,928.6999999999999,0.032003555950661185,SP,small_appliances,2018-05-12 17:51:47,2018-05-12 17:51:47,0,1.0,6.885775833638896e-05,False,-0.12785684386772708,0.0,0.0,Monitor (low volume)
8c3b533c63cca56240f94f1e3a6b18ef,1,1.0,1.0,1.0,36.60138888888889,29.083333333333332,66.69513888888889,899.8,1247.36,0.3862636141364748,MG,furniture_decor,2017-05-15 00:45:02,2017-05-15 00:45:02,0,1.0,6.885010662416134e-05,False,0.8721431561322729,784.7544118878191,0.0017968735147651472,Monitor (low volume)
b45d7ebfb7378630f1bcd74b6ff86ff7,3,4.333333333333333,0.0,0.0,22.42013888888889,7.27175925925926,29.70023148148148,899.6999999999999,322.7133333333333,0.07606980104479272,MG,unknown,2017-09-03 15:21:44,2017-10-05 15:13:49,31,2.945806451612903,6.884245491193371e-05,False,-0.3835705316031812,0.0,0.0,Monitor (low volume)
7dc9a3355bae96dd82008b313d3a456c,1,5.0,0.0,0.0,7.09375,5.38125,12.48611111111111,899.0,949.62,0.056307007786429365,MG,pet_shop,2018-06-20 07:42:30,2018-06-20 07:42:30,0,1.0,6.878889292634035e-05,False,-0.12785684386772708,0.0,0.0,Monitor (low volume)
e51f22821f0c12a16ad5c020cdcd55e9,4,4.75,0.0,0.0,2.1789930555555554,7.550868055555556,10.323958333333334,898.71,249.21,0.13271320026578087,SP,computers_accessories,2018-05-29 09:23:00,2018-08-07 15:17:28,70,1.7394285714285713,6.876670296088025e-05,False,-0.5114273754709083,0.0,0.0,Monitor (low volume)
63a79f5a7eb5cb48a7e5787b141c7993,11,4.545454545454546,0.0,0.0,2.3269444444444445,3.665593434343434,6.365277777777777,896.8000000000001,101.29181818181819,0.3226278308769992,MG,toys,2018-04-11 12:14:12,2018-07-16 12:34:46,96,3.487916666666667,6.862055525733263e-05,False,-1.4064252825449979,0.0,0.0,Monitor (low volume)
5b664594895aefb418afaee6d40a9a23,15,4.133333333333334,0.13333333333333333,0.0,4.293703703703703,6.15,10.86212962962963,892.1,74.13133333333333,0.2585286636226022,RJ,construction_tools_construction,2017-01-15 10:14:31,2018-08-05 15:20:44,567,0.8052910052910053,6.826092478263429e-05,False,0.08214734198409374,4.885576252267335,1.1186636786082409e-05,Monitor (low volume)
f8201cab383e484733266d1906e2fdfa,10,4.1,0.1,0.2,2.0168055555555555,10.414722222222222,13.045763888888889,889.0,114.48300000000002,0.2860549727328536,SC,cool_stuff,2017-06-17 15:21:29,2018-08-11 19:39:37,420,0.7247619047619048,6.802372170357794e-05,False,-0.27856843867727077,0.0,0.0,Monitor (low volume)
160e4f13fd3a64b1b86807be88b5ffb0,4,4.25,0.25,0.0,7.9612847222222225,6.313020833333333,14.29826388888889,886.0,245.1125,0.10472799378911815,PR,small_appliances,2017-11-15 19:51:30,2018-02-13 19:14:16,89,1.3680898876404495,6.779417033674922e-05,False,0.48857262452909167,108.2188363331938,0.00024779161207648956,Monitor (low volume)
e1dc0754bada9ee4cfe9713f22f61292,12,3.8333333333333335,0.25,0.0,0.825,7.083449074074074,8.281655092592592,885.0,95.815,0.3126735287452199,RJ,baby,2018-06-13 18:23:39,2018-08-20 14:38:06,67,5.451940298507463,6.771765321447298e-05,False,1.4657178735872751,108.09669317706154,0.0002475119375707599,Monitor (low volume)
ffad1e7127fb622cb64a900751590acd,10,4.8,0.0,0.0,2.5719444444444446,4.867986111111111,7.674166666666667,884.3,109.083,0.26223941674019774,SP,furniture_decor,2018-03-13 14:21:08,2018-07-14 17:40:59,123,2.4747967479674795,6.766409122887962e-05,False,-1.2785684386772709,0.0,0.0,Monitor (low volume)
4ebdc7e6cd6102a022dadc49156d4ea8,28,3.892857142857143,0.17857142857142858,0.03571428571428571,4.058779761904762,5.5274801587301585,9.928373015873017,884.2,44.346428571428575,0.4688451365196225,SP,furniture_decor,2017-02-22 10:39:37,2018-07-19 19:38:57,512,1.6646874999999999,6.765643951665199e-05,False,1.4200083717036418,44.84183579501286,0.00010267557069182122,Monitor (low volume)
5b2e94f2c22b39ccc24d34ad0f669672,9,4.888888888888889,0.0,0.1111111111111111,1.3902777777777777,9.085648148148149,10.737268518518517,883.78,137.79555555555555,0.4229833682863545,SP,auto,2018-05-02 14:36:01,2018-08-07 15:10:27,97,2.8243298969072166,6.762430232529597e-05,False,-1.1507115948095437,0.0,0.0,Monitor (low volume)
48985c61529077fa4f1e38bcff0f2ed3,7,4.428571428571429,0.0,0.0,0.9250992063492064,9.321825396825398,10.342757936507937,879.3000000000001,146.7671428571429,0.1714195554842206,RS,health_beauty,2017-01-31 08:37:02,2017-08-01 13:29:51,182,1.1707692307692308,6.728150561749841e-05,False,-0.8949979070740895,0.0,0.0,Monitor (low volume)
973f21788dfab357250f69a8dcb7ddee,9,2.111111111111111,0.6666666666666666,0.5555555555555556,11.73641975308642,11.181867283950616,23.75771604938272,879.0,152.1522222222222,0.9395343915343916,MG,sports_leisure,2017-01-25 15:47:27,2018-05-14 11:48:47,473,0.5791966173361522,6.725855048081554e-05,False,4.849288405190456,473.61383424026786,0.001084446474057367,Monitor (low volume)
3c3017960b2dbd72711a61f0400aab8f,9,3.888888888888889,0.2222222222222222,0.0,0.7361882716049383,11.361342592592592,12.523070987654322,878.9000000000001,123.0688888888889,0.27505178165537486,SC,furniture_decor,2017-01-28 17:57:35,2017-04-05 17:01:38,66,4.15090909090909,6.725089876858792e-05,False,0.8492884051904561,82.93773103576578,0.00018990477787105017,Monitor (low volume)
134a288e7de827ec5ec62e3ec9c3a295,9,4.777777777777778,0.0,0.0,0.7248456790123456,7.746759259259259,9.450154320987654,877.45,111.55555555555556,0.2099883142474463,SP,books_technical,2017-05-01 12:25:44,2017-09-17 21:55:13,139,1.9709352517985612,6.713994894128737e-05,False,-1.1507115948095437,0.0,0.0,Monitor (low volume)
17eea220a40cc0d2c0c5346379682398,3,3.6666666666666665,0.3333333333333333,0.6666666666666666,3.952777777777778,20.717824074074073,25.36481481481481,875.98,317.32666666666665,0.11359851061281516,SP,health_beauty,2017-09-14 10:29:33,2017-09-29 18:39:14,15,3.0,6.702746877154129e-05,False,0.6164294683968187,179.99329524208176,0.00041213554222366587,Monitor (low volume)
4a1f694197d05fe70026b016a7316b41,13,4.538461538461538,0.07692307692307693,0.07692307692307693,1.9939102564102564,6.881570512820512,9.203258547008547,874.78,94.33076923076922,0.3984925278703889,SP,furniture_decor,2018-02-17 01:22:20,2018-08-12 20:10:32,176,2.248409090909091,6.69356482248098e-05,False,-0.662138970280452,0.0,0.0,Monitor (low volume)
3d621842b2ed28e2b474132480edac3c,8,4.625,0.0,0.0,3.7285590277777776,5.833333333333334,9.898958333333333,873.9300000000001,124.6425,0.6349073018802955,SP,auto,2017-08-01 22:04:23,2017-11-30 20:18:51,120,2.0293333333333337,6.6870608670875e-05,False,-1.0228547509418167,0.0,0.0,Monitor (low volume)
efff9341f3f8f5237b44ff67ed36a7bf,5,4.4,0.0,0.0,0.6425,10.473333333333333,11.931805555555556,872.99,194.53,0.25109482215402623,ES,garden_tools,2018-05-01 22:37:30,2018-08-15 19:42:43,105,1.4495238095238097,6.679868257593533e-05,False,-0.6392842193386354,0.0,0.0,Monitor (low volume)
9c690ceacd5c66731bf443ea810195cb,10,4.3,0.1,0.0,1.4161805555555556,5.95625,7.593125000000001,871.8,112.102,0.2918402848231302,MG,garden_tools,2017-08-22 20:06:39,2018-08-06 01:16:56,348,0.8747126436781609,6.67076272004266e-05,False,-0.27856843867727077,0.0,0.0,Monitor (low volume)
04fdea0c111866e6cf812f1570d6b5bd,8,3.5,0.25,0.125,4.722569444444445,13.097222222222223,18.00208333333333,865.0,129.79375,0.21520888157894735,SP,computers_accessories,2017-10-14 09:11:45,2018-01-31 13:57:40,109,2.234128440366973,6.618731076894817e-05,False,0.9771452490581833,105.65383005441608,0.00024191844745616645,Monitor (low volume)
a67780aba9dd436e7ac0aa1f889e73ec,6,3.6666666666666665,0.16666666666666666,0.3333333333333333,6.9959490740740735,14.098726851851852,21.63263888888889,863.0,173.50666666666666,0.2718514280515946,SP,sports_leisure,2017-11-24 12:23:11,2018-08-06 18:03:11,255,0.7162352941176471,6.603427652439569e-05,False,0.23285893679363745,33.492877075484856,7.668955132784473e-05,Monitor (low volume)
41da412d33e8da4f22baf55cb1bde82c,15,4.666666666666667,0.0,0.0,1.6804629629629628,8.071111111111112,10.254444444444443,862.9,82.47066666666666,0.5278894227421267,ES,sports_leisure,2018-01-24 19:13:01,2018-06-20 08:46:31,146,3.127397260273973,6.602662481216806e-05,False,-1.9178526580159063,0.0,0.0,Monitor (low volume)
5011f0d93373a4c5753adf58ca77af8d,11,4.090909090909091,0.09090909090909091,0.09090909090909091,1.7527146464646464,8.73409090909091,10.800631313131312,859.5200000000001,111.19909090909091,0.47108311960280863,SP,food_drink,2017-08-16 11:32:22,2018-05-14 14:34:52,271,1.2355719557195572,6.576799693887437e-05,False,-0.4064252825449979,0.0,0.0,Monitor (low volume)
c4fabeea6e569d42d02993bb1f4f1cbc,11,4.0,0.18181818181818182,0.09090909090909091,4.884848484848485,16.472601010101013,21.726767676767675,859.3000000000001,103.32,0.33502621581753467,CE,baby,2018-01-12 12:45:01,2018-08-07 15:42:52,207,1.617584541062802,6.57511631719736e-05,False,0.5935747174550021,46.36897770082576,0.00010617230903731451,Monitor (low volume)
82cb9f452fe8334df74b22d37824b431,14,4.714285714285714,0.0,0.0,1.8987179487179486,6.124007936507937,8.529017857142858,858.2,86.06785714285715,0.4030811370656576,RS,small_appliances,2018-04-11 10:48:10,2018-08-01 15:01:52,112,3.805,6.566699433746973e-05,False,-1.789995814148179,0.0,0.0,Monitor (low volume)
2c43fb513632d29b3b58df74816f1b06,3,3.6666666666666665,0.3333333333333333,0.0,1.2925925925925925,3.0986111111111114,4.594675925925926,858.0,310.0566666666667,0.1357659099481204,MG,pet_shop,2018-06-20 21:40:18,2018-07-23 20:50:50,32,2.85375,6.565169091301449e-05,False,0.6164294683968187,176.29882796149013,0.00040367622003687896,Monitor (low volume)
bf00385a5f7fc1ef39a13c2e9ee50a5f,28,4.428571428571429,0.07142857142857142,0.0,1.906650641025641,3.6612847222222222,5.772743055555556,855.4,42.473214285714285,0.4795993103532065,SP,electronics,2018-07-03 15:45:08,2018-08-27 19:59:06,55,15.496727272727274,6.545274639509625e-05,False,-1.5799916282963584,0.0,0.0,Monitor (low volume)
9198786624eaeb375793215cad26cfa6,8,4.0,0.25,0.0,5.499045138888889,6.771875,12.97126736111111,854.4,131.5875,0.24437907156863617,SC,furniture_decor,2017-02-02 19:59:34,2018-04-23 20:25:37,445,0.5472359550561797,6.537622927282001e-05,False,0.9771452490581833,104.35911259941398,0.0002389538976954319,Monitor (low volume)
dc7192adf8ba09569261f4a8d576afe0,6,4.333333333333333,0.16666666666666666,0.0,1.561388888888889,4.944791666666666,6.290856481481481,854.0,161.55166666666665,0.15993228850203764,SP,small_appliances_home_oven_and_coffee,2018-08-04 10:41:25,2018-08-22 18:50:34,18,6.0,6.534562242390952e-05,False,0.23285893679363745,33.1435886702944,7.588977616915341e-05,Monitor (low volume)
d101c6da914ae3d53f7bee42283f2fe2,9,3.2222222222222223,0.4444444444444444,0.1111111111111111,1.6863425925925926,10.44537037037037,12.285108024691358,851.1,110.55111111111111,0.17467412005254773,SP,furniture_decor,2017-05-01 17:53:55,2017-05-30 09:27:49,28,9.0,6.512372276930843e-05,False,2.849288405190456,269.4477068508441,0.0006169617407945158,Monitor (low volume)
f783a638e9c6af4a7d0dbfde811e7a81,5,4.0,0.2,0.2,1.5195833333333333,16.112222222222222,17.64625,849.8,200.58,0.19604196966262566,SP,toys,2018-02-04 03:44:01,2018-04-03 16:17:10,58,2.624137931034483,6.50242505103493e-05,False,0.36071578066136467,61.307254081205535,0.00014037688664468868,Monitor (low volume)
1099a00e0ee3a50935e6c2447ca090c5,3,3.6666666666666665,0.3333333333333333,0.3333333333333333,11.151851851851852,3.8784722222222228,15.039583333333333,849.6999999999999,303.60999999999996,0.07142520006780083,RJ,air_conditioning,2017-11-09 18:46:46,2018-01-02 18:05:48,53,1.7230188679245284,6.501659879812169e-05,False,0.6164294683968187,174.59337309892558,0.00039977119366589283,Monitor (low volume)
4221a7df464f1fe2955934e30ff3a5a1,5,4.8,0.0,0.0,4.514444444444445,11.61375,16.56902777777778,849.5,217.808,0.28197763390229547,BA,baby,2018-06-27 20:35:02,2018-08-13 12:29:00,46,3.3086956521739133,6.500129537366644e-05,False,-0.6392842193386354,0.0,0.0,Monitor (low volume)
010da0602d7774602cd1b3f5fb7b709e,1,1.0,1.0,0.0,20.720833333333335,4.394444444444445,26.114583333333332,849.5,1079.75,0.27104178928781636,SP,kitchen_dining_laundry_garden_furniture,2018-06-06 18:37:14,2018-06-06 18:37:14,0,1.0,6.500129537366644e-05,False,0.8721431561322729,740.8856111343658,0.0016964259288652953,Monitor (low volume)
3dbbce181edfaa4a597ec858c382d2ec,17,4.235294117647059,0.11764705882352941,0.11764705882352941,2.9454248366013074,10.570138888888888,14.002205882352941,848.3,75.79823529411765,0.6296702315359148,PR,books_general_interest,2017-04-17 10:11:29,2017-12-11 19:56:32,238,2.1742857142857144,6.490947482693494e-05,False,-0.17356634575136043,0.0,0.0,Monitor (low volume)
fe1b067411b8c5066e962aa146ccee03,8,4.625,0.0,0.0,2.352777777777778,6.061024305555556,8.784461805555555,847.78,123.86,0.1817351386826658,SP,perfumery,2018-07-24 13:41:59,2018-08-21 09:33:04,27,8.0,6.48696859233513e-05,False,-1.0228547509418167,0.0,0.0,Monitor (low volume)
1f867308a0ce13133a4e639ff4de0c02,6,4.666666666666667,0.0,0.0,3.2125000000000004,7.761226851851852,11.090625000000001,847.6,173.90333333333334,1.1003959172392992,PR,housewares,2017-09-25 12:07:37,2018-03-31 01:11:46,186,0.9819354838709677,6.485591284134158e-05,False,-0.7671410632063624,0.0,0.0,Monitor (low volume)
b5abf4f36adc043117b4fca82c22984c,8,3.125,0.375,0.25,12.911371527777778,6.381597222222222,19.701302083333335,847.0,127.21625,0.32943658566460376,DF,bed_bath_table,2017-04-11 12:05:15,2018-08-11 14:35:56,487,0.500041067761807,6.481000256797583e-05,False,1.9771452490581833,209.33025324403516,0.00047930917264732393,Monitor (low volume)
20cb7c2fde3e5bf10f0bbe7394e1c6a9,31,4.096774193548387,0.12903225806451613,0.0967741935483871,1.866644265232975,10.042159498207884,12.36516577060932,844.9999999999999,52.424193548387095,0.9193548387096774,PR,furniture_decor,2017-03-14 19:26:29,2018-08-21 19:23:38,524,1.8008396946564884,6.465696832342334e-05,True,0.036437840100460334,0.9932249962867412,2.2742142802829894e-06,Invest
343e716476e3748b069f980efbaa294e,15,4.266666666666667,0.13333333333333333,0.06666666666666667,5.37162037037037,7.868611111111111,13.574722222222222,843.8,75.51533333333333,0.3482943609232274,SP,books_general_interest,2017-04-19 22:03:31,2018-08-10 08:00:25,477,0.9572327044025157,6.456514777669186e-05,False,0.08214734198409374,4.621061811078553,1.058097087781228e-05,Monitor (low volume)
2b03ac196f5ed62ac483960fe0fa3b65,7,4.142857142857143,0.14285714285714285,0.14285714285714285,1.5083333333333335,11.504365079365082,12.892857142857142,843.1,133.59857142857143,0.1189336055343456,SP,health_beauty,2017-11-10 10:51:55,2018-05-02 10:48:44,172,1.2388372093023257,6.45115857910985e-05,False,0.10500209292591037,12.646752077976434,2.895761210446745e-05,Monitor (low volume)
ddd51ae8cda92f3995a51fc0f0f3eec7,8,4.625,0.0,0.0,1.3391865079365082,6.576388888888889,8.139236111111112,842.7,139.9525,0.40414458695952693,RJ,housewares,2017-01-28 18:30:17,2018-01-16 20:24:56,353,0.68985835694051,6.4480978942188e-05,False,-1.0228547509418167,0.0,0.0,Monitor (low volume)
0791d9fc1e30678ecf03d3e55fa108d3,5,4.0,0.2,0.0,1.472222222222222,6.020694444444445,7.805416666666668,842.0,205.798,0.23693623780349443,MG,housewares,2018-05-15 14:03:08,2018-07-24 16:03:03,70,2.1742857142857144,6.442741695659463e-05,False,0.36071578066136467,60.74453746337381,0.00013908841910429263,Monitor (low volume)
a1544b9ea0b2390e020537d4daa89049,8,3.875,0.125,0.0,1.870138888888889,8.727951388888888,10.9171875,841.2,118.56625,0.1859031201276288,SP,fashion_bags_accessories,2017-02-17 01:16:37,2018-08-16 15:35:40,545,0.44682568807339457,6.436620325877365e-05,False,-0.02285475094181666,0.0,0.0,Monitor (low volume)
a3b42d266fa8afc874b909422ce88582,1,5.0,0.0,0.0,1.1097222222222223,2.3715277777777777,3.5069444444444446,839.4,921.24,0.09749821300929236,SP,computers_accessories,2018-07-31 10:27:34,2018-07-31 10:27:34,0,1.0,6.42284724386764e-05,False,-0.12785684386772708,0.0,0.0,Monitor (low volume)
6e4f5ff6b086632ba8dcb558fb10249e,5,3.4,0.4,0.0,1.1709722222222223,9.27888888888889,10.725555555555555,838.9,210.65,0.2782660273706895,RS,home_appliances_2,2018-02-27 01:52:55,2018-07-19 14:17:07,142,1.0718309859154929,6.419021387753829e-05,False,1.3607157806613646,228.30089367936375,0.0005227467638733133,Monitor (low volume)
eba88037e1dca898cd02881f67ced679,6,4.333333333333333,0.16666666666666666,0.16666666666666666,1.3331018518518518,9.841898148148148,11.490393518518518,838.1,155.26166666666668,0.12628716117612762,SP,stationery,2017-04-26 14:18:33,2018-03-10 17:32:15,318,0.5743396226415094,6.41290001797173e-05,False,0.23285893679363745,32.52651248779126,7.447684005546543e-05,Monitor (low volume)
113e3a788b935f48aad63e1c41dac1bd,38,4.315789473684211,0.05263157894736842,0.05263157894736842,2.311861861861862,10.43141447368421,13.09499269005848,838.03,39.72447368421052,1.2188673829825547,SP,christmas_supplies,2017-07-22 13:30:25,2018-08-17 08:59:55,390,2.9659487179487183,6.412364398115796e-05,True,-2.858560066973629,0.0,0.0,Invest
14ee35374a7876217954b5fa08e50463,6,4.333333333333333,0.0,0.16666666666666666,2.402777777777778,14.655555555555557,17.16701388888889,837.99,158.96333333333334,0.13674632255374536,SP,unknown,2017-10-04 19:55:43,2018-01-17 11:42:31,104,1.7561538461538462,6.412058329626691e-05,False,-0.7671410632063624,0.0,0.0,Monitor (low volume)
b81e3a6c866a764974fe849821abeebd,8,4.625,0.0,0.0,2.6030381944444443,3.1747395833333334,6.141753472222222,836.15,131.62625,0.39073097851657185,SP,housewares,2018-07-14 19:31:09,2018-08-15 22:06:09,32,7.609999999999999,6.397979179127863e-05,False,-1.0228547509418167,0.0,0.0,Monitor (low volume)
28f10b1c5e5abb9d4857745bede6147c,28,4.0,0.17857142857142858,0.21428571428571427,1.4485863095238096,5.873784722222223,7.637276785714286,835.0,42.33642857142858,0.6337485856044546,SP,electronics,2018-04-28 07:47:49,2018-08-17 14:33:23,111,7.678558558558559,6.389179710066095e-05,False,1.4200083717036418,42.34667822759075,9.696234056511052e-05,Monitor (low volume)
297d5eccd19fa9a83b2630071ff105e4,8,5.0,0.0,0.0,0.9022569444444444,5.290104166666667,6.881944444444445,834.97,122.09125,0.16925435729992494,PR,housewares,2018-07-19 22:48:13,2018-08-23 09:35:05,34,7.16235294117647,6.388950158699267e-05,False,-1.0228547509418167,0.0,0.0,Monitor (low volume)
9c7fd21e0aa159b20da593371f08ff7c,7,3.2857142857142856,0.42857142857142855,0.14285714285714285,0.7655753968253968,6.500297619047619,7.3877976190476184,834.53,137.18571428571428,0.19071939546020172,SP,telephony,2018-03-14 09:25:14,2018-08-21 16:50:51,160,1.33175,6.385583405319111e-05,False,2.1050020929259103,250.95534237278,0.0005746192710324379,Monitor (low volume)
1bb3812d5f0747a3ab7348f199001a10,9,4.888888888888889,0.0,0.0,3.282638888888889,8.802700617283952,12.761033950617284,834.4,116.61888888888888,0.47559728144707225,SP,sports_leisure,2017-11-06 23:39:18,2018-08-14 19:46:25,280,0.9784285714285714,6.38458868272952e-05,False,-1.1507115948095437,0.0,0.0,Monitor (low volume)
91543f9849d68d023e17194926598543,4,4.5,0.0,0.0,3.7420138888888888,9.036979166666667,12.869270833333333,834.0,275.14250000000004,0.2771127143840983,SC,furniture_decor,2017-08-04 19:02:19,2018-02-22 17:20:48,201,0.605771144278607,6.381527997838471e-05,False,-0.5114273754709083,0.0,0.0,Monitor (low volume)
c00396cbdd2e088fe4281baa5920aef1,1,5.0,0.0,0.0,6.153472222222222,5.941666666666666,12.104861111111111,832.4100000000001,905.8500000000001,0.08822575413558222,PR,construction_tools_construction,2018-04-04 14:36:46,2018-04-04 14:36:46,0,1.0,6.36936177539655e-05,False,-0.12785684386772708,0.0,0.0,Monitor (low volume)
ec4608a1f76453166bb312b2968aeaf4,15,3.466666666666667,0.26666666666666666,0.2,9.20513888888889,6.508472222222222,16.39935185185185,831.21,111.016,1.057655309943405,SP,furniture_decor,2017-02-22 15:57:47,2017-12-30 02:04:31,310,1.4729032258064516,6.3601797207234e-05,False,2.082147341984094,115.38011280870658,0.0002641889815411662,Monitor (low volume)
9485a23c0430ba1d58d359391606fce6,4,3.75,0.0,0.25,0.6940972222222221,12.713888888888889,13.413541666666667,830.9,221.46499999999997,0.0701960148908693,SP,auto,2017-03-21 13:50:46,2017-12-28 11:05:22,281,0.4333096085409253,6.357807689932836e-05,False,-0.5114273754709083,0.0,0.0,Monitor (low volume)
cb6c9f5888a7a090c75beaf615925792,11,3.8181818181818183,0.18181818181818182,0.09090909090909091,0.8339646464646464,9.11489898989899,10.160290404040405,829.76,102.7409090909091,0.3912536035119064,ES,garden_tools,2018-04-30 06:31:44,2018-08-19 19:12:14,111,3.016576576576577,6.349084737993345e-05,False,0.5935747174550021,44.774959777769325,0.00010252244285674629,Monitor (low volume)
1cd9e0cc1839d55516843def5600816d,5,5.0,0.0,0.0,2.3988888888888886,4.662083333333333,7.78125,825.0,185.344,0.13665922381711854,SP,bed_bath_table,2018-06-18 13:34:26,2018-08-19 15:43:09,62,2.454838709677419,6.312662587789854e-05,False,-0.6392842193386354,0.0,0.0,Monitor (low volume)
51e4e89242cbb846c2deff3dc015650e,16,4.625,0.0,0.0,1.5793055555555555,7.5152777777777775,9.213585069444445,822.58,73.484375,0.4998396576174915,RS,garden_tools,2018-04-04 16:32:31,2018-08-20 17:16:49,138,3.5292753623188404,6.294145444199004e-05,False,-2.0457095018836333,0.0,0.0,Monitor (low volume)
334cab711dee080b079fa5779b584783,10,4.9,0.0,0.0,0.9613715277777778,7.108541666666666,8.731874999999999,822.0,111.50399999999999,0.5090503864872602,SP,furniture_decor,2018-04-08 13:05:27,2018-08-09 18:06:43,123,2.4747967479674795,6.289707451106982e-05,False,-1.2785684386772709,0.0,0.0,Monitor (low volume)
81783131d2a97c8d44d406a4be81b5d9,8,4.5,0.125,0.125,2.5269841269841273,4.800520833333334,7.253993055555555,821.74,120.69749999999999,0.1754926913256855,SP,toys,2018-07-27 13:06:11,2018-08-15 10:06:15,18,8.0,6.2877180059278e-05,False,-0.02285475094181666,0.0,0.0,Monitor (low volume)
28ea411b354f14b1a494be4e79f0ce02,6,4.666666666666667,0.0,0.16666666666666666,1.982175925925926,6.912268518518519,8.916898148148148,820.0,149.48833333333332,0.09529023714153025,SP,bed_bath_table,2017-02-28 13:40:03,2018-01-30 16:34:50,336,0.5435714285714286,6.274404026651734e-05,False,-0.7671410632063624,0.0,0.0,Monitor (low volume)
0aa2205ca24f113f4658a5c536667426,4,4.0,0.25,0.0,1.799826388888889,6.585416666666667,8.793576388888889,815.62,247.025,0.29508372996746934,SP,stationery,2018-04-18 11:16:54,2018-08-14 17:39:49,118,1.0318644067796612,6.24088952709474e-05,False,0.48857262452909167,99.62240100460444,0.00022810812036323525,Monitor (low volume)
dc64d75cc406bb0697be983831430e60,4,4.75,0.0,0.0,0.47673611111111114,9.605381944444444,10.21267361111111,813.0,226.3875,0.11150792847503374,MG,computers_accessories,2018-05-22 15:15:50,2018-08-16 09:41:52,85,1.4324705882352942,6.220842041058365e-05,False,-0.5114273754709083,0.0,0.0,Monitor (low volume)
a1bea7061f61f6fdd9a85a6325ba1033,9,4.444444444444445,0.0,0.1111111111111111,1.1966049382716049,3.1656635802469135,4.491512345679013,810.95,101.2088888888889,0.20851571353869355,SP,telephony,2018-06-27 11:26:01,2018-08-26 13:26:12,60,4.566000000000001,6.205156030991737e-05,False,-1.1507115948095437,0.0,0.0,Monitor (low volume)
725af026f869236a8dd0ceb98564d156,5,4.4,0.0,0.0,4.883611111111111,8.675416666666667,13.673055555555555,810.72,187.334,0.21974535154786196,MG,housewares,2017-10-22 11:20:45,2018-06-01 21:48:43,222,0.6855855855855856,6.203396137179383e-05,False,-0.6392842193386354,0.0,0.0,Monitor (low volume)
5996cddab893a4652a15592fb58ab8db,1,5.0,0.0,0.0,,4.075694444444444,5.080555555555556,810.0,880.75,0.08734567901234568,SP,garden_tools,2018-07-04 12:08:27,2018-07-04 12:08:27,0,1.0,6.197886904375494e-05,False,-0.12785684386772708,0.0,0.0,Monitor (low volume)
700f03c207639c22d933381ff60b35c2,3,3.6666666666666665,0.3333333333333333,0.6666666666666666,14.145833333333334,12.164120370370371,26.32476851851852,809.88,303.54333333333335,0.11045809722624546,SP,pet_shop,2017-11-09 13:34:55,2017-11-29 17:43:31,20,3.0,6.196968698908178e-05,False,0.6164294683968187,166.41129928840516,0.0003810364767872582,Monitor (low volume)
bd4431c1a8dfa744b59e1e2a8bc99b9e,7,4.571428571428571,0.0,0.0,0.8069444444444445,6.226488095238095,7.12172619047619,809.5,144.79857142857142,0.2742275852350113,RJ,health_beauty,2018-04-05 22:09:05,2018-08-14 12:35:00,130,1.639076923076923,6.194061048261682e-05,False,-0.8949979070740895,0.0,0.0,Monitor (low volume)
ba5daa4041e1f15cdf34b76e3e18a450,15,4.266666666666667,0.13333333333333333,0.0,1.6291666666666667,3.9540277777777777,5.692175925925926,806.8000000000001,63.95666666666667,0.25421161453715874,SP,toys,2018-02-03 12:38:58,2018-08-20 11:16:03,197,2.317766497461929,6.173401425247096e-05,False,0.08214734198409374,4.418431700851122,1.011700320481032e-05,Monitor (low volume)
e73bf2cea7fe4b0b4d287a7568ed1099,4,5.0,0.0,0.0,0.8951388888888889,4.354513888888889,5.497222222222222,804.9,230.4575,0.14518673880600175,SC,construction_tools_construction,2018-07-29 19:40:38,2018-08-26 10:48:04,27,4.0,6.15886317201461e-05,False,-0.5114273754709083,0.0,0.0,Monitor (low volume)
a72c2f59332659e361d647515c698798,5,4.8,0.0,0.0,2.296111111111111,7.462083333333334,10.203333333333333,802.9,186.786,0.1756723379684323,RS,pet_shop,2018-01-14 17:09:25,2018-07-16 21:37:24,183,0.8316939890710383,6.143559747559361e-05,False,-0.6392842193386354,0.0,0.0,Monitor (low volume)
11eac105f3f90a9b87b19c89d91e24f3,5,3.6,0.2,0.0,2.470277777777778,6.446111111111111,9.12375,802.89,185.56599999999997,0.15887393372737818,SP,cool_stuff,2017-05-24 10:21:15,2017-07-12 17:17:00,49,3.1061224489795918,6.143483230437086e-05,False,0.36071578066136467,57.92301862704062,0.00013262791070622985,Monitor (low volume)
ba6b4a237f92479743cf0ca06b67a9ac,8,4.25,0.125,0.125,1.8821180555555557,10.32595486111111,12.598958333333334,801.89,114.21375,0.18671723520057892,RJ,computers_accessories,2018-01-17 08:46:59,2018-08-03 18:35:52,198,1.22989898989899,6.135831518209462e-05,False,-0.02285475094181666,0.0,0.0,Monitor (low volume)
6a8a889bde935bafa76d7848782dfaf9,25,4.16,0.08,0.08,1.4005208333333332,6.469861111111111,8.129916666666666,799.84,45.7472,0.4412900202279875,SP,small_appliances,2018-03-21 14:04:40,2018-06-04 07:25:50,74,10.283783783783784,6.120145508142832e-05,False,-1.196421096693177,0.0,0.0,Monitor (low volume)
253f95b3a0e6983ae18aed49fbc2b845,5,4.4,0.0,0.0,2.1425,6.79263888888889,9.206944444444444,799.5,178.18800000000002,0.13436454319960078,SP,auto,2018-03-21 08:26:56,2018-06-11 11:52:05,82,1.8560975609756099,6.117543925985441e-05,False,-0.6392842193386354,0.0,0.0,Monitor (low volume)
13511db12ac61e2f89c53b72a944a60b,6,3.5,0.3333333333333333,0.16666666666666666,2.7468749999999997,6.096875000000001,9.17025462962963,798.0,177.32833333333335,0.33277090164036766,RS,auto,2018-04-23 13:50:35,2018-08-18 19:15:41,117,1.5610256410256411,6.106066357644004e-05,False,1.2328589367936373,163.97023859355377,0.00037544711374059376,Monitor (low volume)
10076e5788b8ee532724bcd460baf762,22,4.590909090909091,0.045454545454545456,0.045454545454545456,1.4543320105820106,8.720391414141414,10.269665404040403,797.48,52.85181818181818,0.5034927324456795,SP,baby,2017-05-11 17:19:02,2018-07-24 16:05:58,438,1.5289497716894977,6.10208746728564e-05,False,-1.8128505650899958,0.0,0.0,Monitor (low volume)
365e4bce19bda0082c3d15d83fdb8bcd,6,4.666666666666667,0.0,0.0,1.650810185185185,8.67488425925926,10.377430555555556,796.4,149.17,0.23189316843443164,SP,sports_leisure,2018-01-22 13:52:39,2018-06-29 23:18:47,158,1.1559493670886076,6.0938236180798055e-05,False,-0.7671410632063624,0.0,0.0,Monitor (low volume)
e250d617a0ad591ba9bd663e584a895d,7,3.857142857142857,0.2857142857142857,0.0,1.330654761904762,8.052579365079366,9.780853174603175,795.88,149.34714285714287,0.5612529495581154,SP,furniture_decor,2018-02-26 19:29:46,2018-08-21 10:47:37,175,1.2176,6.089844727721441e-05,False,1.1050020929259103,125.63558081683907,0.0002876712054907001,Monitor (low volume)
5a05a16bb50629ee31afab8a6d4c2674,14,4.214285714285714,0.07142857142857142,0.07142857142857142,1.8829594017094018,5.00858134920635,7.039980158730159,794.3,76.82000000000001,0.3619596116138463,RS,housewares,2018-03-06 17:45:41,2018-07-02 17:52:02,118,3.6115254237288137,6.077755022401795e-05,False,-0.7899958141481792,0.0,0.0,Monitor (low volume)
e3a386fc36e22064434e1fa256f6a9fa,16,4.1875,0.125,0.1875,1.4819010416666667,7.971744791666667,10.068446180555556,793.9,65.44687499999999,0.33320864269589545,SP,health_beauty,2018-01-23 17:08:56,2018-08-16 06:29:04,204,2.387450980392157,6.0746943375107453e-05,False,-0.04570950188363332,0.0,0.0,Monitor (low volume)
0d4c8269e7f0401201794deef160edd6,3,3.6666666666666665,0.3333333333333333,0.0,2.7351851851851854,14.328472222222222,17.42013888888889,792.64,297.3433333333333,0.1085206075139864,SP,auto,2017-10-17 22:36:32,2017-11-07 17:17:18,20,3.0,6.065053180103939e-05,False,0.6164294683968187,162.8688846100181,0.00037292531357812557,Monitor (low volume)
52956b80ae65fda598f06f6b9943e7a9,3,4.0,0.0,0.3333333333333333,14.566898148148148,11.030787037037037,25.609259259259257,792.0,286.28333333333336,0.08440656565656564,PR,perfumery,2018-05-07 21:04:51,2018-05-31 16:24:49,23,3.0,6.06015608427826e-05,False,-0.3835705316031812,0.0,0.0,Monitor (low volume)
8fdca8e349553f99bc738833a62c8802,20,4.15,0.1,0.05,1.7026388888888888,8.425729166666667,10.446805555555555,791.36,57.303,0.7331901586323669,SP,electronics,2017-02-08 21:38:50,2017-08-09 10:26:30,181,3.36353591160221,6.055258988452581e-05,False,-0.5571368773545415,0.0,0.0,Monitor (low volume)
515d781150feed28a6ac091bb0e3cb8c,5,4.0,0.0,0.0,0.6652777777777777,9.202361111111111,10.332777777777778,789.95,183.35,0.1606345367660938,MS,cool_stuff,2017-04-25 19:35:54,2017-05-11 15:19:44,15,5.0,6.044470074211631e-05,False,-0.6392842193386354,0.0,0.0,Monitor (low volume)
134b867a0f7f8bbe6abf10f91874891e,1,4.0,0.0,0.0,3.4881944444444444,9.020833333333334,12.933333333333334,789.89,922.8399999999999,0.16831457544721415,SP,auto,2018-04-19 22:04:20,2018-04-19 22:04:20,0,1.0,6.044010971477973e-05,False,-0.12785684386772708,0.0,0.0,Monitor (low volume)
f9eedec3129e8cc6b6429c42d0808c5b,2,4.5,0.0,0.0,0.6840277777777778,6.0628472222222225,6.757638888888889,789.8,416.575,0.05825506716856033,RJ,watches_gifts,2018-07-24 21:30:17,2018-07-26 00:39:18,1,2.0,6.0433223173774866e-05,False,-0.25571368773545416,0.0,0.0,Monitor (low volume)
2305ab43e846518f58dd9d59f3f54e96,3,3.6666666666666665,0.3333333333333333,0.0,3.3530092592592595,8.411111111111111,11.829166666666666,788.89,277.08666666666664,0.05422603912429728,SP,perfumery,2018-04-24 13:42:07,2018-06-18 14:46:06,55,1.6603636363636365,6.036359259250349e-05,False,0.6164294683968187,162.09834777452207,0.00037116099443460773,Monitor (low volume)
3492e68f37fd1df87f4f2f2ea247f445,8,3.875,0.25,0.125,1.7894965277777777,6.651215277777777,9.321440972222222,787.86,119.6575,0.2784507956304799,SP,auto,2018-05-09 22:09:32,2018-08-08 19:53:48,90,2.705777777777778,6.028477995655897e-05,False,0.9771452490581833,96.23170699037254,0.00022034435608417953,Monitor (low volume)
da03c298e3999e9d828591fc2179d109,4,4.75,0.0,0.0,3.6177083333333333,5.84375,9.591145833333334,787.7,210.62,0.07308309880087849,SP,food,2017-12-04 21:12:17,2018-02-28 16:31:10,85,1.4324705882352942,6.027253721699477e-05,False,-0.5114273754709083,0.0,0.0,Monitor (low volume)
1cbd50a8c52e6cf8e315c5709fab386f,9,3.7777777777777777,0.1111111111111111,0.1111111111111111,1.53858024691358,16.205787037037037,19.024845679012348,785.97,111.85111111111112,0.4973915546246124,PR,telephony,2018-01-23 12:49:41,2018-07-20 12:28:34,177,1.5477966101694915,6.014016259545687e-05,False,-0.1507115948095438,0.0,0.0,Monitor (low volume)
9d681c7e12db302cb261e721040dde65,13,4.923076923076923,0.0,0.0,1.65625,6.774572649572649,9.30400641025641,785.6,81.43692307692308,0.4125123255514547,PR,sports_leisure,2018-05-21 18:18:25,2018-08-16 16:19:13,86,4.601395348837209,6.011185126021466e-05,False,-1.662138970280452,0.0,0.0,Monitor (low volume)
9535a841eecebed61a9fb1ac1cbb5597,2,3.0,0.5,0.0,0.934375,7.566319444444445,9.502777777777776,784.9,409.165,0.05658017745795608,SP,garden_tools,2017-01-26 16:25:36,2017-02-10 10:34:36,14,2.0,6.005828927462129e-05,False,0.7442863122645458,292.09516324822096,0.000668818237503275,Monitor (low volume)
de09d00cfc265b8804c7df34075a68fa,3,3.3333333333333335,0.3333333333333333,0.0,1.3185185185185186,4.803472222222222,6.152546296296296,784.0,275.99,0.06071570707615589,SP,fashion_bags_accessories,2017-10-15 10:29:07,2018-05-07 15:48:42,204,0.44764705882352945,5.998942386457268e-05,False,0.6164294683968187,161.09356774103526,0.0003688603222714605,Monitor (low volume)
6b9b80d53ba3676eafe60268a810b5a1,9,4.222222222222222,0.1111111111111111,0.0,2.8810956790123456,9.105478395061729,12.041898148148148,783.7,104.5788888888889,0.23244174052702832,SP,sports_leisure,2017-02-01 08:42:45,2017-08-28 20:36:01,208,1.3171153846153847,5.99664687278898e-05,False,-0.1507115948095438,0.0,0.0,Monitor (low volume)
d4f117125b59ce73c3302f88ee40c458,17,4.823529411764706,0.0,0.0,1.6483796296296296,5.7572712418300656,7.728635620915033,783.29,58.74176470588235,0.27659597222103677,SP,health_beauty,2017-12-05 19:02:08,2018-08-12 15:55:36,249,2.078232931726908,5.9935096707756543e-05,False,-2.1735663457513605,0.0,0.0,Monitor (low volume)
ef30892870c278497523264be1be2241,9,4.555555555555555,0.1111111111111111,0.0,1.6301697530864196,6.4380401234567906,8.07986111111111,783.2,99.1711111111111,0.2137346803636408,SP,stationery,2017-12-05 21:18:13,2018-01-31 18:59:31,56,4.892142857142858,5.9928210166751684e-05,False,-0.1507115948095438,0.0,0.0,Monitor (low volume)
52a52b9f656520e99716f5bc40f661c8,7,4.0,0.2857142857142857,0.0,3.7424603174603175,6.9341269841269835,10.714484126984127,783.1,133.03142857142856,0.19678521786083666,SP,furniture_decor,2018-04-29 18:49:23,2018-07-28 13:11:22,89,2.3941573033707866,5.992055845452406e-05,False,1.1050020929259103,123.61816271004007,0.00028305186839695345,Monitor (low volume)
41c2bad7229b0c25e6becf179ebf63ff,20,4.95,0.0,0.0,1.1997916666666666,2.8449999999999998,4.693472222222222,782.0,48.596,0.24280882352941177,RN,books_general_interest,2017-11-27 23:23:49,2018-07-20 21:11:30,234,2.601709401709402,5.9836389620020194e-05,False,-2.5571368773545418,0.0,0.0,Monitor (low volume)
11742f81550ac064cc9a40f67151d9ad,2,5.0,0.0,0.0,3.1006944444444446,5.492708333333333,9.094791666666666,781.9,415.505,0.06297113231862718,SP,air_conditioning,2018-08-02 14:41:02,2018-08-17 19:00:16,15,2.0,5.9828737907792565e-05,False,-0.25571368773545416,0.0,0.0,Monitor (low volume)
70bf57d811208f8923b41bbd499a67a4,7,4.142857142857143,0.14285714285714285,0.0,2.0337301587301586,2.7091269841269843,4.817460317460317,780.8000000000001,124.24714285714286,0.12280091041890907,SP,cool_stuff,2018-06-26 20:41:56,2018-08-27 17:24:25,61,3.4931147540983605,5.974456907328871e-05,False,0.10500209292591037,11.712233450935832,2.6817819394102937e-05,Monitor (low volume)
e560e4022d8f7aebf155db95946c5c0f,2,5.0,0.0,0.0,1.6392361111111111,8.167361111111111,10.134375,780.0,435.105,0.11565384615384615,MG,cool_stuff,2018-06-12 11:26:51,2018-07-11 20:39:58,29,2.0,5.968335537546771e-05,False,-0.25571368773545416,0.0,0.0,Monitor (low volume)
6524b847b982cd56bb5d4b02b776ee42,1,4.0,0.0,1.0,5.44375,35.047916666666666,42.330555555555556,779.8,834.9399999999999,0.07071043857399334,SP,computers_accessories,2018-02-14 11:42:55,2018-02-14 11:42:55,0,1.0,5.966805195101246e-05,False,-0.12785684386772708,0.0,0.0,Monitor (low volume)
4deebb3199eeafb282ae33229144f94b,4,4.0,0.25,0.25,5.376909722222223,4.409548611111111,10.159548611111111,779.7,230.3725,0.2016116775202866,SP,signaling_and_security,2018-01-14 18:19:35,2018-07-28 13:14:25,194,0.6276288659793815,5.9660400238784845e-05,False,0.48857262452909167,95.2350188363332,0.00021806221211742542,Monitor (low volume)
5a413ade68e8f8d93071a7f52a64cb9e,14,4.642857142857143,0.07142857142857142,0.14285714285714285,0.5021825396825397,3.1785218253968255,4.11860119047619,778.9,66.61928571428571,0.1983144416807336,SP,health_beauty,2018-08-08 07:11:24,2018-08-29 08:25:34,21,14.0,5.9599186540963845e-05,False,-0.7899958141481792,0.0,0.0,Monitor (low volume)
817f85dbb65aa3e70831d90fe75cdf89,5,4.8,0.0,0.0,2.150138888888889,4.491805555555556,6.765000000000001,778.87,178.494,0.15269820101814108,SP,baby,2017-01-19 09:59:49,2017-03-15 12:25:24,55,2.7672727272727276,5.959689102729556e-05,False,-0.6392842193386354,0.0,0.0,Monitor (low volume)
68f86ba270525243e68ae74044f992b9,10,4.5,0.0,0.1,1.4649305555555556,8.513819444444445,10.094583333333333,777.5,96.42,0.28406552075290714,RJ,health_beauty,2017-08-21 16:49:22,2018-07-30 11:58:55,342,0.8900584795321638,5.949206256977711e-05,False,-1.2785684386772709,0.0,0.0,Monitor (low volume)
d66c11a9572221d92fbb8c4897db5f9b,16,4.5625,0.0,0.0,1.6286574074074074,6.6520399305555555,8.548741319444444,776.56,72.77375,0.6503542869914136,RJ,electronics,2018-06-23 22:12:28,2018-08-22 18:36:40,59,8.25491525423729,5.9420136474837437e-05,False,-2.0457095018836333,0.0,0.0,Monitor (low volume)
74636e24f01da9268b0ed88dacd8513e,4,4.0,0.25,0.25,0.7326388888888888,12.382118055555557,13.129166666666666,776.0,262.15250000000003,0.3545321004531531,SP,housewares,2018-04-25 14:50:27,2018-08-14 07:54:20,110,1.106909090909091,5.937728688636275e-05,False,0.48857262452909167,94.78308915864379,0.00021702741644622563,Monitor (low volume)
5c3460cd3e8a984382ae254e7dd20d9f,9,4.666666666666667,0.0,0.0,1.2029320987654322,8.547608024691359,9.911111111111111,775.76,108.25555555555555,0.31485787171653645,SP,baby,2018-02-23 21:00:11,2018-08-16 15:40:31,173,1.5835838150289017,5.935892277701645e-05,False,-1.1507115948095437,0.0,0.0,Monitor (low volume)
d9442042130b7fe579d1295f9f4a248f,19,4.368421052631579,0.10526315789473684,0.05263157894736842,4.355519005847953,6.1230994152046785,10.679897660818714,772.16,58.47578947368421,0.45260682901089555,SP,housewares,2017-04-23 00:17:47,2017-09-11 20:01:57,141,4.101843971631205,5.908346113682198e-05,False,-0.42928003348681465,0.0,0.0,Monitor (low volume)
ad273c9eb54ecb4532de4bf75bae9e4e,9,4.0,0.1111111111111111,0.0,3.7114969135802465,8.697299382716048,12.855555555555556,771.79,107.60111111111111,0.288480743811806,PR,housewares,2017-03-01 11:31:23,2018-08-09 01:14:45,525,0.5218285714285715,5.9055149801579774e-05,False,-0.1507115948095438,0.0,0.0,Monitor (low volume)
e644cbadf7eeb30d0d29f335ce7d52ec,7,4.0,0.0,0.0,1.3568287037037037,4.951289682539683,6.8809523809523805,768.91,132.86142857142858,0.24226953607014398,SP,sports_leisure,2018-07-03 09:10:24,2018-08-21 23:14:33,49,4.348571428571429,5.88347804894242e-05,False,-0.8949979070740895,0.0,0.0,Monitor (low volume)
0ff83046c3fa22efee8ecf291888b191,10,4.8,0.0,0.0,3.5763888888888893,8.655416666666666,12.54375,768.9000000000001,102.33800000000001,0.34472103004291843,RS,sports_leisure,2017-04-01 18:33:06,2018-04-01 22:36:20,365,0.8339726027397261,5.8834015318201446e-05,False,-1.2785684386772709,0.0,0.0,Monitor (low volume)
4a1917ef994878940e1fb03eeb787ad7,2,3.0,0.5,0.0,1.7694444444444444,7.690625000000001,10.30625,768.0,423.30999999999995,0.10861112009051237,DF,fixed_telephony,2018-06-19 16:41:53,2018-07-26 10:31:00,36,1.691111111111111,5.8765149908152824e-05,False,0.7442863122645458,285.8059439095856,0.0006544176409765771,Monitor (low volume)
562f8cfc51f265411f487d07e9c40e7f,13,4.538461538461538,0.0,0.15384615384615385,3.8110042735042735,10.125213675213674,14.032532051282052,766.9200000000001,74.32692307692308,0.26988018296039124,MG,cool_stuff,2017-10-18 12:20:20,2018-05-07 18:58:49,201,1.9687562189054728,5.868251141609449e-05,False,-1.662138970280452,0.0,0.0,Monitor (low volume)
0b36063d5818f81ccb94b54adfaebbf5,1,5.0,0.0,0.0,1.667361111111111,12.843055555555555,14.544444444444444,765.0,783.0,0.02352941176470588,SC,garden_tools,2017-01-30 21:44:49,2017-01-30 21:44:49,0,1.0,5.85355985413241e-05,False,-0.12785684386772708,0.0,0.0,Monitor (low volume)
5acd070dd3fe441bbb2ec1f1ede515ee,7,3.0,0.42857142857142855,0.42857142857142855,1.3476190476190477,24.619047619047617,26.112400793650796,764.17,126.62428571428572,0.4168618315749661,SP,unknown,2017-11-24 16:24:26,2018-02-25 14:01:00,92,2.316086956521739,5.847208932983482e-05,False,2.1050020929259103,229.79706419302755,0.0005261725861800751,Monitor (low volume)
2063dd1b9f568df1c16741ea7d3e6adb,3,5.0,0.0,0.0,1.2094907407407407,11.431944444444445,12.651620370370372,763.1,273.42333333333335,0.08461274953595398,PR,furniture_decor,2017-03-05 20:31:56,2017-11-15 21:27:34,255,0.35811764705882354,5.839021600899924e-05,False,-0.3835705316031812,0.0,0.0,Monitor (low volume)
39c763cca83e654764b7a4a650fb9b7c,11,3.8181818181818183,0.2727272727272727,0.18181818181818182,2.0416035353535356,11.15239898989899,13.490656565656565,761.0,89.47363636363637,0.3127153675016865,GO,sports_leisure,2017-09-14 20:57:31,2018-07-27 20:36:45,315,1.0629841269841271,5.822953005221914e-05,False,1.593574717455002,110.24639636211423,0.0002524341714050816,Monitor (low volume)
a56e351445e5863fc8960640ba9190c7,3,4.333333333333333,0.0,0.3333333333333333,1.9564814814814817,9.577777777777778,11.723148148148148,760.9200000000001,275.32666666666665,0.0989905336864747,SC,construction_tools_safety,2018-04-06 21:36:54,2018-04-27 14:04:53,20,3.0,5.822340868243705e-05,False,-0.3835705316031812,0.0,0.0,Monitor (low volume)
ca77545ca4d2dfd1431bf61334e2fa3c,6,4.666666666666667,0.0,0.0,2.0756944444444443,11.032407407407407,13.23935185185185,760.0,162.285,0.27461607454085324,PR,sports_leisure,2018-01-02 09:37:13,2018-04-24 15:34:22,112,1.6307142857142858,5.81530129299429e-05,False,-0.7671410632063624,0.0,0.0,Monitor (low volume)
07de60b03d150fb3ea09eab5da5e4c8b,9,4.333333333333333,0.1111111111111111,0.1111111111111111,1.1657407407407407,12.175231481481482,13.419675925925926,759.0,104.19444444444446,0.2400600712022055,SP,bed_bath_table,2018-01-31 23:06:27,2018-08-18 20:44:06,198,1.3836363636363638,5.8076495807666656e-05,False,-0.1507115948095438,0.0,0.0,Monitor (low volume)
7c51de0ab286204ce75ff42bf7c10d92,4,4.5,0.0,0.0,0.9421875000000001,8.569965277777778,9.790104166666667,759.0,227.16,0.19033921609579504,SC,health_beauty,2018-07-22 10:11:35,2018-08-12 17:52:19,21,4.0,5.8076495807666656e-05,False,-0.5114273754709083,0.0,0.0,Monitor (low volume)
caa9bc43a9fe8cf9c564ddd8a03cc4a6,12,4.666666666666667,0.0,0.08333333333333333,2.0728009259259257,5.639293981481482,8.378587962962962,758.88,80.89083333333333,0.3901186294650691,SP,toys,2018-04-16 13:04:33,2018-08-27 18:50:06,133,2.746466165413534,5.806731375299351e-05,False,-1.5342821264127249,0.0,0.0,Monitor (low volume)
c1ed9e3daf6154542826a6996af0fb8c,8,4.25,0.125,0.125,5.144270833333334,10.531684027777779,16.930381944444445,757.5,131.25875,0.5580875214632203,SC,computers_accessories,2017-08-15 20:57:47,2018-03-02 15:27:23,198,1.22989898989899,5.79617201242523e-05,False,-0.02285475094181666,0.0,0.0,Monitor (low volume)
458c6fa920810ce2492da71bc26d9eec,2,2.5,0.5,0.0,4.838541666666666,20.54861111111111,25.402083333333334,756.76,431.185,0.1395554733336857,SP,health_beauty,2017-12-12 12:05:08,2017-12-21 15:09:09,9,2.0,5.790509745376788e-05,False,0.7442863122645458,281.62305483465883,0.0006448399661268677,Monitor (low volume)
cf654707ed6a99f112c7ec3d6f314b8b,3,4.666666666666667,0.0,0.0,3.695138888888889,1.2145833333333333,5.250694444444444,756.0,263.18,0.044708994708994705,SP,fashion_bags_accessories,2018-05-14 08:59:51,2018-08-14 21:18:48,92,0.9926086956521739,5.7846944440837935e-05,False,-0.3835705316031812,0.0,0.0,Monitor (low volume)
6d22a1fcebb6dd08c9cd90b92a93e8d0,12,4.25,0.08333333333333333,0.0,2.733333333333333,12.299074074074076,15.403935185185185,753.6,82.3275,0.3726253970604542,SC,health_beauty,2017-08-27 23:06:38,2018-01-26 14:27:45,151,2.419072847682119,5.766330334737496e-05,False,-0.5342821264127251,0.0,0.0,Monitor (low volume)
21c62b998a043ebe31161d38f84929fc,4,4.5,0.0,0.0,2.871354166666667,10.415972222222223,13.303125,750.49,210.3325,0.12563244165543566,CE,auto,2018-07-16 17:15:06,2018-08-08 22:21:23,23,4.0,5.742533509709585e-05,False,-0.5114273754709083,0.0,0.0,Monitor (low volume)
61c36f0fc4a47f9532e5512b66668e62,1,1.0,1.0,0.0,3.4090277777777778,8.875,12.313888888888888,750.0,767.69,0.02358666666666667,SP,watches_gifts,2018-03-30 09:27:22,2018-03-30 09:27:22,0,1.0,5.7387841707180495e-05,False,0.8721431561322729,654.1073670992047,0.001497727423954057,Monitor (low volume)
9dc79dd988ac42f4d56c340d7048420a,4,4.75,0.0,0.0,0.9800347222222223,5.526388888888889,6.521701388888889,749.6,210.98250000000002,0.12219133399441247,SP,health_beauty,2018-08-09 09:30:59,2018-08-27 15:18:45,18,4.0,5.735723485827e-05,False,-0.5114273754709083,0.0,0.0,Monitor (low volume)
a0d7fbb07bb5ebc3b05980e750db56f3,2,3.0,0.5,0.0,0.7815972222222223,13.716666666666669,16.931944444444447,749.0,471.24,0.21810905811623243,SP,furniture_decor,2018-05-04 00:28:43,2018-05-09 16:08:20,5,2.0,5.731132458490425e-05,False,0.7442863122645458,278.7352239430724,0.0006382276212128336,Monitor (low volume)
fd435faa3c0422b60440ea3480d0e77c,1,5.0,0.0,0.0,1.65625,7.538194444444445,9.46875,749.0,882.87,0.17873164218958612,PB,electronics,2018-08-20 07:36:53,2018-08-20 07:36:53,0,1.0,5.731132458490425e-05,False,-0.12785684386772708,0.0,0.0,Monitor (low volume)
191d55f7edb8524d525ed01b20fe32e8,3,2.3333333333333335,0.6666666666666666,0.3333333333333333,6.4810185185185185,16.034953703703703,22.52916666666667,747.0,270.93333333333334,0.08808567603748325,DF,furniture_mattress_and_upholstery,2017-11-27 23:57:41,2018-01-18 00:19:41,51,1.7905882352941178,5.715829034035177e-05,False,1.6164294683968186,402.4909376308078,0.000921594443823496,Monitor (low volume)
ba6ce6de456f6c11d08c17701ba5c26f,6,4.166666666666667,0.16666666666666666,0.16666666666666666,6.000694444444444,6.188194444444444,12.412731481481481,744.35,145.75166666666667,0.1761850262919409,SP,sports_leisure,2018-02-15 17:02:21,2018-07-23 19:41:14,158,1.1559493670886076,5.6955519966319736e-05,False,0.23285893679363745,28.888091600390673,6.614584881909758e-05,Monitor (low volume)
e8a85b5f3df47be0984c55fd4064dbb4,8,4.5,0.125,0.125,4.165538194444444,5.765451388888889,10.680989583333334,743.0,120.74875,1.0743641656223892,DF,housewares,2018-02-11 08:14:07,2018-08-21 08:35:57,191,1.2749738219895288,5.685222185124681e-05,False,-0.02285475094181666,0.0,0.0,Monitor (low volume)
6e864f5c4669eff3d98140a07cc50202,13,4.461538461538462,0.07692307692307693,0.07692307692307693,2.5050213675213677,6.675160256410257,9.843910256410256,740.59,71.72,0.41539239267792855,SP,books_general_interest,2017-08-02 13:12:25,2018-05-30 14:51:11,301,1.31468438538206,5.666781558656107e-05,False,-0.662138970280452,0.0,0.0,Monitor (low volume)
2ba91c7ad80ff88b23b7db823b43c233,6,3.8333333333333335,0.16666666666666666,0.3333333333333333,1.0158564814814814,17.366666666666667,18.654282407407408,740.4,140.05499999999998,0.15512575278254223,SP,pet_shop,2018-04-04 12:42:36,2018-08-12 19:57:00,130,1.404923076923077,5.665327733332858e-05,False,0.23285893679363745,28.73479280033486,6.579483638833862e-05,Monitor (low volume)
8a40ae794fa3f9892cee24bd5af0488b,6,3.1666666666666665,0.3333333333333333,0.3333333333333333,5.797777777777777,21.81203703703704,27.80219907407407,739.8499999999999,157.71,0.5312339996498777,PR,telephony,2017-06-12 22:07:23,2018-06-19 14:04:13,371,0.49229110512129387,5.6611192916076645e-05,False,1.2328589367936373,152.02178073112876,0.00034808840488844393,Monitor (low volume)
ba6b68b55fe8704377a7d43c8e5c0185,5,4.2,0.2,0.0,2.605555555555555,7.537777777777778,10.590277777777777,739.77,166.44400000000002,0.14963600368051908,MG,unknown,2017-05-02 06:49:31,2017-06-03 14:27:54,32,4.75625,5.660507154629455e-05,False,0.36071578066136467,53.369342611971554,0.00012220123491779402,Monitor (low volume)
56db5c0782e8f7ddc9343f9576ff6d16,2,3.0,0.5,0.0,0.6607638888888889,7.120833333333334,9.917361111111111,734.8,395.97499999999997,0.08641957627204319,SC,air_conditioning,2017-01-27 22:01:41,2018-08-07 20:45:25,556,0.10949640287769784,5.622478144858163e-05,False,0.7442863122645458,273.4507911259941,0.0006261277117051937,Monitor (low volume)
557f22c76691849db52d2abccf0015d0,11,3.272727272727273,0.2727272727272727,0.0,1.9526515151515154,11.610290404040404,13.912310606060606,733.88,92.32272727272726,0.4579756955737792,GO,computers_accessories,2017-05-08 13:45:25,2017-09-12 23:58:05,127,2.636535433070866,5.615438569608749e-05,False,1.593574717455002,106.31751033144334,0.00024343809423227501,Monitor (low volume)
33cbbec1e7e1044aaf11d152172c776f,15,4.733333333333333,0.0,0.0,0.876736111111111,7.269537037037037,8.428888888888888,730.67,75.3,0.5700084051288902,RS,small_appliances,2018-04-03 20:15:00,2018-08-18 13:56:19,136,3.3573529411764707,5.590876573358076e-05,False,-1.9178526580159063,0.0,0.0,Monitor (low volume)
7210cd29727d674c00741e5e387b3ccd,9,4.444444444444445,0.1111111111111111,0.1111111111111111,1.1609567901234568,2.507021604938272,3.776543209876543,729.0899999999999,97.13111111111111,0.24607903026218972,SP,health_beauty,2018-06-10 13:08:26,2018-08-20 14:31:33,71,3.8585915492957747,5.578786868038429e-05,False,-0.1507115948095438,0.0,0.0,Monitor (low volume)
8b87cd0d43d49b9bdf40f56229364d59,2,5.0,0.0,0.0,4.126736111111111,10.566666666666666,15.34236111111111,729.0,432.44,0.21882705636743213,SP,toys,2017-10-10 00:45:51,2017-11-07 22:12:52,28,2.0,5.578098213937944e-05,False,-0.25571368773545416,0.0,0.0,Monitor (low volume)
da6a60cc8cc724fe51be021ff8be779c,12,4.75,0.0,0.0,2.0580439814814815,5.747511574074074,7.835069444444444,728.79,82.04833333333333,0.3695482617872501,RJ,books_general_interest,2018-05-21 21:49:53,2018-08-17 00:51:18,87,4.198620689655172,5.5764913543701424e-05,False,-1.5342821264127249,0.0,0.0,Monitor (low volume)
aac51c486b672a9850d59f3e84b1cf88,10,4.8,0.0,0.0,1.1996527777777777,3.4424305555555557,4.651041666666667,728.28,85.957,0.22691426941174528,SP,food,2018-08-12 09:56:51,2018-08-24 20:24:26,12,10.0,5.572588981134054e-05,False,-1.2785684386772709,0.0,0.0,Monitor (low volume)
c6218512d16fcac0af02fe92691cf274,8,4.125,0.125,0.125,4.358506944444445,9.670486111111112,14.866493055555555,726.0,116.46,0.3089284806968631,MG,furniture_decor,2017-04-11 13:00:12,2017-06-02 14:34:31,52,4.683076923076923,5.555143077255072e-05,False,-0.02285475094181666,0.0,0.0,Monitor (low volume)
d29ba1220fb8634fa3a107e54497b8a4,9,3.2222222222222223,0.3333333333333333,0.0,1.1942901234567902,5.102006172839506,6.4887345679012345,724.94,100.87333333333333,0.35926303083705174,SP,unknown,2018-04-15 17:04:07,2018-08-15 21:17:21,122,2.245573770491803,5.54703226229379e-05,False,1.8492884051904561,148.9581262731966,0.00034107347197381713,Monitor (low volume)
fe1bbc5feda5c8979a8a1b3b2512d5a6,9,3.888888888888889,0.0,0.1111111111111111,1.5844907407407407,9.52469135802469,11.927623456790123,724.72,95.80555555555556,0.24917963856068154,MG,sports_leisure,2017-02-03 06:55:52,2017-07-14 17:24:41,161,1.701614906832298,5.545348885603713e-05,False,-1.1507115948095437,0.0,0.0,Monitor (low volume)
6bb62a4912377c7bfe7cb17b406bc7e6,3,5.0,0.0,0.0,2.2842592592592594,2.678935185185185,5.368055555555556,722.63,272.21999999999997,0.15484775746310225,SP,construction_tools_safety,2018-08-06 10:11:21,2018-08-14 06:30:49,7,3.0,5.529356807047978e-05,False,-0.3835705316031812,0.0,0.0,Monitor (low volume)
d9e7e7778b32987280a6f2cb9a39c57d,11,3.5454545454545454,0.2727272727272727,0.36363636363636365,4.121180555555556,14.50340909090909,18.465719696969696,722.5,89.67181818181818,0.42852312592383207,SP,health_beauty,2018-01-10 14:42:48,2018-06-08 16:40:18,149,2.247248322147651,5.528362084458387e-05,False,1.593574717455002,104.66888485102173,0.0002396631916428009,Monitor (low volume)
07d75e33f2750d97d467fb57e4dfdd8a,2,2.5,0.5,0.0,4.983680555555555,5.904166666666667,11.796527777777778,722.4,379.795,0.3775759394199172,SP,computers_accessories,2018-03-06 09:17:21,2018-05-07 09:49:04,62,0.9819354838709677,5.527596913235625e-05,False,0.7442863122645458,268.8362159899539,0.0006155615935435927,Monitor (low volume)
c8cc60ffd415254af5d9b9f34f32c369,8,4.75,0.0,0.0,1.104861111111111,4.361284722222222,5.478559027777778,722.2,114.52875,0.30342330959725017,SP,pet_shop,2018-06-05 19:11:38,2018-08-15 17:47:48,70,3.4788571428571426,5.5260665707901005e-05,False,-1.0228547509418167,0.0,0.0,Monitor (low volume)
b16d3dadc47d4eb18be3d88bad0775ce,10,4.3,0.1,0.1,2.000077160493827,4.246736111111111,6.429444444444444,722.1,90.054,0.38281635839314815,RS,sports_leisure,2018-05-29 23:02:46,2018-08-16 22:06:01,78,3.9025641025641025,5.525301399567338e-05,False,-0.27856843867727077,0.0,0.0,Monitor (low volume)
94231344608e603693b0a8891143f65d,3,4.0,0.0,0.0,0.5842592592592593,10.60138888888889,12.53148148148148,722.0,274.7266666666667,0.1434209073039727,SP,housewares,2018-05-19 15:07:25,2018-08-07 16:58:43,80,1.1415,5.524536228344575e-05,False,-0.3835705316031812,0.0,0.0,Monitor (low volume)
ed859002ad59dbf8cf3602696a6c3000,2,4.5,0.0,0.0,0.7552083333333333,4.004513888888889,4.910763888888889,719.7,394.745,0.10154466715207931,PR,housewares,2017-01-19 10:33:22,2017-01-23 20:35:00,4,2.0,5.50693729022104e-05,False,-0.25571368773545416,0.0,0.0,Monitor (low volume)
75a4764c108403a7a0575140cb22287c,5,4.6,0.0,0.0,1.609027777777778,8.90861111111111,11.545833333333334,716.9,185.41000000000003,0.3216024445335166,RS,housewares,2017-12-12 08:14:21,2018-04-10 08:47:23,119,1.2789915966386556,5.485512495983693e-05,False,-0.6392842193386354,0.0,0.0,Monitor (low volume)
ac6417315ae5da8f9a38ee11de6f7780,7,4.142857142857143,0.14285714285714285,0.14285714285714285,2.711805555555556,8.74672619047619,11.46875,716.4,121.58857142857143,0.22084372096129276,SP,garden_tools,2017-04-27 09:34:25,2018-03-27 11:44:20,334,0.6379640718562875,5.48168663986988e-05,False,0.10500209292591037,10.746214196017455,2.4605898839568827e-05,Monitor (low volume)
8a87611c08849ffeeccab52aa798b6c7,6,4.666666666666667,0.0,0.0,6.063773148148148,6.418333333333334,8.858449074074075,714.89,140.74,0.21246869536379762,PR,garden_tools,2017-01-26 23:48:56,2017-02-10 10:19:10,14,6.0,5.470132554406168e-05,False,-0.7671410632063624,0.0,0.0,Monitor (low volume)
daf565f087a52def0fd5c5825b3661bc,7,3.857142857142857,0.2857142857142857,0.14285714285714285,1.6668650793650792,7.908928571428572,10.057142857142859,714.1,137.2057142857143,0.41397747584991423,SC,bed_bath_table,2018-06-16 21:14:44,2018-08-22 12:44:03,66,3.2284848484848485,5.464087701746345e-05,False,1.1050020929259103,112.72599922262752,0.00025811178549644295,Monitor (low volume)
808d4348b916efa08e766ebad39f61eb,20,4.6,0.05,0.05,2.2502314814814817,5.273576388888889,7.961388888888889,712.95,49.077000000000005,0.594035632648177,SP,perfumery,2018-07-07 19:45:17,2018-08-22 10:41:47,45,13.52888888888889,5.455288232684578e-05,False,-1.5571368773545415,0.0,0.0,Monitor (low volume)
d558ebe531605a1285ab2b1bc3256dfb,3,4.666666666666667,0.0,0.0,2.105324074074074,7.071990740740741,9.418055555555556,709.0,260.74333333333334,0.11014523118347429,MG,musical_instruments,2018-03-16 18:48:02,2018-06-09 18:56:00,85,1.0743529411764705,5.425063969385463e-05,False,-0.3835705316031812,0.0,0.0,Monitor (low volume)
d79e8478eed9999493990b44955fb22e,4,4.0,0.25,0.0,0.5388888888888889,8.037673611111112,8.731770833333334,706.9,195.0175,0.10808592553303367,RJ,computers_accessories,2018-06-28 09:14:43,2018-08-19 12:33:05,52,2.3415384615384616,5.4089953737074515e-05,False,0.48857262452909167,86.34299706990372,0.00019770190810030526,Monitor (low volume)
68ca56ce86830f3d31b1b7ec6a54da3e,4,4.25,0.25,0.0,1.2508680555555556,3.7692708333333336,5.028645833333334,702.6999999999999,217.53,0.2719096486572723,PR,stationery,2018-07-11 18:16:29,2018-08-10 18:10:00,29,4.0,5.3768581823514305e-05,False,0.48857262452909167,85.82999581414818,0.00019652727517624065,Monitor (low volume)
87d3c3aeb3ead335511b3ce315eb341e,14,3.5,0.21428571428571427,0.07142857142857142,1.1818287037037036,4.983630952380952,6.148511904761905,702.3599999999999,63.78142857142857,0.39572666256601374,SP,toys,2018-06-13 14:35:29,2018-08-17 07:44:54,64,6.6587499999999995,5.374256600194038e-05,False,1.2100041858518207,60.704181426777474,0.00013899601478999714,Monitor (low volume)
18e694e0e48ed6f7aa3f24aade5fd697,31,4.67741935483871,0.0,0.03225806451612903,1.0978718637992833,4.515927419354839,6.011760752688172,701.54,38.895806451612906,0.7451320120496625,SP,computers_accessories,2018-06-05 19:28:28,2018-08-26 19:07:32,81,11.649876543209876,5.367982196167387e-05,True,-3.9635621598995394,0.0,0.0,Invest
39d61be7a92eb77b7da367bd4845bc0e,7,4.0,0.14285714285714285,0.0,3.8770833333333337,6.356349206349207,10.78234126984127,700.59,129.94571428571427,0.31728476313501996,SP,furniture_decor,2018-03-21 20:35:30,2018-08-07 14:24:03,138,1.5440579710144928,5.3607130695511444e-05,False,0.10500209292591037,10.509059468994792,2.40628792127492e-05,Monitor (low volume)
3ef37b7ca6dd2b80bd8af81a62504996,2,4.5,0.0,0.0,6.2020833333333325,6.396527777777778,14.345833333333331,700.0,370.485,0.05852857142857143,SP,cool_stuff,2017-03-02 18:58:10,2017-09-01 16:25:37,182,0.3345054945054945,5.356198559336846e-05,False,-0.25571368773545416,0.0,0.0,Monitor (low volume)
ac51cac5e20d69ff485a54746488ef48,3,3.6666666666666665,0.3333333333333333,0.0,4.04375,12.258564814814813,16.312037037037037,700.0,252.9,0.08255545859718356,SP,unknown,2018-01-14 18:50:16,2018-01-29 10:29:18,14,3.0,5.356198559336846e-05,False,0.6164294683968187,143.83354262592437,0.0003293395734566612,Monitor (low volume)
328acb143b4a73aad6bee8e734f5d20d,2,4.0,0.0,0.0,2.4694444444444446,9.555208333333333,12.058680555555556,699.98,367.375,0.05088068591427776,PR,computers_accessories,2017-02-06 13:51:28,2017-02-10 14:49:23,4,2.0,5.356045525092293e-05,False,-0.25571368773545416,0.0,0.0,Monitor (low volume)
1b4b28463457a256e9a784ebe2a8f630,1,1.0,1.0,1.0,11.65625,1.0298611111111111,14.145138888888889,699.42,715.3399999999999,0.0227617168511052,SP,auto,2018-08-07 16:49:52,2018-08-07 16:49:52,0,1.0,5.3517605662448237e-05,False,0.8721431561322729,609.9943662620343,0.0013967206864825955,Monitor (low volume)
59cea8e446d3834393058e7e0666b6fb,10,4.6,0.0,0.0,1.4617361111111111,5.467361111111112,7.2728472222222225,696.6,90.114,0.42905823311445995,PR,health_beauty,2018-06-16 16:17:45,2018-08-16 14:23:18,60,5.073333333333333,5.330182737762924e-05,False,-1.2785684386772709,0.0,0.0,Monitor (low volume)
0d83f8e03188682112cc0d93523705cc,4,3.75,0.25,0.25,2.8012152777777777,13.6375,16.914236111111112,696.26,205.1425,0.18337841797837678,RS,computers_accessories,2017-11-14 09:05:04,2018-01-22 11:52:53,69,1.7646376811594202,5.3275811556055316e-05,False,0.48857262452909167,85.04339388865634,0.00019472617135934156,Monitor (low volume)
fac35d150712afb921ec59ac5f39bb11,5,4.4,0.0,0.0,3.42875,6.409027777777778,10.140277777777778,696.0,160.128,0.15318771929824562,MG,construction_tools_construction,2018-02-24 14:37:03,2018-07-16 13:57:23,141,1.079432624113475,5.3255917104263494e-05,False,-0.6392842193386354,0.0,0.0,Monitor (low volume)
05a940b4ecae36cadfd8e93bd9c43257,9,4.222222222222222,0.1111111111111111,0.0,3.4087962962962965,10.593904320987654,14.254398148148148,695.1,96.01111111111112,0.4558400445791876,GO,cool_stuff,2017-07-16 17:22:22,2018-02-19 15:20:06,217,1.262488479262673,5.3187051694214885e-05,False,-0.1507115948095438,0.0,0.0,Monitor (low volume)
c89cf7c468a48af70aada384e722f9e2,13,4.0,0.15384615384615385,0.07692307692307693,2.4759081196581194,11.365705128205128,14.193429487179488,695.0,70.21076923076923,0.4231490572800917,RJ,toys,2017-06-07 16:38:50,2018-08-06 14:31:24,424,0.9333018867924529,5.3179399981987256e-05,False,0.337861029719548,18.062570435006606,4.13583586553738e-05,Monitor (low volume)
55c26bcb609f480eb7868594245febb5,6,4.0,0.16666666666666666,0.0,0.6934027777777778,8.411226851851852,9.694097222222222,694.3900000000001,146.35166666666666,0.24268042052461739,SP,stationery,2018-04-09 13:11:49,2018-08-09 11:44:40,121,1.5094214876033059,5.313272453739876e-05,False,0.23285893679363745,26.949152853355656,6.17062080492956e-05,Monitor (low volume)
4ef4c39cf3c24f326434cf0b2e48046a,6,4.166666666666667,0.16666666666666666,0.16666666666666666,2.882638888888889,10.745370370370372,14.486574074074072,693.0,131.26,0.13297979797979798,SP,sports_leisure,2018-02-25 21:37:21,2018-08-23 09:53:04,178,1.026067415730337,5.3026365737434773e-05,False,0.23285893679363745,26.895207199665126,6.158268721923105e-05,Monitor (low volume)
49383af7ab774e4e8f3000f49c83dc4b,8,4.375,0.0,0.0,2.405642361111111,5.353645833333333,8.085590277777778,692.9,119.74875,0.3740625193918709,SP,bed_bath_table,2018-04-27 19:48:04,2018-08-20 23:18:27,115,2.1175652173913044,5.301871402520715e-05,False,-1.0228547509418167,0.0,0.0,Monitor (low volume)
c37b2059d4f90d4feead554e5246565e,9,4.111111111111111,0.2222222222222222,0.3333333333333333,6.679706790123457,11.74699074074074,19.14645061728395,692.3,100.02000000000001,0.363714202078142,SP,furniture_decor,2017-12-04 11:27:23,2018-07-02 20:39:32,210,1.3045714285714287,5.29728037518414e-05,False,0.8492884051904561,65.32915143481696,0.00014958593437265673,Monitor (low volume)
052577151711aec5c744fe12e66db3e1,1,5.0,0.0,0.0,6.0881944444444445,7.923611111111111,14.034027777777778,687.0,729.65,0.06208151382823872,SC,small_appliances,2017-10-26 18:35:40,2017-10-26 18:35:40,0,1.0,5.256726300377733e-05,False,-0.12785684386772708,0.0,0.0,Monitor (low volume)
2dd1fb6f0e42a2243b8a01e40cd41216,3,3.6666666666666665,0.3333333333333333,0.0,0.45509259259259255,12.242824074074074,13.609027777777778,686.89,255.7733333333333,0.13007465612633878,PR,sports_leisure,2017-02-20 08:35:25,2017-04-22 14:49:56,61,1.4970491803278687,5.255884612032694e-05,False,0.6164294683968187,141.13974584903025,0.00032317151373092285,Monitor (low volume)
b4b447d715f9ab302a188fb43d3e96b3,5,4.8,0.0,0.2,1.0608796296296295,2.0455555555555556,3.6238888888888887,685.9300000000001,155.93200000000002,0.13367251263698013,SP,sports_leisure,2018-07-03 15:00:40,2018-08-26 22:19:40,54,2.818518518518519,5.248538968294176e-05,False,-0.6392842193386354,0.0,0.0,Monitor (low volume)
6f83d9e4da896daae20b9b6b2d3ff8d2,10,4.7,0.0,0.0,3.237222222222222,7.947430555555556,11.365763888888889,685.29,89.366,0.3156070926664228,PR,housewares,2018-03-22 10:15:19,2018-07-31 17:24:44,131,2.3236641221374046,5.2436418724684955e-05,False,-1.2785684386772709,0.0,0.0,Monitor (low volume)
b2c97074649f92197d9387d9033dda5f,10,4.7,0.0,0.1,1.2310416666666666,10.692291666666666,12.233402777777778,684.71,96.40799999999999,0.4154825081244864,SP,health_beauty,2018-04-23 10:28:37,2018-08-14 13:27:56,113,2.6938053097345134,5.2392038793764746e-05,False,-1.2785684386772709,0.0,0.0,Monitor (low volume)
4e6015589b781adaa5ce7f1892d06bb1,3,3.6666666666666665,0.0,0.0,2.441666666666667,3.3780092592592594,5.894907407407406,684.0,246.83333333333334,0.08260233918128655,SP,sports_leisure,2017-10-12 19:42:09,2018-01-24 11:06:18,103,0.8866019417475729,5.2337711636948606e-05,False,-0.3835705316031812,0.0,0.0,Monitor (low volume)
2fb25ab44bdbeae6a4d816e0d0c9d500,5,4.8,0.0,0.0,2.11125,6.052638888888889,8.520694444444445,683.08,152.25799999999998,0.1538825287127627,RJ,small_appliances,2017-08-18 01:36:03,2018-06-22 21:40:54,308,0.4941558441558442,5.226731588445447e-05,False,-0.6392842193386354,0.0,0.0,Monitor (low volume)
4c61e37f664c3c88aff092aa5ac779d7,6,4.0,0.16666666666666666,0.16666666666666666,2.451273148148148,11.965740740740742,14.442824074074075,680.53,128.31166666666667,0.189490647021937,RJ,consoles_games,2018-03-12 10:47:46,2018-04-17 11:12:01,36,5.073333333333333,5.2072197222650055e-05,False,0.23285893679363745,26.41124870936235,6.0474554304910976e-05,Monitor (low volume)
d9cd369bffa979d1634f8e1318bf2f1b,3,5.0,0.0,0.0,0.7754629629629629,9.920370370370371,11.249305555555557,678.0,248.26999999999998,0.10472552910052908,SP,home_construction,2018-05-13 22:12:59,2018-08-10 11:02:08,88,1.0377272727272728,5.1878608903291165e-05,False,-0.3835705316031812,0.0,0.0,Monitor (low volume)
89a51f50b8095ea78d5768f34c13a76f,10,4.7,0.0,0.0,1.16171875,5.865625,7.423888888888889,677.16,85.426,0.5278736786411119,DF,perfumery,2018-04-24 15:34:42,2018-07-31 20:54:09,98,3.1061224489795918,5.181433452057912e-05,False,-1.2785684386772709,0.0,0.0,Monitor (low volume)
a513150f33f99a06569e9cd5c4bb889b,2,4.5,0.0,0.0,0.9513888888888888,6.938541666666667,9.656944444444445,677.0,355.625,0.07480922433767756,SP,home_appliances_2,2017-11-27 14:19:38,2017-12-01 15:32:44,4,2.0,5.180209178101493e-05,False,-0.25571368773545416,0.0,0.0,Monitor (low volume)
3d5d0dc7073a299e31fa718ce1bc00b6,21,4.428571428571429,0.14285714285714285,0.09523809523809523,1.4905701754385965,6.623941798941799,8.493253968253967,674.8,48.91047619047619,0.7047217465398077,RJ,health_beauty,2018-06-13 15:23:50,2018-08-06 19:55:49,54,11.837777777777779,5.163375411200719e-05,False,0.31500627877773113,10.122201758057761,2.317708059316171e-05,Monitor (low volume)
f435898e493ba0356019a0b1cb8b55b1,10,4.4,0.1,0.0,0.8547222222222223,9.673194444444444,10.871041666666667,674.26,91.61,0.6435448001561916,PR,auto,2017-02-05 02:16:12,2018-05-25 10:23:03,474,0.6421940928270042,5.159243486597802e-05,False,-0.27856843867727077,0.0,0.0,Monitor (low volume)
5962468f885ea01a1b6a97a218797b0a,6,4.666666666666667,0.0,0.0,3.592476851851852,6.9728009259259265,10.914930555555557,674.0,127.62333333333333,0.19158664601617623,PR,stationery,2017-07-01 16:58:53,2017-10-18 23:24:26,109,1.6755963302752295,5.15725404141862e-05,False,-0.7671410632063624,0.0,0.0,Monitor (low volume)
6861de0f40cacb0602e473c51639f980,5,3.6,0.2,0.2,2.020138888888889,11.161527777777778,13.836111111111112,674.0,189.94599999999997,0.6844780761523046,PR,office_furniture,2017-11-18 10:53:18,2018-07-04 17:37:50,228,0.6675438596491229,5.15725404141862e-05,False,0.36071578066136467,48.62448723315196,0.00011133681054191597,Monitor (low volume)
7354220fb240bde543b3c40c060d41e7,7,4.571428571428571,0.0,0.0,3.079960317460317,7.492063492063492,11.098313492063493,672.0,119.59,0.28967350541728465,DF,computers_accessories,2018-01-04 13:40:05,2018-07-25 04:34:42,201,1.0600995024875621,5.1419506169633724e-05,False,-0.8949979070740895,0.0,0.0,Monitor (low volume)
e4ebd3f87bf70440014f07ddda7fbe03,7,4.571428571428571,0.0,0.14285714285714285,2.230952380952381,15.648908730158732,17.88998015873016,671.5,112.46571428571428,0.18927852864147066,SP,health_beauty,2017-12-07 21:14:24,2018-03-05 18:13:14,87,2.4491954022988507,5.13812476084956e-05,False,-0.8949979070740895,0.0,0.0,Monitor (low volume)
b0398568231ba5e6734af1881671a317,4,4.0,0.25,0.0,0.6375,11.686805555555555,13.211805555555555,669.6700000000001,197.22,0.3443964770472967,ES,cool_stuff,2018-03-22 14:59:06,2018-04-10 09:24:49,18,4.0,5.1241221274730085e-05,False,0.48857262452909167,81.79560736709921,0.0001872896262519896,Monitor (low volume)
6e1862e15f33d9994bc25922a85e1efc,7,4.428571428571429,0.14285714285714285,0.0,0.4941468253968254,2.779464285714286,3.7873015873015876,668.49,111.33142857142856,0.22993040919227062,SP,signaling_and_security,2018-06-08 09:47:41,2018-08-21 15:44:52,74,2.8794594594594596,5.1150931070444115e-05,False,0.10500209292591037,10.027549871434545,2.2960353594728313e-05,Monitor (low volume)
6824a69c9ea0313eba299dd4a2dba09a,6,4.666666666666667,0.0,0.0,0.5336111111111111,4.180902777777778,4.810532407407407,666.9,130.67999999999998,0.18596890375958952,MG,construction_tools_construction,2018-07-24 14:23:37,2018-08-20 15:12:42,27,6.0,5.102926884602489e-05,False,-0.7671410632063624,0.0,0.0,Monitor (low volume)
8d46553a36e68f95350a200c12f8f2e2,9,4.222222222222222,0.0,0.0,12.033641975308642,5.367206790123457,17.568132716049384,660.0,90.80111111111111,0.6453909889839609,SP,perfumery,2017-08-19 10:08:37,2018-03-15 17:34:36,208,1.3171153846153847,5.0501300702318836e-05,False,-1.1507115948095437,0.0,0.0,Monitor (low volume)
ed8cb7b190ceb6067227478e48cf8dde,15,3.4,0.3333333333333333,0.06666666666666667,1.0985185185185184,5.280555555555555,7.313472222222222,657.5,61.72066666666667,0.5320900837346739,SP,portateis_cozinha_e_preparadores_de_alimentos,2018-07-19 15:36:35,2018-08-27 12:39:11,38,12.01578947368421,5.0310007896628234e-05,False,3.0821473419840935,135.10079182363611,0.00030934395649679253,Monitor (low volume)
1961c3e1272bfeceb05d0b78b5bbfdaf,2,4.5,0.0,0.0,1.31875,4.2809027777777775,6.736111111111112,657.0,348.005,0.0669406392694064,SP,pc_gamer,2018-07-28 23:32:46,2018-08-18 22:35:15,20,2.0,5.027174933549011e-05,False,-0.25571368773545416,0.0,0.0,Monitor (low volume)
c447f8dd3ed213f291d65ef074a268eb,7,3.7142857142857144,0.2857142857142857,0.0,3.906646825396826,6.498214285714285,11.032142857142857,655.0,111.03285714285714,0.2710857851825594,SP,sports_leisure,2017-02-06 00:25:15,2017-06-19 02:03:15,133,1.6021052631578947,5.011871509093763e-05,False,1.1050020929259103,103.3966244094959,0.00023675006231644043,Monitor (low volume)
8602a61d680a10a82cceeeda0d99ea3d,12,4.583333333333333,0.08333333333333333,0.08333333333333333,2.076678240740741,6.616666666666667,8.73269675925926,651.99,70.51833333333333,0.31869865800076413,SP,fashion_bags_accessories,2017-10-18 00:50:36,2018-08-02 16:31:11,288,1.2683333333333333,4.988839855288614e-05,False,-0.5342821264127251,0.0,0.0,Monitor (low volume)
cd3d09fbe6e3e9ff0c0ac0c300e93ae7,12,4.166666666666667,0.16666666666666666,0.08333333333333333,1.6143939393939393,9.773726851851851,11.708275462962964,651.04,73.3525,0.3982613864385034,SP,auto,2018-06-27 12:13:43,2018-08-18 12:18:56,52,7.024615384615385,4.981570728672371e-05,False,0.4657178735872749,25.26674703502162,5.78539577015991e-05,Monitor (low volume)
5d043cd5512d4bd2f88e5ccdd5736c38,1,2.0,1.0,0.0,3.7930555555555556,5.780555555555556,9.573611111111111,650.0,714.91,0.09986153846153846,SP,sports_leisure,2017-03-11 19:12:49,2017-03-11 19:12:49,0,1.0,4.973612947955642e-05,False,0.8721431561322729,566.8930514859774,0.001298030434093516,Monitor (low volume)
43402bdf22aa2310e8f99e2f94f78628,4,2.5,0.5,0.0,10.575347222222222,5.0100694444444445,16.566319444444446,649.95,209.275,0.27821621798764584,SP,kitchen_dining_laundry_garden_furniture,2018-05-14 18:13:58,2018-06-28 00:15:39,44,2.7672727272727276,4.9732303623442615e-05,False,1.4885726245290916,241.87444432817077,0.0005538264918655289,Monitor (low volume)
c522be04e020c1e7b79f3acff36513d5,6,4.0,0.16666666666666666,0.3333333333333333,3.1579166666666665,12.441666666666668,15.649421296296296,649.94,123.40333333333335,0.1335129490825433,SP,auto,2018-04-23 01:40:58,2018-08-23 13:33:34,122,1.4970491803278687,4.973153845221986e-05,False,0.23285893679363745,25.22405622994279,5.775620740442573e-05,Monitor (low volume)
236585a4ddb5fea9fa40233e2249ed91,11,4.090909090909091,0.09090909090909091,0.09090909090909091,5.618560606060606,6.980681818181818,13.136363636363637,649.53,76.15181818181817,0.2922600231638933,RS,computers_accessories,2017-11-05 15:36:10,2018-08-09 23:21:52,277,1.2088086642599278,4.970016643208659e-05,False,-0.4064252825449979,0.0,0.0,Monitor (low volume)
95b293867b5862941c9cd74f756a3c68,9,3.5555555555555554,0.3333333333333333,0.4444444444444444,12.051157407407409,9.081404320987653,21.464197530864197,648.1,82.91333333333334,0.17268386312331468,SP,telephony,2017-11-27 11:34:56,2018-02-22 09:55:25,86,3.185581395348837,4.959074694723157e-05,False,1.8492884051904561,133.1693128226594,0.0003049213965103745,Monitor (low volume)
b26741d31a563d769b4af0465ab20c56,2,4.0,0.0,0.0,1.6854166666666666,10.990277777777777,12.684027777777779,648.0,347.515,0.07157799158608925,SC,sports_leisure,2018-02-20 18:17:18,2018-03-26 16:14:32,33,1.8448484848484847,4.958309523500395e-05,False,-0.25571368773545416,0.0,0.0,Monitor (low volume)
72c38a04bd6a1c3dbc5298425a0db86d,4,3.75,0.25,0.0,0.7312500000000001,8.244618055555556,8.807986111111111,647.3,190.1625,0.30856526990446925,PR,computers_accessories,2018-05-13 22:30:46,2018-07-05 10:00:59,52,2.3415384615384616,4.952953324941057e-05,False,0.48857262452909167,79.06326496442026,0.0001810333075588168,Monitor (low volume)
2aa3443d7bf9d9bb11133f420d75e083,10,3.0,0.4,0.2,2.0969444444444445,8.307222222222222,10.573611111111111,647.0,78.112,0.22226887346709884,RJ,sports_leisure,2017-11-14 12:43:54,2018-08-13 01:18:39,271,1.1232472324723248,4.95065781127277e-05,False,2.721431561322729,176.07662201758058,0.0004031674290452183,Monitor (low volume)
13f57c12a00ed4610db646b913a7f5c6,7,4.857142857142857,0.0,0.14285714285714285,2.4550595238095236,9.488690476190476,12.374801587301587,645.2,117.30714285714286,0.2617894957786095,SP,auto,2017-09-25 10:08:28,2018-05-04 06:35:42,220,0.9685454545454546,4.936884729263047e-05,False,-0.8949979070740895,0.0,0.0,Monitor (low volume)
8d899e15a5925f097cca50faa49b15e3,4,3.75,0.25,0.25,3.0944444444444446,2.8328125,6.067881944444444,645.0,198.995,0.27570148598247235,SP,furniture_decor,2018-05-28 11:02:23,2018-08-17 12:58:36,81,1.5032098765432098,4.935354386817522e-05,False,0.48857262452909167,78.78233570531603,0.00018039005619563856,Monitor (low volume)
f3295428338a40977a03f555246a70f4,7,3.5714285714285716,0.2857142857142857,0.2857142857142857,2.3170634920634923,11.930853174603174,14.82956349206349,644.98,109.91142857142857,0.6429648325156777,ES,health_beauty,2017-10-23 14:59:46,2018-02-05 23:24:02,105,2.029333333333333,4.93520135257297e-05,False,1.1050020929259103,101.81489284219337,0.0002331283285387141,Monitor (low volume)
e21a1e8be4715b0fcfd5385643bc49c4,19,3.8421052631578947,0.21052631578947367,0.0,6.353801169590644,10.513157894736842,16.97375730994152,643.8,57.03684210526316,0.7883287506138645,SC,auto,2017-05-09 13:20:39,2018-02-22 20:29:58,289,2.0012456747404848,4.926172332144373e-05,False,1.5707199665131852,53.22260602322046,0.00012186524816068928,Monitor (low volume)
9cad4b68bb993ee401a3c5aaa2bc26dd,4,2.75,0.5,0.25,1.3684027777777779,19.019791666666666,21.34982638888889,641.9000000000001,206.065,0.24986446380142302,SP,health_beauty,2018-01-16 10:17:13,2018-07-15 23:59:54,180,0.6764444444444445,4.9116340789118884e-05,False,1.4885726245290916,238.878691921306,0.0005469670361235219,Monitor (low volume)
f9ec7093df3a7b346b7bcf7864069ca3,9,4.777777777777778,0.0,0.1111111111111111,1.6119791666666667,4.851851851851851,6.317592592592593,639.1,86.55777777777777,0.41109407606372117,SP,housewares,2018-07-05 06:46:44,2018-08-26 20:08:21,52,5.268461538461539,4.89020928467454e-05,False,-1.1507115948095437,0.0,0.0,Monitor (low volume)
bd1d49a326abfa9b1036772e40445430,12,4.083333333333333,0.08333333333333333,0.08333333333333333,3.5587962962962965,8.7609375,12.4125,637.7,68.85,0.3501574454367833,SP,health_beauty,2017-11-07 22:51:11,2018-06-15 12:52:13,219,1.6679452054794521,4.879496887555867e-05,False,-0.5342821264127251,0.0,0.0,Monitor (low volume)
7a91bf945c6fae0779f1c61ce97fe45c,4,4.5,0.0,0.25,6.568402777777777,37.271701388888886,43.849131944444444,634.6,174.9425,0.10513419168204752,RJ,health_beauty,2017-07-17 00:25:55,2017-09-29 15:00:13,74,1.6454054054054055,4.8557765796502325e-05,False,-0.5114273754709083,0.0,0.0,Monitor (low volume)
7b98de631987e26dd6d803490c43a13c,8,4.625,0.0,0.0,1.8714409722222223,8.486458333333333,10.583680555555555,634.2,97.32875000000001,0.23062318655207673,PR,construction_tools_construction,2018-05-22 15:14:41,2018-08-02 12:07:34,71,3.4298591549295776,4.852715894759183e-05,False,-1.0228547509418167,0.0,0.0,Monitor (low volume)
1430239a858e7682bbc43b20758af153,17,4.176470588235294,0.11764705882352941,0.0,1.4184232026143793,6.15187908496732,7.671160130718954,633.99,52.27294117647059,0.5032334962980047,SP,baby,2017-08-22 16:56:24,2018-08-21 18:22:34,364,1.4216483516483518,4.8511090351913814e-05,False,-0.17356634575136043,0.0,0.0,Monitor (low volume)
be8e909810184b9b19e886129149d8e5,15,3.7333333333333334,0.2,0.2,1.733425925925926,13.609398148148149,15.355925925925927,629.85,56.40533333333334,0.3485274212251265,SP,computers_accessories,2017-10-03 13:27:13,2018-05-13 13:20:54,221,2.06606334841629,4.819430946569018e-05,False,1.082147341984094,45.43936688991211,0.00010404375388698185,Monitor (low volume)
bdae679a9b282249bc23b9b69dae9a99,5,3.2,0.4,0.0,5.723472222222222,5.5808333333333335,12.044583333333332,629.85,165.09,0.6222785935335688,DF,construction_tools_construction,2018-02-14 11:37:48,2018-07-20 21:21:06,156,0.9756410256410256,4.819430946569018e-05,False,1.3607157806613646,171.4093668899121,0.00039248068807439066,Monitor (low volume)
685b870da5b52a710782c9c0fefbeb5b,2,2.0,0.5,1.0,6.7652777777777775,31.343402777777776,39.61388888888889,627.0,335.49,0.22852863032524048,SP,musical_instruments,2017-12-09 13:51:24,2018-03-01 16:36:58,82,0.7424390243902439,4.797623566720289e-05,False,0.7442863122645458,233.3337588949351,0.0005342706522035336,Monitor (low volume)
8759e7aedd644f487315e5860962f162,3,3.6666666666666665,0.3333333333333333,0.3333333333333333,3.040277777777778,28.566435185185185,32.80347222222222,627.0,264.44666666666666,0.26529505582137164,SP,home_appliances,2017-11-28 14:16:21,2017-12-27 17:50:31,29,3.0,4.797623566720289e-05,False,0.6164294683968187,128.8337588949351,0.0002949941607961808,Monitor (low volume)
0570350b23eda5444f8d1d9544932058,6,5.0,0.0,0.0,1.324537037037037,3.684143518518518,5.071643518518518,626.9,125.29333333333334,0.23862916551612942,SP,health_beauty,2018-04-12 23:43:37,2018-05-22 20:17:22,39,4.683076923076923,4.796858395497527e-05,False,-0.7671410632063624,0.0,0.0,Monitor (low volume)
a2deecd5398f5df4987110c80a1972a3,13,4.3076923076923075,0.07692307692307693,0.0,1.4690393518518519,6.861645299145299,8.307638888888889,623.81,65.06153846153846,0.4869714403918498,SP,home_appliances,2018-04-04 21:44:26,2018-08-24 14:37:50,141,2.8065248226950352,4.773214604714168e-05,False,-0.662138970280452,0.0,0.0,Monitor (low volume)
ab3e0c171fe84a7ba7de130f19cfb485,6,4.0,0.16666666666666666,0.3333333333333333,7.84837962962963,12.564351851851853,20.71087962962963,623.45,122.72166666666668,0.19489965466617032,PR,furniture_decor,2017-04-16 12:18:38,2018-04-05 18:57:58,354,0.5159322033898305,4.770459988312224e-05,False,0.23285893679363745,24.195984023998882,5.540220252067763e-05,Monitor (low volume)
bfd938b22bc99bce1ae60dc602889f52,4,5.0,0.0,0.0,4.556423611111112,6.510763888888889,11.5625,623.4000000000001,180.96750000000003,0.2785903595214204,RJ,health_beauty,2017-01-22 21:50:07,2017-04-03 07:55:19,70,1.7394285714285713,4.770077402700843e-05,False,-0.5114273754709083,0.0,0.0,Monitor (low volume)
26bad72add1f86e08a776ce4ffdaf1ca,7,4.428571428571429,0.0,0.0,1.8026785714285716,8.756349206349206,10.94295634920635,622.0,106.56000000000002,0.4276696636696637,SP,food_drink,2017-09-13 14:44:40,2018-05-21 11:08:51,249,0.8557429718875502,4.759365005582169e-05,False,-0.8949979070740895,0.0,0.0,Monitor (low volume)
4200ddf1967c5e41e48db62bc6d4b5ac,18,4.444444444444445,0.05555555555555555,0.0,1.8725490196078431,7.248418209876544,9.68695987654321,621.4799999999999,57.97333333333333,0.7357405000495245,SP,bed_bath_table,2017-08-20 19:18:04,2018-04-18 14:22:18,240,2.2830000000000004,4.755386115223804e-05,False,-1.3014231896190875,0.0,0.0,Monitor (low volume)
b5bb2b985208834bd5bd86c7a402bbad,2,5.0,0.0,0.0,1.1868055555555554,9.803472222222222,11.33576388888889,621.06,329.86,0.06224841400186778,RS,auto,2018-01-31 21:10:29,2018-04-21 22:27:34,80,0.761,4.7521723960882014e-05,False,-0.25571368773545416,0.0,0.0,Monitor (low volume)
5f7300535881cef3b625fd683cf7d145,9,4.777777777777778,0.0,0.0,1.4799382716049383,7.013194444444444,8.57145061728395,616.8100000000001,85.30777777777777,0.2788589981866952,RS,unknown,2017-10-15 23:06:38,2018-07-22 21:51:37,279,0.9819354838709679,4.7196526191208004e-05,False,-1.1507115948095437,0.0,0.0,Monitor (low volume)
822b63912576852aea9a8436d72317b7,3,5.0,0.0,0.0,4.078472222222222,10.273379629629629,14.362731481481482,615.96,226.99666666666667,0.10898647899674857,SP,consoles_games,2017-01-20 20:33:49,2017-01-24 12:18:07,3,3.0,4.7131486637273196e-05,False,-0.3835705316031812,0.0,0.0,Monitor (low volume)
3f9be91358837bff69df67edfa3e42e8,7,4.428571428571429,0.14285714285714285,0.0,1.1831349206349207,8.513194444444444,9.842956349206348,614.7,108.67857142857143,0.3198533405241323,PR,pet_shop,2018-03-30 11:29:18,2018-05-12 18:04:04,43,4.955348837209303,4.7035075063205136e-05,False,0.10500209292591037,9.220683788793872,2.1112850386212955e-05,Monitor (low volume)
1d29dfba02015238dfbe2449a5eaa361,12,4.5,0.08333333333333333,0.08333333333333333,1.0356481481481483,13.32366898148148,15.374479166666667,612.8,65.82666666666667,0.28846730614399846,MG,perfumery,2017-02-01 09:54:31,2018-05-10 13:09:26,463,0.7889416846652267,4.688969253088027e-05,False,-0.5342821264127251,0.0,0.0,Monitor (low volume)
b44dbfbf62e52125f3c15d230569ea91,4,4.75,0.0,0.0,0.4097222222222222,4.376388888888888,4.9953125,609.37,174.76500000000001,0.2251060057177191,SP,home_construction,2018-04-19 11:45:55,2018-08-10 10:03:27,112,1.0871428571428572,4.662723880147277e-05,False,-0.5114273754709083,0.0,0.0,Monitor (low volume)
3d3ccf2b2f8134b10dce9dd446f0e075,3,3.3333333333333335,0.3333333333333333,0.3333333333333333,2.3004629629629627,13.790972222222223,16.772916666666664,608.6,250.17666666666665,0.31833137837969844,SP,bed_bath_table,2018-06-20 21:14:59,2018-08-10 11:48:43,50,1.8264,4.6568320617320066e-05,False,0.6164294683968187,125.05299148876796,0.00028633723486532,Monitor (low volume)
c6a7539d424a8402232c2228d7a03c5e,10,3.1,0.4,0.1,4.4025,9.590833333333332,14.271597222222223,607.5,100.132,0.6842469135802469,SP,housewares,2017-09-05 13:30:15,2018-05-22 22:39:03,259,1.1752895752895753,4.64841517828162e-05,False,2.721431561322729,165.3269673503558,0.000378553652465178,Monitor (low volume)
525e75a6fb1454a2325ab1734bcec221,9,3.888888888888889,0.1111111111111111,0.0,0.6777777777777778,5.516126543209876,6.366666666666666,607.17,79.93222222222222,0.19895290144863678,SP,auto,2017-04-13 10:14:47,2017-10-02 12:47:00,172,1.5927906976744186,4.6458901132465036e-05,False,-0.1507115948095438,0.0,0.0,Monitor (low volume)
6eeed17989b0ae47c9f11ece6f38ea90,3,3.6666666666666665,0.3333333333333333,0.0,0.7618055555555555,5.056018518518519,6.5,606.0,273.1766666666667,0.2491672386856261,SP,auto,2018-07-03 18:58:41,2018-08-27 21:28:43,55,1.6603636363636365,4.6369376099401835e-05,False,0.6164294683968187,124.51875261615737,0.000285113973592481,Monitor (low volume)
2059c39f76271d4ca3f15b5ffaccc8b8,12,4.5,0.0,0.0,2.3162878787878785,7.142476851851852,9.585879629629629,604.9,65.94083333333333,0.3592810483753531,PR,books_general_interest,2017-02-01 13:18:42,2017-09-07 20:12:30,218,1.6755963302752295,4.628520726489797e-05,False,-1.5342821264127249,0.0,0.0,Monitor (low volume)
aae5e7b457a3c72ee230a47d98fceda5,5,4.2,0.0,0.0,4.056527777777778,6.77486111111111,11.924305555555556,604.8,149.11399999999998,0.4065284280936455,PR,bed_bath_table,2018-04-05 14:35:51,2018-08-17 18:21:02,134,1.135820895522388,4.6277555552670346e-05,False,-0.6392842193386354,0.0,0.0,Monitor (low volume)
c7fdb77fdbff3c41981bc52f787e959e,8,3.875,0.25,0.25,4.793836805555555,11.02578125,16.379947916666666,602.48,94.54875,0.3132155531445443,SP,bed_bath_table,2018-01-10 02:05:46,2018-07-21 19:34:46,192,1.2683333333333333,4.610003582898947e-05,False,0.9771452490581833,73.58880870657178,0.0001684982962120129,Monitor (low volume)
eddd1991bd6d9309995a480c39b95137,2,3.5,0.0,0.0,2.0506944444444444,11.698611111111111,14.754166666666666,601.0,336.275,0.12818227762803236,PR,unknown,2017-11-06 13:59:41,2017-11-06 18:48:57,0,2.0,4.598679048802063e-05,False,-0.25571368773545416,0.0,0.0,Monitor (low volume)
26af45f5dfd967225a832838aa4e24a3,9,4.0,0.2222222222222222,0.0,1.654320987654321,7.9733024691358025,9.806481481481482,600.6800000000001,94.59333333333333,0.4395626219398884,PR,auto,2018-01-11 13:15:43,2018-08-22 21:26:03,223,1.2285201793721974,4.596230500889224e-05,False,0.8492884051904561,56.68339546997813,0.00012978951185752918,Monitor (low volume)
5a6a02f419701fc8c605af71d4fc57a4,10,4.8,0.0,0.1,2.3150462962962965,3.045486111111111,5.593541666666667,600.5,71.441,0.23573685449745155,SP,books_general_interest,2018-05-14 21:43:39,2018-08-24 23:42:21,102,2.984313725490196,4.594853192688251e-05,False,-1.2785684386772709,0.0,0.0,Monitor (low volume)
1588ac4010787100dddef64568f0ae35,3,3.0,0.3333333333333333,0.0,2.947453703703704,14.218518518518517,19.871064814814815,599.97,215.32333333333335,0.07667050019167625,PR,computers_accessories,2017-12-22 20:35:38,2018-01-18 15:29:09,26,3.0,4.5907977852076106e-05,False,0.6164294683968187,123.27972938467977,0.0002822769484097043,Monitor (low volume)
8e29d051f810eb22959ede205b462b9f,2,4.0,0.0,0.5,1.0020833333333334,30.743055555555554,31.752430555555556,599.8,406.64,0.3559186395465156,SP,pet_shop,2018-06-10 14:03:38,2018-06-19 13:38:23,8,2.0,4.589496994128914e-05,False,-0.25571368773545416,0.0,0.0,Monitor (low volume)
3be5841cdcc46de4ed3f9116f104b2c5,4,4.75,0.0,0.0,2.0522569444444443,4.657291666666667,8.005902777777777,599.6,171.9875,0.14734823215476983,SP,construction_tools_construction,2017-01-24 21:16:50,2017-02-12 21:41:09,19,4.0,4.58796665168339e-05,False,-0.5114273754709083,0.0,0.0,Monitor (low volume)
53336f97ddbe53e2a617d07b17447b95,1,5.0,0.0,0.0,0.4638888888888889,17.959722222222222,19.43125,599.5,674.83,0.12565471226021685,SP,home_appliances_2,2017-10-04 09:13:51,2017-10-04 09:13:51,0,1.0,4.5872014804606275e-05,False,-0.12785684386772708,0.0,0.0,Monitor (low volume)
c53bcd3be457a342a97e39e5a9f0be22,5,3.2,0.4,0.0,2.485833333333333,9.42611111111111,12.383333333333333,599.4000000000001,163.138,0.36927116609929056,SE,bed_bath_table,2017-01-30 23:20:41,2018-07-22 20:44:34,537,0.28342644320297955,4.586436309237865e-05,False,1.3607157806613646,163.1226077856844,0.00037350627043230894,Monitor (low volume)
262237171f48e85819065498cac80d7b,4,4.25,0.0,0.0,1.9962962962962962,9.43611111111111,11.0703125,599.0,187.25,0.2575959933222037,SC,sports_leisure,2017-08-02 08:58:27,2018-08-02 22:27:23,365,0.33358904109589044,4.5833756243468156e-05,False,-0.5114273754709083,0.0,0.0,Monitor (low volume)
38e6dada03429a47197d5d584d793b41,7,4.428571428571429,0.14285714285714285,0.14285714285714285,4.65218253968254,5.213789682539683,10.114781746031747,596.14,114.72142857142856,0.6649954765694938,SP,unknown,2017-09-06 19:27:08,2017-10-29 11:59:16,52,4.0976923076923075,4.56149172737581e-05,False,0.10500209292591037,8.942278239550314,2.0475377630123616e-05,Monitor (low volume)
c33a5c3c983090c8b78a28e65052a20d,8,4.125,0.25,0.0,1.2308159722222223,10.284635416666667,11.570052083333334,596.1,92.78875000000001,0.23912109594766195,SC,perfumery,2018-01-15 10:28:06,2018-06-24 23:22:22,160,1.522,4.561185658886706e-05,False,0.9771452490581833,72.80953537044789,0.0001667139728654576,Monitor (low volume)
11938fcc75f6902fea1d0a6f72b54a57,2,3.0,0.5,0.0,1.332638888888889,21.019444444444446,22.363888888888887,594.98,368.57000000000005,0.27473708821102777,SC,bed_bath_table,2018-01-11 21:19:54,2018-05-27 23:24:55,136,0.4476470588235294,4.5526157411917666e-05,False,0.7442863122645458,221.41773503557974,0.0005069862083701091,Monitor (low volume)
8c0de775f52fe41590b376a3b7c50f68,8,4.25,0.0,0.0,0.9825520833333333,4.377083333333333,6.213541666666667,594.8000000000001,88.44,0.19255955295147975,SP,sports_leisure,2018-03-15 22:24:24,2018-07-03 15:02:54,109,2.234128440366973,4.5512384329907947e-05,False,-1.0228547509418167,0.0,0.0,Monitor (low volume)
3d68c634a99a1ba46dbca3967a69c623,2,5.0,0.0,0.0,0.5190972222222222,8.218055555555555,9.194444444444445,594.0,428.85,0.44393939393939397,SC,cool_stuff,2018-07-22 15:43:14,2018-08-02 12:07:27,10,2.0,4.545117063208695e-05,False,-0.25571368773545416,0.0,0.0,Monitor (low volume)
6b15924333bd1a741595fe981ea04822,20,4.7,0.0,0.1,1.253298611111111,6.180347222222222,7.83125,590.62,41.2415,0.4196991600270129,SP,health_beauty,2017-02-01 11:13:37,2017-07-05 00:35:30,153,3.9790849673202615,4.5192542758793256e-05,False,-2.5571368773545418,0.0,0.0,Monitor (low volume)
8c91bfea4263b8fba54081460693e2a1,1,5.0,0.0,0.0,4.458333333333333,3.2430555555555554,7.706944444444445,590.0,609.24,0.03261016949152542,RS,health_beauty,2017-02-05 21:37:59,2017-02-05 21:37:59,0,1.0,4.514510214298199e-05,False,-0.12785684386772708,0.0,0.0,Monitor (low volume)
0a85ebe4e328db81ac9109781205e2f7,11,4.636363636363637,0.0,0.09090909090909091,1.3087121212121213,3.519570707070707,5.092992424242424,588.0,64.7690909090909,0.22193523369286083,SP,furniture_decor,2018-05-11 10:18:31,2018-08-24 15:40:41,105,3.188952380952381,4.4992067898429506e-05,False,-1.4064252825449979,0.0,0.0,Monitor (low volume)
5f06030071324cc52bf0304014ac7234,3,4.666666666666667,0.0,0.0,3.1129629629629627,8.02175925925926,11.143749999999999,587.97,218.06000000000003,0.11260778611153631,SP,bed_bath_table,2017-08-20 17:34:32,2017-08-26 11:01:38,5,3.0,4.4989772384761224e-05,False,-0.3835705316031812,0.0,0.0,Monitor (low volume)
5ef131ac72773e5b3f6c0d63cf424657,10,4.1,0.2,0.0,1.4793981481481482,3.8539583333333334,5.928333333333333,587.69,84.962,0.4832522133687494,SP,toys,2018-07-03 22:53:10,2018-08-25 16:48:02,52,5.853846153846154,4.4968347590523876e-05,False,0.7214315613227293,42.39781142737549,9.707942164299496e-05,Monitor (low volume)
6e4a902d1054e4e17aa6eab87fac1c75,7,4.142857142857143,0.14285714285714285,0.2857142857142857,2.612202380952381,3.9805555555555556,6.744146825396825,586.57,99.38571428571429,0.19430873661883882,SP,home_appliances,2018-08-06 23:49:14,2018-08-21 21:15:52,14,7.0,4.488264841357448e-05,False,0.10500209292591037,8.798725378221608,2.0146680740265064e-05,Monitor (low volume)
b274baf5bbd142410eb2958cf685d684,7,4.285714285714286,0.14285714285714285,0.0,0.6409722222222223,5.552876984126984,6.354166666666666,585.9,104.93857142857144,0.252311398090996,RS,toys,2018-05-16 12:51:33,2018-07-20 11:33:51,64,3.3293749999999998,4.48313819416494e-05,False,0.10500209292591037,8.788675177898698,2.0123668523315716e-05,Monitor (low volume)
bf961104a38e01b9062ee026bb657dee,4,4.5,0.0,0.0,1.661111111111111,7.060069444444444,9.057291666666666,585.56,166.365,0.1364505772252203,SP,cool_stuff,2017-02-02 13:51:50,2017-02-09 19:08:19,7,4.0,4.4805366120075475e-05,False,-0.5114273754709083,0.0,0.0,Monitor (low volume)
851773c885feb5e2da3b4f82bc2b17ce,10,4.2,0.1,0.2,1.1624305555555554,15.09763888888889,16.660486111111112,585.3,83.713,0.5304680940325012,SP,health_beauty,2018-02-08 13:55:48,2018-08-26 13:33:43,198,1.5373737373737375,4.478547166828365e-05,False,-0.27856843867727077,0.0,0.0,Monitor (low volume)
70b52a4cfc823994561b00bad161b4ed,8,4.375,0.0,0.0,9.635850694444445,3.1981770833333334,12.888715277777777,585.0,85.66875,0.18224358974358976,SP,auto,2017-02-21 16:17:51,2018-07-18 13:50:09,511,0.47655577299412916,4.4762516531600786e-05,False,-1.0228547509418167,0.0,0.0,Monitor (low volume)
4be6b962d83299498bae2190f95d6566,10,4.1,0.1,0.1,1.1758333333333333,6.499166666666666,7.699861111111112,584.22,77.088,0.4401361773506684,SP,small_appliances,2018-03-07 18:04:25,2018-08-12 16:08:03,157,1.9388535031847134,4.470283317622532e-05,False,-0.27856843867727077,0.0,0.0,Monitor (low volume)
71271995e85f5b8530be99ed54a91b89,6,3.0,0.3333333333333333,0.16666666666666666,5.904861111111111,5.5509259259259265,12.309259259259258,582.0,112.35833333333333,0.15833333333333333,RS,housewares,2017-11-23 11:16:22,2018-05-23 09:07:46,180,1.0146666666666666,4.4532965164772065e-05,False,1.2328589367936373,119.58731686898282,0.00027382233107396686,Monitor (low volume)
83353a83fd769dfafa4f21a72b15e3e5,5,3.8,0.2,0.2,3.7662499999999994,14.399722222222223,18.56,579.5,134.866,0.2039910652727981,SP,sports_leisure,2017-04-01 17:31:42,2017-12-17 23:30:16,260,0.5853846153846154,4.434167235908146e-05,False,0.36071578066136467,41.80695897865217,9.572653072557908e-05,Monitor (low volume)
be3b4b0f050a6aa1b2d901c4b77e979f,3,4.0,0.3333333333333333,0.0,1.1023148148148147,6.847222222222222,8.300925925925926,578.1999999999999,244.57333333333335,0.27536748395736915,PR,construction_tools_construction,2018-04-26 09:05:59,2018-06-08 12:12:54,43,2.123720930232558,4.4242200100122345e-05,False,0.6164294683968187,118.8065062090135,0.00027203448767520213,Monitor (low volume)
f524ad65d7e0f1daab730ef2d2e86196,1,1.0,1.0,1.0,6.793055555555555,18.089583333333334,24.899305555555557,578.0,609.5,0.054498269896193774,RS,garden_tools,2018-01-29 22:29:52,2018-01-29 22:29:52,0,1.0,4.42268966756671e-05,False,0.8721431561322729,504.0987442444537,0.0011542486013939267,Monitor (low volume)
01c97ebb5cdac52891c0ed1c37ba0012,9,4.222222222222222,0.1111111111111111,0.0,0.9728395061728394,12.60810185185185,13.929089506172838,577.5,84.0,0.4517037593853741,SP,computers_accessories,2017-04-13 23:47:01,2018-07-31 19:13:20,473,0.5791966173361522,4.418863811452898e-05,False,-0.1507115948095438,0.0,0.0,Monitor (low volume)
244b04680fdbded0acf5aebd9c92b44a,1,1.0,1.0,1.0,49.59375,0.2881944444444444,49.895833333333336,575.9,606.48,0.05309949644035423,SP,musical_instruments,2017-12-12 10:52:09,2017-12-12 10:52:09,0,1.0,4.4066210718886995e-05,False,0.8721431561322729,502.2672436165759,0.0011500549646068553,Monitor (low volume)
80f2cf9abf6b5a0e5c612b5eea6646e6,5,5.0,0.0,0.2,1.4191666666666667,10.19513888888889,11.822083333333333,572.38,156.328,0.3370692105773077,SP,baby,2018-04-05 08:21:18,2018-05-11 16:20:01,36,4.227777777777778,4.379687044847462e-05,False,-0.6392842193386354,0.0,0.0,Monitor (low volume)
9599519be538b98748162a2b48248960,1,1.0,1.0,0.0,1.5895833333333333,21.01875,22.617361111111112,570.0,630.06,0.10536842105263158,SP,sports_leisure,2018-04-08 07:57:38,2018-04-08 07:57:38,0,1.0,4.361475969745718e-05,False,0.8721431561322729,497.1215989953956,0.0011382728422050835,Monitor (low volume)
4e326052e5dbba8adcd512f3450a307e,3,2.3333333333333335,0.6666666666666666,0.0,2.7752314814814816,14.359722222222222,17.96736111111111,570.0,218.65333333333334,0.1392982456140351,SP,christmas_supplies,2018-01-31 16:24:50,2018-02-25 11:56:11,24,3.0,4.361475969745718e-05,False,1.6164294683968186,307.1215989953955,0.0007032246760098965,Monitor (low volume)
a35ef466c6fd6d052f5d241240d3c5e2,3,4.666666666666667,0.0,0.0,1.199537037037037,10.60810185185185,11.831018518518519,569.9,216.51666666666665,0.2784770282823535,RS,sports_leisure,2017-08-14 23:18:10,2017-09-30 18:38:46,46,1.9852173913043478,4.360710798522955e-05,False,-0.3835705316031812,0.0,0.0,Monitor (low volume)
a254c682cc01e119f83530446f1df9a9,6,4.0,0.16666666666666666,0.16666666666666666,1.3399305555555554,13.395023148148148,15.06909722222222,569.4000000000001,134.90333333333334,0.42666205507311133,SP,pet_shop,2018-03-19 13:24:33,2018-08-22 12:47:22,155,1.1783225806451614,4.3568849424091436e-05,False,0.23285893679363745,22.098313101716197,5.0599108373203696e-05,Monitor (low volume)
cd2169d9f31ff6fbb9ca3373b0c9e354,1,4.0,0.0,0.0,0.7923611111111111,14.347222222222221,15.164583333333333,569.0,625.33,0.0989982425307557,RJ,baby,2018-06-15 11:46:28,2018-06-15 11:46:28,0,1.0,4.353824257518093e-05,False,-0.12785684386772708,0.0,0.0,Monitor (low volume)
73b8eb4a9a729d4019b24ed1be748cbf,7,4.857142857142857,0.0,0.0,1.1305555555555555,3.143253968253968,4.136607142857143,568.9,93.64285714285714,0.17400144477881016,SP,auto,2018-06-18 10:32:17,2018-08-07 14:24:49,50,4.2616000000000005,4.353059086295331e-05,False,-0.8949979070740895,0.0,0.0,Monitor (low volume)
4170f6a9367e6b5d6401d03ce6d54569,4,4.0,0.25,0.25,15.065972222222221,8.864236111111111,24.803472222222222,568.78,165.4525,0.21007294658160605,DF,computers_accessories,2017-10-20 16:51:47,2017-12-20 00:40:45,60,2.0293333333333337,4.352140880828016e-05,False,0.48857262452909167,69.47258434491418,0.00015907326536892293,Monitor (low volume)
f52c2422904463fdd7741f99045fecb6,12,4.25,0.08333333333333333,0.08333333333333333,1.3764520202020203,4.205729166666667,5.673784722222222,567.79,62.06666666666666,0.49871457626751425,SP,housewares,2018-06-15 21:52:01,2018-08-21 18:44:58,66,5.534545454545454,4.344565685722668e-05,False,-0.5342821264127251,0.0,0.0,Monitor (low volume)
b7ed9fb14c8eadb37adb9c45d67ab0fb,7,3.2857142857142856,0.42857142857142855,0.0,2.3068452380952382,10.157440476190475,12.563095238095238,566.0,112.53571428571429,0.35762484471376105,SP,stationery,2017-07-01 12:10:10,2018-07-27 20:09:23,391,0.5449616368286445,4.330869120835221e-05,False,2.1050020929259103,170.20445494229506,0.00038972176842577244,Monitor (low volume)
768a86e36ad6aae3d03ee3c6433d61df,16,4.625,0.0,0.1875,0.9090773809523809,3.6765625,5.070269097222222,562.46,45.628125,0.3104695937289037,SP,toys,2018-06-19 11:51:55,2018-08-23 20:27:42,65,7.492923076923077,4.303782059549432e-05,False,-2.0457095018836333,0.0,0.0,Monitor (low volume)
2f74af7a0ee5636f12c2336f9fffed47,13,4.3076923076923075,0.07692307692307693,0.0,3.7214743589743593,5.782959401709402,9.696527777777778,560.6999999999999,55.72846153846154,0.30703308789931794,SP,sports_leisure,2017-06-04 12:09:58,2017-11-20 18:50:52,169,2.3415384615384616,4.290315046028813e-05,False,-0.662138970280452,0.0,0.0,Monitor (low volume)
5f5a58930c3c35f3b5af264f34fb8c85,3,5.0,0.0,0.0,3.0317129629629633,4.450231481481481,7.95925925925926,560.0,209.52999999999997,0.1301067231321326,SP,home_appliances_2,2018-06-25 09:19:01,2018-07-19 12:04:10,24,3.0,4.2849588474694764e-05,False,-0.3835705316031812,0.0,0.0,Monitor (low volume)
2f09f7d37a97956d11cc1a7cadd5262b,6,4.166666666666667,0.16666666666666666,0.16666666666666666,3.751041666666667,8.73599537037037,12.785300925925926,560.0,111.435,0.19213402496626183,SP,unknown,2017-02-07 17:18:57,2017-09-02 13:22:11,206,0.8866019417475729,4.2849588474694764e-05,False,0.23285893679363745,21.73350076740616,4.976378765190387e-05,Monitor (low volume)
b12cfd255810394b60caef18ae163547,2,4.5,0.0,0.0,2.4138888888888888,12.913194444444445,15.839236111111111,560.0,363.075,0.2966964285714285,PR,office_furniture,2017-11-20 16:52:14,2017-11-24 00:34:46,3,2.0,4.2849588474694764e-05,False,-0.25571368773545416,0.0,0.0,Monitor (low volume)
820c7c9eaf76d2b226b6c242bcf3f34d,1,4.0,0.0,0.0,0.45208333333333334,15.847916666666666,17.759722222222223,559.0,577.0,0.03220035778175313,SP,home_appliances_2,2017-01-30 17:33:05,2017-01-30 17:33:05,0,1.0,4.2773071352418527e-05,False,-0.12785684386772708,0.0,0.0,Monitor (low volume)
35b96509602ec4b7da831b5cd73ff2c2,2,4.5,0.0,0.0,1.5,7.121875,9.124652777777778,558.9,303.225,0.08548998135377513,RS,sports_leisure,2018-05-08 09:35:12,2018-08-03 19:12:10,87,0.6997701149425287,4.2765419640190904e-05,False,-0.25571368773545416,0.0,0.0,Monitor (low volume)
9aa388272ee334b6ae07bc73706e254a,5,5.0,0.0,0.0,1.750138888888889,7.794305555555556,9.555972222222222,557.9,137.834,0.23333177802045074,MG,bed_bath_table,2018-03-30 21:23:29,2018-08-17 00:25:31,139,1.0949640287769784,4.268890251791466e-05,False,-0.6392842193386354,0.0,0.0,Monitor (low volume)
8a207b6080964f3c1fc9d35bd6096ba4,2,5.0,0.0,0.5,1.834375,19.855555555555554,22.714236111111113,553.7,365.02000000000004,0.27813877129770437,SP,furniture_bedroom,2017-09-20 11:20:55,2017-11-03 11:10:16,43,1.415813953488372,4.2367530604354456e-05,False,-0.25571368773545416,0.0,0.0,Monitor (low volume)
385799a1cddbd26dfeb9157356a42282,4,4.75,0.0,0.0,3.9546875,3.8722222222222222,8.502951388888889,551.9399999999999,156.67999999999998,0.1420806609414067,SP,sports_leisure,2017-03-28 16:03:34,2017-09-09 16:16:29,165,0.7379393939393939,4.2232860469148264e-05,False,-0.5114273754709083,0.0,0.0,Monitor (low volume)
6e0908ef4d4efadbc3cc2b74ea477cb0,7,4.142857142857143,0.14285714285714285,0.14285714285714285,5.099206349206349,7.592261904761904,13.233630952380953,550.4499999999999,100.17857142857143,0.3275689508289628,RJ,furniture_decor,2017-02-05 17:06:00,2017-09-01 16:11:40,207,1.0293719806763286,4.211884995695666e-05,False,0.10500209292591037,8.256914578723908,1.8906081820548104e-05,Monitor (low volume)
89ad3263c0931c47f976d7c5778e60f6,5,4.0,0.2,0.0,1.3022222222222222,4.750416666666666,6.490694444444445,550.05,133.142,0.24285005624921455,SP,baby,2018-06-25 10:02:54,2018-07-28 14:44:16,33,4.612121212121212,4.2088243108046166e-05,False,0.36071578066136467,39.68234303055672,9.086173981985292e-05,Monitor (low volume)
74871d19219c7d518d0090283e03c137,6,5.0,0.0,0.0,0.6215277777777778,3.189699074074074,3.8707175925925923,550.04,106.31833333333334,0.19807150944024152,SP,sports_leisure,2018-04-05 16:56:38,2018-08-21 19:11:28,138,1.3234782608695652,4.208747793682341e-05,False,-0.7671410632063624,0.0,0.0,Monitor (low volume)
eb9cd5b35d95206585e2185318cb5c61,2,3.0,0.5,0.5,5.138541666666667,10.823611111111111,16.27048611111111,550.0,305.775,0.11185294117647059,SP,furniture_decor,2018-06-21 12:24:00,2018-07-16 11:01:26,24,2.0,4.208441725193236e-05,False,0.7442863122645458,204.67873587275008,0.00046865846684520485,Monitor (low volume)
bb2afe2061d53c6968aa0cffa233a8ec,5,4.8,0.0,0.0,0.6395833333333333,3.765138888888889,4.431388888888889,549.4,128.804,0.19323172634291574,SP,sports_leisure,2018-05-09 17:11:55,2018-07-21 23:56:29,73,2.084931506849315,4.203850697856662e-05,False,-0.6392842193386354,0.0,0.0,Monitor (low volume)
e433f5fd4050e3352b5d83522b7fe24b,1,4.0,0.0,0.0,3.438888888888889,3.3673611111111112,7.448611111111111,548.06,596.77,0.08887713024121448,PR,home_construction,2018-08-23 11:45:59,2018-08-23 11:45:59,0,1.0,4.193597403471645e-05,False,-0.12785684386772708,0.0,0.0,Monitor (low volume)
6c99c983ce3b6ba0ab813e6790e81691,9,3.7777777777777777,0.2222222222222222,0.0,0.7049479166666667,5.2256172839506165,6.133487654320987,546.75,83.61222222222221,0.5771166646632918,MG,toys,2018-05-31 22:54:21,2018-08-07 11:15:11,67,4.088955223880597,4.183573660453458e-05,False,0.8492884051904561,51.59427061532021,0.00011813680430196458,Monitor (low volume)
9c1c0c36cd23c20897e473901a8fb149,6,5.0,0.0,0.0,1.7336805555555557,4.112152777777777,6.220833333333334,544.97,119.50666666666666,0.37466922894061744,SP,food_drink,2018-05-18 18:22:51,2018-08-23 19:57:47,97,1.8828865979381444,4.1699536126882874e-05,False,-0.7671410632063624,0.0,0.0,Monitor (low volume)
af7cdac9d9897cddead9c6b08976c642,6,3.6666666666666665,0.16666666666666666,0.16666666666666666,1.4189814814814816,13.465856481481481,15.225,543.54,115.66833333333334,0.28163998097106635,SP,toys,2018-03-14 08:57:54,2018-08-18 11:30:57,157,1.1633121019108281,4.1590116642027844e-05,False,0.23285893679363745,21.094691084135615,4.830108775056398e-05,Monitor (low volume)
4cc4fd4fdd406a85bbdc1f824b731bd7,1,5.0,0.0,0.0,2.527083333333333,5.763194444444444,8.30486111111111,539.98,571.22,0.05785399459239231,PR,auto,2018-02-26 12:08:58,2018-02-26 12:08:58,0,1.0,4.1317715686724434e-05,False,-0.12785684386772708,0.0,0.0,Monitor (low volume)
228e4c1a0be164f613d41c24345f9d2c,5,5.0,0.0,0.0,3.8308333333333335,7.087916666666667,11.11888888888889,539.7,153.888,0.4265808218343251,PR,housewares,2018-05-07 13:31:20,2018-08-10 22:17:45,95,1.6021052631578947,4.1296290892487086e-05,False,-0.6392842193386354,0.0,0.0,Monitor (low volume)
d94ba08b99bedd6a5f6c875ecc4a6fac,8,4.75,0.0,0.0,2.3964409722222224,9.787673611111112,12.503645833333334,539.1,87.58749999999999,0.2983514190317195,PR,housewares,2017-04-12 11:02:29,2017-07-27 10:15:39,105,2.3192380952380955,4.125038061912134e-05,False,-1.0228547509418167,0.0,0.0,Monitor (low volume)
6c17baf138731a4aaacc3210adf2037b,4,5.0,0.0,0.0,0.796875,6.260763888888889,7.550173611111111,538.8,157.18,0.1838426763709874,SP,perfumery,2018-08-06 15:08:47,2018-08-20 23:20:11,14,4.0,4.122742548243846e-05,False,-0.5114273754709083,0.0,0.0,Monitor (low volume)
08d1c9478fb0d7d7fcac9c0da4e82fc7,1,5.0,0.0,0.0,5.775,4.147222222222222,10.39236111111111,538.0,605.5699999999999,0.12559479553903344,MG,furniture_decor,2018-06-12 08:29:53,2018-06-12 08:29:53,0,1.0,4.116621178461747e-05,False,-0.12785684386772708,0.0,0.0,Monitor (low volume)
ff314fa6033cc68ec451c47aee2d6ba4,2,5.0,0.0,0.0,6.471875,4.206597222222222,10.6875,537.9,285.16999999999996,0.06030866505479532,SP,unknown,2017-01-25 09:09:46,2017-05-19 16:09:06,114,0.5340350877192983,4.115856007238985e-05,False,-0.25571368773545416,0.0,0.0,Monitor (low volume)
1fe61aa5494bd3ae92a2c13e067c810f,1,4.0,0.0,0.0,0.3368055555555556,7.638888888888889,7.990277777777778,537.76,638.5799999999999,0.18748140434394525,SC,auto,2017-11-27 12:12:28,2017-11-27 12:12:28,0,1.0,4.1147847675271174e-05,False,-0.12785684386772708,0.0,0.0,Monitor (low volume)
638cba8be1fb599bbb76fd6948351eb3,16,4.6875,0.0625,0.0,1.4969184027777778,6.237847222222222,8.141059027777779,535.4,50.229375000000005,0.539002861854614,SP,sports_leisure,2017-05-21 19:27:09,2017-09-28 15:30:58,129,3.775503875968992,4.0967267266699246e-05,False,-1.0457095018836333,0.0,0.0,Monitor (low volume)
e59e489e2ea74bd409b798b5daf49de3,3,1.6666666666666667,0.6666666666666666,0.0,4.889351851851852,10.016666666666667,15.363425925925926,534.9,214.5566666666667,0.2313297845263288,PR,furniture_decor,2017-09-05 18:29:33,2018-05-01 15:58:00,237,0.38531645569620254,4.092900870556113e-05,False,1.6164294683968186,288.2093742151527,0.0006599208406977081,Monitor (low volume)
4e85b538b0dad58852641540686d0e14,4,3.75,0.25,0.5,5.594618055555555,11.364409722222224,17.225347222222222,531.97,161.58749999999998,0.8387692149345933,SP,garden_tools,2017-07-27 08:45:34,2018-06-25 14:34:45,333,0.36564564564564567,4.070481353729174e-05,False,0.48857262452909167,64.97649476768522,0.00014877844681301372,Monitor (low volume)
1f7fd2a6fcd5a6fa5d8a4dabc72aaae0,3,5.0,0.0,0.0,0.844212962962963,6.13449074074074,7.109722222222222,531.8,210.89333333333332,0.19199138673557278,RS,housewares,2017-04-05 15:15:05,2018-05-07 09:12:36,396,0.23060606060606062,4.069180562650478e-05,False,-0.3835705316031812,0.0,0.0,Monitor (low volume)
4342d4b2ba6b161468c63a7e7cfce593,2,1.0,1.0,0.5,3.7708333333333335,11.884027777777778,15.676041666666666,528.9,281.72,0.10405514363275395,RJ,watches_gifts,2018-05-19 23:44:09,2018-07-25 11:21:39,66,0.9224242424242424,4.046990597190368e-05,False,1.7442863122645458,461.2765152783591,0.0010561973793724012,Monitor (low volume)
3969863bb8af7f72580b3b1ffd3a17b3,10,4.3,0.0,0.0,4.8525,4.962291666666667,10.000277777777779,528.26,67.96799999999999,0.29109989372585476,SP,sports_leisure,2017-11-25 00:32:14,2018-08-14 16:18:52,262,1.1618320610687023,4.042093501364689e-05,False,-1.2785684386772709,0.0,0.0,Monitor (low volume)
48fb026ed7455a42f5d3e9390ed5088e,9,2.888888888888889,0.4444444444444444,0.0,1.8368827160493828,9.743132716049383,11.885956790123457,526.63,79.81222222222222,0.5515092852288954,RJ,auto,2017-05-24 12:42:59,2017-08-27 23:02:04,95,2.8837894736842107,4.029621210433662e-05,False,2.849288405190456,166.72452809171665,0.0003817536852950486,Monitor (low volume)
979e9f8b5b39dd243a2550c8b05aecf0,3,5.0,0.0,0.0,2.4898148148148147,6.493750000000001,9.339583333333334,525.0,190.62666666666667,0.1022563492063492,SP,health_beauty,2018-01-25 12:48:59,2018-04-04 21:49:23,69,1.3234782608695652,4.0171489195026344e-05,False,-0.3835705316031812,0.0,0.0,Monitor (low volume)
02b72cdeb9cfcc429f1af6f4e3f3b737,4,4.75,0.0,0.0,0.8340277777777778,10.946875,12.510416666666668,522.65,187.16000000000003,0.4315855764039368,SP,baby,2018-07-25 21:20:47,2018-08-22 20:09:46,27,4.0,3.999167395767718e-05,False,-0.5114273754709083,0.0,0.0,Monitor (low volume)
6e13dd869aa7185f601c941423abcc8f,5,4.8,0.0,0.0,1.4381944444444446,2.1920833333333336,4.279166666666667,522.0,119.61599999999999,0.15637845849802373,SP,health_beauty,2018-04-07 18:30:52,2018-07-17 16:29:37,100,1.522,3.9941937828197624e-05,False,-0.6392842193386354,0.0,0.0,Monitor (low volume)
bbaff50f3b708fda865918715276cd87,12,4.75,0.0,0.16666666666666666,3.093113425925926,7.010358796296296,10.197395833333333,521.7,61.7425,0.5761310213467705,SP,food_drink,2017-03-15 11:20:40,2018-08-06 21:40:05,509,0.7176424361493124,3.9918982691514756e-05,False,-1.5342821264127249,0.0,0.0,Monitor (low volume)
d8cf3b6a2151949f930d0252b180ec42,5,3.2,0.4,0.0,1.5145833333333332,4.690555555555555,6.460833333333333,521.2,168.62600000000003,0.614516077574551,PR,drinks,2018-04-15 16:48:15,2018-06-21 11:12:14,66,2.306060606060606,3.988072413037663e-05,False,1.3607157806613646,141.84101297614066,0.00032477722413967204,Monitor (low volume)
c026ef0d72e9132d9fa112308090c8dc,1,4.0,0.0,0.0,1.9972222222222222,9.175,11.180555555555555,520.0,557.72,0.07253846153846154,RJ,home_construction,2018-08-05 11:38:06,2018-08-05 11:38:06,0,1.0,3.978890358364514e-05,False,-0.12785684386772708,0.0,0.0,Monitor (low volume)
fc59392d66ef99377e50356ee4f3b4e1,5,3.6,0.4,0.0,1.2149305555555556,6.928194444444445,7.950833333333333,519.99,121.39199999999998,0.17018876405980365,BA,computers_accessories,2018-05-20 01:15:58,2018-08-12 07:47:57,84,1.811904761904762,3.978813841242238e-05,False,1.3607157806613646,141.5117197572206,0.00032402323250266317,Monitor (low volume)
d197aa8fbc64087f61984deef05f6227,6,4.833333333333333,0.0,0.0,2.919675925925926,3.7714120370370368,7.411458333333333,519.09,105.10833333333333,0.3085005820791865,SP,stationery,2018-05-16 21:36:57,2018-08-21 13:46:22,96,1.9025,3.971927300237376e-05,False,-0.7671410632063624,0.0,0.0,Monitor (low volume)
ff4e2d38692ce827b1a4f4b8196e680d,11,4.2727272727272725,0.09090909090909091,0.0,2.892361111111111,5.975757575757576,9.210669191919193,518.9,60.83454545454546,0.31155423495968815,SP,books_technical,2017-08-20 16:31:57,2018-07-08 10:36:42,321,1.043115264797508,3.9704734749141274e-05,False,-0.4064252825449979,0.0,0.0,Monitor (low volume)
a7dc4098e4da6e41b426269d12ae7e91,2,3.0,0.5,0.0,2.053472222222222,2.4114583333333335,6.347916666666666,518.0,277.225,0.07976867151354924,SP,auto,2018-07-19 11:18:27,2018-08-10 10:39:43,21,2.0,3.963586933909266e-05,False,0.7442863122645458,192.77015487651735,0.0004413910651378475,Monitor (low volume)
7e79d65b5c6f1f544b7daea036acf720,4,4.5,0.0,0.0,2.8538194444444445,5.263541666666667,8.567013888888889,517.8,144.97250000000003,0.14255741746458572,SP,toys,2017-06-14 14:13:14,2017-10-24 12:11:43,131,0.9294656488549619,3.962056591463741e-05,False,-0.5114273754709083,0.0,0.0,Monitor (low volume)
3296662b1331dea51e744505065ae889,1,5.0,0.0,0.0,1.0777777777777777,2.303472222222222,3.404861111111111,517.8,545.51,0.053514870606411746,SP,portateis_cozinha_e_preparadores_de_alimentos,2018-08-27 12:41:49,2018-08-27 12:41:49,0,1.0,3.962056591463741e-05,False,-0.12785684386772708,0.0,0.0,Monitor (low volume)
9e6967d3cf386d284251784b18ccb485,9,3.888888888888889,0.2222222222222222,0.1111111111111111,2.3170524691358025,4.390817901234568,7.2454475308641975,517.67,72.76666666666667,0.3619440929408616,SP,toys,2018-06-12 20:43:08,2018-08-14 15:42:47,62,4.418709677419355,3.9610618688741496e-05,False,0.8492884051904561,48.85012541277148,0.00011185346041700593,Monitor (low volume)
1d503743d2526f03f0c2c89540ee008c,12,3.9166666666666665,0.16666666666666666,0.08333333333333333,1.6816550925925926,8.941030092592593,10.802488425925928,516.04,60.04416666666666,0.5102961056672595,SP,auto,2018-01-25 15:23:17,2018-07-15 12:57:22,170,2.148705882352941,3.948589577943123e-05,False,0.4657178735872749,20.027420957164775,4.585733032122941e-05,Monitor (low volume)
b87a7ea0c30fad2dd6781b74a0064859,9,3.4444444444444446,0.3333333333333333,0.3333333333333333,2.2347222222222225,12.911574074074075,15.24297839506173,515.4,70.86111111111111,0.3270953353213639,SP,auto,2018-01-10 19:14:05,2018-07-02 14:00:47,172,1.5927906976744186,3.9436924821174435e-05,False,1.8492884051904561,105.90258267057345,0.00024248802308509025,Monitor (low volume)
a06c8ff043abea0528ee44171e2140a2,8,4.75,0.0,0.0,0.6588541666666666,2.957986111111111,3.8793402777777777,514.5,75.86625000000001,0.27453494529355277,MG,baby,2018-02-22 16:33:54,2018-08-09 21:16:06,168,1.4495238095238097,3.936805941112582e-05,False,-1.0228547509418167,0.0,0.0,Monitor (low volume)
c157bdeedcbc9a8e3c8bf0d87ff24428,7,4.428571428571429,0.0,0.0,2.2848214285714286,9.146031746031744,12.136805555555556,514.27,103.28142857142858,0.49549862321455357,SP,unknown,2017-05-05 16:46:55,2017-08-20 12:22:14,106,2.010188679245283,3.935046047300228e-05,False,-0.8949979070740895,0.0,0.0,Monitor (low volume)
312ba1d77e9c332ef21f9598b7f64cd7,7,3.142857142857143,0.42857142857142855,0.5714285714285714,10.786309523809523,14.637996031746031,25.699305555555554,513.0,87.91571428571429,0.21349111382444716,SP,toys,2018-01-29 11:36:06,2018-07-23 10:53:28,174,1.2245977011494253,3.9253283727711456e-05,False,2.1050020929259103,154.26658195299888,0.0003532283872834298,Monitor (low volume)
4a82168aaef173cbb6e46ae88728f919,4,4.0,0.25,0.0,1.7642361111111111,4.803298611111111,6.717881944444445,512.0,153.0975,0.19836215797625195,PR,health_beauty,2018-07-13 15:26:30,2018-08-07 13:32:25,24,4.0,3.917676660543522e-05,False,0.48857262452909167,62.537295939723734,0.00014319334693359216,Monitor (low volume)
2b2fed75b8e5ea3a052fc4c0825da485,3,5.0,0.0,0.0,0.8131944444444444,3.403935185185185,5.570601851851851,510.9,190.27666666666667,0.1776997090654641,MG,toys,2017-04-23 15:20:31,2017-07-29 22:32:22,97,0.9414432989690722,3.909259777093135e-05,False,-0.3835705316031812,0.0,0.0,Monitor (low volume)
249f0e9905a6e06ad6c6bea7547ab9f6,3,3.6666666666666665,0.3333333333333333,0.0,2.5571759259259257,3.5706018518518516,6.271527777777777,510.43,214.57333333333335,0.22023329267569836,RJ,art,2018-06-25 01:10:48,2018-08-03 18:54:39,39,2.3415384615384616,3.905663472346152e-05,False,0.6164294683968187,104.8813645179294,0.00024014971211354797,Monitor (low volume)
c3aad7dc65449ae90a5e9c3c6c1e78e0,6,4.666666666666667,0.0,0.0,2.361689814814815,4.305208333333333,7.486111111111112,510.0,106.72666666666667,0.2629074074074074,SP,party_supplies,2018-08-10 15:26:47,2018-08-23 00:23:11,12,6.0,3.9023732360882735e-05,False,-0.7671410632063624,0.0,0.0,Monitor (low volume)
33cbda8716511e27e556dff9d8418bf2,5,4.8,0.0,0.0,2.006111111111111,10.421666666666667,12.71263888888889,507.4,123.114,0.26361434557763974,SC,bed_bath_table,2017-03-30 14:48:27,2018-06-05 13:29:17,431,0.3531322505800464,3.8824787842964505e-05,False,-0.6392842193386354,0.0,0.0,Monitor (low volume)
5e49e3a44bdeb5aab2684258bbd4f525,3,4.666666666666667,0.0,0.3333333333333333,2.159490740740741,14.48449074074074,16.658564814814813,507.0,186.59,0.10408284023668639,SC,sports_leisure,2017-12-14 11:30:41,2018-03-15 14:54:00,91,1.0035164835164836,3.8794180994054015e-05,False,-0.3835705316031812,0.0,0.0,Monitor (low volume)
3ea00e1dea2b0659dbaf654735929220,7,4.857142857142857,0.0,0.0,1.9524801587301588,8.486706349206349,11.446329365079364,505.0,92.85285714285715,0.3055151515151516,PR,cool_stuff,2017-02-22 16:04:36,2018-03-14 23:13:24,385,0.5534545454545455,3.864114674950153e-05,False,-0.8949979070740895,0.0,0.0,Monitor (low volume)
2493dc3f20131696a0ecdb9948051a8d,4,4.75,0.0,0.0,1.1416666666666666,7.383333333333334,9.174826388888889,504.38,143.76749999999998,0.1491352626468541,DF,cool_stuff,2017-01-24 17:09:24,2017-02-07 23:15:25,14,4.0,3.859370613369026e-05,False,-0.5114273754709083,0.0,0.0,Monitor (low volume)
6dc9bec584588412a6a338830946a3e4,1,2.0,1.0,0.0,3.9604166666666667,17.750694444444445,21.719444444444445,501.78000000000003,653.6400000000001,0.3026425923711587,SP,furniture_decor,2017-02-17 13:53:06,2017-02-17 13:53:06,0,1.0,3.839476161577204e-05,False,0.8721431561322729,437.6239928840519,0.0010020395557222225,Monitor (low volume)
20a7efa9721046319bdde5d60b6b5365,3,5.0,0.0,0.0,0.7560185185185185,18.324537037037036,19.36967592592593,501.20000000000005,198.86333333333334,0.22863608752184708,SP,unknown,2018-01-08 10:50:24,2018-02-08 14:19:47,31,2.945806451612903,3.835038168485182e-05,False,-0.3835705316031812,0.0,0.0,Monitor (low volume)
39a5005f2605cbdb4f9ac14485cabfd1,3,5.0,0.0,0.0,0.9884259259259259,7.70763888888889,9.623611111111112,501.06999999999994,244.5533333333333,0.4722970636437834,SP,auto,2018-06-27 10:45:14,2018-08-04 13:18:33,38,2.403157894736842,3.83404344589559e-05,False,-0.3835705316031812,0.0,0.0,Monitor (low volume)
97e995629983723d11830a829bc2b246,5,4.8,0.0,0.0,4.284583333333333,12.416666666666668,17.007916666666667,499.5,119.774,0.30817908342173866,SP,books_technical,2017-11-07 16:31:04,2018-08-16 15:44:33,281,0.5416370106761567,3.822030257698221e-05,False,-0.6392842193386354,0.0,0.0,Monitor (low volume)
13c2ed7698b3ca92dad49e849219da59,8,4.375,0.125,0.0,1.8842881944444445,8.884201388888888,10.88984375,498.61,81.66125,0.46264885187128885,PR,perfumery,2018-01-03 20:20:26,2018-08-02 12:06:05,210,1.1596190476190478,3.815220233815635e-05,False,-0.02285475094181666,0.0,0.0,Monitor (low volume)
e6a69c4a27dfdd98ffe5aa757ad744bc,20,4.45,0.05,0.0,4.651493055555555,6.079131944444445,10.98670138888889,495.67,37.8895,0.8804917919469997,SP,housewares,2017-02-01 17:21:33,2018-06-10 15:02:54,493,1.2348884381338745,3.792724199866421e-05,False,-1.5571368773545415,0.0,0.0,Monitor (low volume)
0d33a55da925bbf1ff02af5f6059fc7f,20,4.4,0.1,0.05,1.4186769005847952,7.043368055555556,8.709930555555555,495.3,41.7115,0.7238564670652864,SP,books_technical,2017-11-09 12:56:00,2018-08-01 12:32:19,264,2.306060606060606,3.7898930663422e-05,False,-0.5571368773545415,0.0,0.0,Monitor (low volume)
265fdc289dffa9f1ad801c74f7d0de47,1,5.0,0.0,0.0,1.0680555555555555,6.282638888888889,7.357638888888889,495.0,546.55,0.10414141414141413,SP,furniture_bedroom,2018-08-13 12:20:57,2018-08-13 12:20:57,0,1.0,3.787597552673913e-05,False,-0.12785684386772708,0.0,0.0,Monitor (low volume)
ccbd753e6863fe7314dc6c0ca5a074e7,1,4.0,0.0,0.0,0.7569444444444444,11.092361111111112,11.86111111111111,495.0,596.56,0.20517171717171717,SC,auto,2018-08-12 20:58:54,2018-08-12 20:58:54,0,1.0,3.787597552673913e-05,False,-0.12785684386772708,0.0,0.0,Monitor (low volume)
c458e2045a8aa8964f8879af03fdcce6,4,2.75,0.5,0.0,4.3015625,11.297048611111112,16.039409722222224,494.91,172.925,0.40856745026348634,SP,fixed_telephony,2017-02-12 18:48:56,2017-05-05 12:35:47,81,1.5032098765432098,3.786908898573427e-05,False,1.4885726245290916,184.1773694014232,0.0004217159305933825,Monitor (low volume)
fcba71d4d5db057f43249145e4eb1e27,3,4.666666666666667,0.0,0.0,1.444212962962963,17.137962962962963,18.623148148148147,494.55,182.75666666666666,0.1088586529776412,SP,watches_gifts,2017-10-30 21:45:33,2018-02-26 21:43:45,118,0.7738983050847458,3.7841542821714816e-05,False,-0.3835705316031812,0.0,0.0,Monitor (low volume)
0951a6e282947e09cd47969f4ed0b47f,7,4.857142857142857,0.0,0.0,0.9119047619047619,3.654861111111111,4.719444444444444,492.3,82.90285714285714,0.23811563544249875,SP,perfumery,2018-07-26 09:25:14,2018-08-27 14:39:21,32,6.6587499999999995,3.7669379296593274e-05,False,-0.8949979070740895,0.0,0.0,Monitor (low volume)
c84592044b180dec206770c38603814b,14,4.428571428571429,0.07142857142857142,0.0,2.051636904761905,10.512202380952383,12.918700396825397,491.94,50.06928571428572,0.5199804478525326,SP,electronics,2018-02-28 14:53:09,2018-05-12 11:42:27,72,5.918888888888889,3.764183313257383e-05,False,-0.7899958141481792,0.0,0.0,Monitor (low volume)
340636a908b13bbe0f4fb63fbe1d0c03,3,5.0,0.0,0.0,3.078009259259259,3.9569444444444444,7.825925925925926,490.5,175.5,0.07146964381207886,SP,pet_shop,2018-04-06 17:48:33,2018-05-06 11:40:23,29,3.0,3.753164847649604e-05,False,-0.3835705316031812,0.0,0.0,Monitor (low volume)
b9c0ffa92f3ff9a5a3d45ef7213c0842,3,5.0,0.0,0.0,2.5847222222222226,18.04861111111111,21.183564814814815,490.0,190.72333333333333,0.18811868686868685,SP,baby,2017-09-17 06:44:58,2017-12-14 20:24:06,88,1.0377272727272728,3.7493389915357924e-05,False,-0.3835705316031812,0.0,0.0,Monitor (low volume)
7816cd9c5b1238e320545f5bf7eb80e8,1,4.0,0.0,0.0,0.5902777777777778,10.291666666666666,10.901388888888889,489.0,511.76,0.0465439672801636,SP,garden_tools,2018-05-24 21:30:11,2018-05-24 21:30:11,0,1.0,3.741687279308168e-05,False,-0.12785684386772708,0.0,0.0,Monitor (low volume)
3d4824f20035949c710eaf111f869d39,7,3.857142857142857,0.2857142857142857,0.14285714285714285,4.3787698412698415,4.613293650793651,9.189484126984127,488.84,90.75142857142858,0.5458578073804159,SP,music,2018-06-04 19:07:48,2018-08-12 21:12:46,69,3.0881159420289856,3.740463005351748e-05,False,1.1050020929259103,77.1670318722717,0.0001766914510881965,Monitor (low volume)
f88adb15807168d3c43d71021090ce4a,3,3.3333333333333335,0.3333333333333333,0.0,0.9581018518518518,5.113657407407407,6.3657407407407405,488.8,180.35333333333335,0.10728610372817622,SP,party_supplies,2018-04-23 22:45:21,2018-08-14 18:06:34,112,0.8153571428571429,3.7401569368626434e-05,False,0.6164294683968187,100.43690805078832,0.00022997311929373712,Monitor (low volume)
6879c4d287a8dd06b11f54ea8f78e4da,5,5.0,0.0,0.0,1.4940972222222222,5.623472222222222,7.023472222222222,487.67999999999995,123.98599999999999,0.2845341190420061,SP,stationery,2018-06-13 23:58:54,2018-08-14 23:53:56,61,2.495081967213115,3.731587019167704e-05,False,-0.6392842193386354,0.0,0.0,Monitor (low volume)
09bad886111255c5b5030314fc7f1a4a,5,5.0,0.0,0.0,2.0836111111111113,3.522916666666667,6.469027777777778,487.5,112.072,0.14945641025641027,SP,art,2018-08-08 18:25:48,2018-08-27 19:37:48,19,5.0,3.730209710966732e-05,False,-0.6392842193386354,0.0,0.0,Monitor (low volume)
83a75eea11694e36e56dd0cb2240229a,3,5.0,0.0,0.0,2.0393518518518516,1.7106481481481481,4.093981481481482,487.0,176.49,0.08593211071754299,SP,unknown,2018-02-25 20:10:26,2018-04-18 13:43:52,51,1.7905882352941178,3.72638385485292e-05,False,-0.3835705316031812,0.0,0.0,Monitor (low volume)
cb9fb4ca75d7ba8437480e8dde64fe98,9,4.222222222222222,0.1111111111111111,0.0,1.3428240740740742,7.826234567901234,9.417283950617284,485.15999999999997,70.27333333333334,0.31796454551703934,SP,unknown,2017-06-07 16:32:26,2017-10-11 09:41:39,125,2.19168,3.7123047043540914e-05,False,-0.1507115948095438,0.0,0.0,Monitor (low volume)
c7a0a13cbcf29d5ce51c8f80afdc0b89,8,4.125,0.125,0.0,3.779079861111111,7.077343750000001,10.866145833333334,483.08000000000004,82.22500000000001,0.7699600957521652,SC,fashion_bags_accessories,2017-10-04 23:18:03,2018-08-08 23:12:35,307,0.7932247557003258,3.696389142920634e-05,False,-0.02285475094181666,0.0,0.0,Monitor (low volume)
c1f12f926d0ba950578b4fa41115cbb6,2,4.0,0.0,0.5,3.8850694444444445,32.16770833333334,36.75069444444444,479.6,278.28000000000003,0.16027028577642938,SP,sports_leisure,2018-02-24 12:00:07,2018-08-01 17:20:32,158,0.38531645569620254,3.669761184368502e-05,False,-0.25571368773545416,0.0,0.0,Monitor (low volume)
0c7f30ae9b147eca07affbef92832a6a,5,5.0,0.0,0.0,1.8863888888888887,6.571250000000001,8.54263888888889,479.5,113.422,0.23255266145471404,PR,computers_accessories,2017-03-03 11:02:44,2017-04-17 20:12:02,45,3.3822222222222225,3.668996013145739e-05,False,-0.6392842193386354,0.0,0.0,Monitor (low volume)
32fdd5d44ecb43dfd6a24b9369eca144,8,4.375,0.0,0.0,1.8361979166666667,13.486371527777777,16.070399305555554,479.2,77.235,0.28939899833055094,MG,stationery,2017-03-22 12:10:36,2017-05-15 13:20:05,54,4.50962962962963,3.666700499477452e-05,False,-1.0228547509418167,0.0,0.0,Monitor (low volume)
25be943a321c8938947bdaabca979a90,3,4.333333333333333,0.0,0.0,1.8694444444444445,1.3219907407407407,3.2037037037037037,479.0,191.54333333333332,0.1914155567718786,SP,kitchen_dining_laundry_garden_furniture,2018-05-09 14:54:32,2018-07-28 23:15:29,80,1.1415,3.6651701570319273e-05,False,-0.3835705316031812,0.0,0.0,Monitor (low volume)
bac692d6c0ed08467878018e6cc9c26c,1,4.0,0.0,0.0,1.4256944444444444,5.261805555555555,7.197222222222222,477.0,559.23,0.17238993710691825,SC,construction_tools_lights,2018-07-31 16:21:04,2018-07-31 16:21:04,0,1.0,3.649866732576679e-05,False,-0.12785684386772708,0.0,0.0,Monitor (low volume)
f1198c871e0171278b63f40d112caeec,2,4.5,0.0,0.0,5.613194444444444,4.414236111111111,11.401041666666668,475.8,279.03499999999997,0.1748707716818467,SP,kitchen_dining_laundry_garden_furniture,2017-08-15 21:33:49,2017-11-10 18:13:05,86,0.707906976744186,3.640684677903531e-05,False,-0.25571368773545416,0.0,0.0,Monitor (low volume)
c714262700f93defc16bf17a51a4cb23,4,3.75,0.25,0.0,2.9581597222222222,7.2390625,10.208506944444444,475.79,140.28,0.2005659402182537,SP,cool_stuff,2018-03-16 23:37:45,2018-05-15 00:50:44,59,2.0637288135593224,3.6406081607812545e-05,False,0.48857262452909167,58.11449225617413,0.00013306633308112073,Monitor (low volume)
29e6e05b65f93bc224c644319dc52ecf,4,4.75,0.0,0.0,0.7380208333333333,6.169965277777778,6.916319444444444,475.6,139.73000000000002,0.1771301981509378,MG,baby,2018-06-28 09:19:36,2018-08-17 22:06:17,50,2.4352,3.6391543354580057e-05,False,-0.5114273754709083,0.0,0.0,Monitor (low volume)
7402d13c03a7e91366337cd1de471144,3,4.333333333333333,0.0,0.0,2.736574074074074,5.719907407407407,9.903935185185185,473.89,194.92999999999998,0.3122273070434824,PR,kitchen_dining_laundry_garden_furniture,2018-02-10 21:03:56,2018-08-17 11:18:22,187,0.4883422459893048,3.6260699075487685e-05,False,-0.3835705316031812,0.0,0.0,Monitor (low volume)
3d0cd21d41671c46f82cd11176bf7277,9,4.666666666666667,0.0,0.0,3.276543209876543,9.417978395061729,12.853086419753087,473.78,77.19777777777777,0.5089651854148602,SC,books_general_interest,2017-08-08 20:26:31,2018-08-06 14:38:01,362,0.7567955801104973,3.625228219203729e-05,False,-1.1507115948095437,0.0,0.0,Monitor (low volume)
e3dd723429d1b23614b7fa85e2c7a853,7,3.7142857142857144,0.14285714285714285,0.2857142857142857,3.985515873015873,9.53234126984127,13.621031746031745,471.04999999999995,85.3742857142857,0.28428105262924136,SP,health_beauty,2018-03-25 14:10:37,2018-06-08 17:19:34,75,2.841066666666667,3.604339044822316e-05,False,0.10500209292591037,7.065890838964296,1.6178962379088354e-05,Monitor (low volume)
270d3ef21830ad0ecf3a6c53d08a533a,5,2.6,0.4,0.0,4.414583333333334,6.49361111111111,11.543055555555556,471.0,137.722,0.42464397660818715,SP,diapers_and_hygiene,2017-12-06 14:04:08,2018-04-28 02:23:24,142,1.0718309859154929,3.603956459210935e-05,False,1.3607157806613646,128.17942653830053,0.00029349591820757004,Monitor (low volume)
2953ce3a88f5e3c3b696d77fc9e4c8eb,14,4.642857142857143,0.07142857142857142,0.21428571428571427,2.072172619047619,5.734474206349206,8.22455357142857,470.0,45.09428571428572,0.34653010348724633,SP,books_technical,2017-10-01 10:19:07,2018-08-23 17:19:57,326,1.307239263803681,3.5963047469833106e-05,False,-0.7899958141481792,0.0,0.0,Monitor (low volume)
b0b346d3a89f5eb4c2968af3f083cd43,9,3.7777777777777777,0.2222222222222222,0.4444444444444444,4.284645061728394,18.857947530864198,23.350231481481483,469.0,69.96666666666667,0.34664330457503717,SP,drinks,2017-11-14 12:22:53,2018-08-03 11:15:31,261,1.0496551724137932,3.588653034755687e-05,False,0.8492884051904561,44.25736244825821,0.000101337286177634,Monitor (low volume)
8fec2e460530482132c436cfb5439925,3,4.333333333333333,0.0,0.3333333333333333,1.8620370370370372,19.417592592592595,21.855787037037036,468.46,182.87,0.1841489926840245,SP,toys,2018-01-29 17:16:45,2018-02-22 09:54:40,23,3.0,3.58452111015277e-05,False,-0.3835705316031812,0.0,0.0,Monitor (low volume)
038b75b729c8a9a04b0d07cba7eabe86,2,3.5,0.0,0.5,1.6833333333333333,17.71527777777778,22.54965277777778,467.0,278.92499999999995,0.19453961456102783,SP,housewares,2018-04-20 12:29:17,2018-04-22 18:42:38,2,2.0,3.5733496103004385e-05,False,-0.25571368773545416,0.0,0.0,Monitor (low volume)
9fc70243fb26800cba56e8f014797004,6,4.5,0.0,0.0,2.225,7.121990740740741,9.699537037037038,466.6,95.21666666666665,0.25771131700040656,MG,garden_tools,2017-11-13 15:17:00,2018-07-29 08:32:21,257,0.7106614785992218,3.570288925409389e-05,False,-0.7671410632063624,0.0,0.0,Monitor (low volume)
feb793c88d836c3a75efa4b5a3465d70,1,5.0,0.0,0.0,4.927083333333333,1.0527777777777778,5.986111111111111,466.0,530.17,0.1377038626609442,SP,garden_tools,2018-03-23 19:26:13,2018-03-23 19:26:13,0,1.0,3.565697898072815e-05,False,-0.12785684386772708,0.0,0.0,Monitor (low volume)
ee2fbacc2fc3794e656cc4d933d59ce7,2,4.0,0.0,0.0,0.6236111111111111,6.785763888888889,7.0725694444444445,464.97,259.35,0.11878025236027917,SP,sports_leisure,2018-08-07 14:05:50,2018-08-21 21:36:22,14,2.0,3.557816634478362e-05,False,-0.25571368773545416,0.0,0.0,Monitor (low volume)
651fe66032c9520ee5587f694908040d,7,4.0,0.14285714285714285,0.0,0.9696428571428571,5.640773809523809,6.706051587301587,464.0,84.67571428571429,0.33574178186762726,RS,fashion_bags_accessories,2018-07-16 08:52:35,2018-08-21 21:32:17,36,5.918888888888889,3.5503944736175665e-05,False,0.10500209292591037,6.960138731088916,1.59368189022333e-05,Monitor (low volume)
0a82f5fb06a4fe4ac2cf7cb412ec71b8,2,5.0,0.0,0.0,3.756597222222222,1.504861111111111,5.28125,462.0,242.4,0.04963776963776964,SP,construction_tools_construction,2018-02-03 13:14:01,2018-03-31 12:09:05,55,1.106909090909091,3.535091049162318e-05,False,-0.25571368773545416,0.0,0.0,Monitor (low volume)
cb0b3bcf14e0a709df412a99424a59d7,2,4.5,0.0,0.0,5.271527777777778,16.662847222222222,22.219791666666666,460.0,253.715,0.10321590909090908,SP,auto,2018-04-05 22:53:51,2018-04-16 17:46:55,10,2.0,3.51978762470707e-05,False,-0.25571368773545416,0.0,0.0,Monitor (low volume)
aec99834ab5d38ead22766ada8497e87,1,5.0,0.0,0.0,2.8645833333333335,4.386805555555555,7.261805555555555,459.0,476.51,0.03814814814814815,PR,construction_tools_safety,2018-07-20 17:20:48,2018-07-20 17:20:48,0,1.0,3.512135912479446e-05,False,-0.12785684386772708,0.0,0.0,Monitor (low volume)
d0d70d21e2234dd7cd3cf63fe414148a,7,4.714285714285714,0.0,0.0,2.011904761904762,7.248412698412698,9.305158730158729,458.4,114.12714285714286,0.8545098583746229,PB,bed_bath_table,2018-06-28 00:41:07,2018-08-15 20:43:17,48,4.439166666666667,3.5075448851428714e-05,False,-0.8949979070740895,0.0,0.0,Monitor (low volume)
8b2d4ab22f42c5cfc338b846decfda60,6,4.833333333333333,0.0,0.0,2.6418981481481483,12.318171296296297,15.661342592592591,458.0,107.21999999999998,0.5432059771825397,PR,sports_leisure,2018-03-28 00:32:25,2018-08-20 00:11:37,144,1.2683333333333333,3.504484200251822e-05,False,-0.7671410632063624,0.0,0.0,Monitor (low volume)
dd88d13bea9e4c2bf47daf224f8141e5,1,5.0,0.0,0.0,1.7375,3.923611111111111,5.675694444444445,458.0,487.38,0.06414847161572053,RS,furniture_decor,2018-04-10 23:09:48,2018-04-10 23:09:48,0,1.0,3.504484200251822e-05,False,-0.12785684386772708,0.0,0.0,Monitor (low volume)
e546117ed9cafbc40239c0c78635c584,2,4.5,0.0,0.0,2.4805555555555556,3.3562499999999997,6.36875,456.0,242.17000000000002,0.06214912280701755,SP,perfumery,2018-04-23 17:07:27,2018-08-23 19:02:12,122,0.49901639344262294,3.489180775796574e-05,False,-0.25571368773545416,0.0,0.0,Monitor (low volume)
117cfc326c6d50da67ca858ff5c0c852,5,4.6,0.0,0.0,1.0743055555555556,4.783055555555555,6.073472222222223,454.6,107.21600000000001,0.18184443976115205,RJ,housewares,2018-05-02 15:22:57,2018-05-19 16:47:00,17,5.0,3.478468378677901e-05,False,-0.6392842193386354,0.0,0.0,Monitor (low volume)
35857757f553273b1056c1cabdace7fb,6,4.0,0.16666666666666666,0.3333333333333333,2.0905092592592593,16.10833333333333,18.20798611111111,454.6,95.55666666666667,0.2828857526698194,SP,auto,2017-07-24 15:19:05,2018-03-28 00:23:11,246,0.7424390243902439,3.478468378677901e-05,False,0.23285893679363745,17.64294544439793,4.03975319045634e-05,Monitor (low volume)
b248792ac0b60ec3f93d80af1b4fae47,7,3.857142857142857,0.14285714285714285,0.14285714285714285,1.1805555555555556,5.337996031746032,6.652678571428572,454.5,86.90714285714286,0.35589232546996125,SP,sports_leisure,2018-07-23 23:48:21,2018-08-22 02:31:38,29,7.0,3.477703207455138e-05,False,0.10500209292591037,6.817635890689466,1.561052627384706e-05,Monitor (low volume)
55029529919c0123526150bd26ca8f20,7,4.714285714285714,0.0,0.0,3.4718750000000003,5.124603174603174,8.695734126984126,453.95,84.11857142857141,0.5436703468112555,MG,sports_leisure,2018-06-13 13:31:02,2018-08-13 15:07:30,61,3.4931147540983605,3.4734947657299444e-05,False,-0.8949979070740895,0.0,0.0,Monitor (low volume)
fc4751cfe3b279c419615b9b00c1abb4,1,5.0,0.0,0.0,3.536111111111111,4.034722222222222,8.009722222222223,453.7,471.05,0.03824112849900816,PR,housewares,2017-02-16 15:53:00,2017-02-16 15:53:00,0,1.0,3.4715818376730385e-05,False,-0.12785684386772708,0.0,0.0,Monitor (low volume)
7994b065a7ffb14e71c6312cf87b9de2,5,5.0,0.0,0.0,3.2275000000000005,5.7723611111111115,9.009722222222223,453.0,119.46799999999999,0.35974759734808315,ES,furniture_living_room,2018-06-05 20:41:45,2018-08-04 00:42:23,59,2.5796610169491525,3.4662256391137014e-05,False,-0.6392842193386354,0.0,0.0,Monitor (low volume)
e5899683388855d3dabe8913bbe365de,3,4.0,0.0,0.0,1.299074074074074,6.410416666666666,7.721064814814816,452.88,177.95333333333335,0.1785618990814745,SP,furniture_decor,2018-07-01 22:28:19,2018-08-22 13:05:05,51,1.7905882352941178,3.4653074336463866e-05,False,-0.3835705316031812,0.0,0.0,Monitor (low volume)
b7cc6c5e001441ae8cdd5c69a480cbe4,5,4.6,0.0,0.0,3.025277777777778,9.708333333333334,12.827916666666667,452.8,118.00999999999999,0.5038446925482651,SC,musical_instruments,2017-02-26 23:33:43,2017-11-24 14:59:30,270,0.5637037037037037,3.464695296668177e-05,False,-0.6392842193386354,0.0,0.0,Monitor (low volume)
777a0c55737f34ffeb78010f7542ab41,6,4.333333333333333,0.16666666666666666,0.0,0.8444444444444444,3.492013888888889,4.234027777777778,452.5,88.055,0.16848658706326367,SP,health_beauty,2018-06-27 09:02:19,2018-08-20 17:59:47,54,3.3822222222222225,3.4623997829998895e-05,False,0.23285893679363745,17.561444816520158,4.021091770086876e-05,Monitor (low volume)
eb5b6204dde3a6e03b5f1bb8479f055b,19,3.9473684210526314,0.10526315789473684,0.05263157894736842,2.2508771929824563,7.8394736842105255,10.447295321637426,452.2,38.28052631578947,0.6491740480506162,SP,housewares,2017-12-16 19:22:08,2018-06-11 22:12:41,177,3.2675706214689266,3.460104269331602e-05,False,-0.42928003348681465,0.0,0.0,Monitor (low volume)
08f5819815f3d06545011850bd70f0a8,3,4.666666666666667,0.0,0.0,2.0291666666666663,6.190509259259259,8.47175925925926,452.0,174.27666666666667,0.16003531292127626,SP,health_beauty,2018-06-21 00:56:22,2018-08-12 16:01:35,52,1.7561538461538462,3.4585739268860777e-05,False,-0.3835705316031812,0.0,0.0,Monitor (low volume)
3968920b9aa752ab98f7d5888c9252f2,7,4.285714285714286,0.14285714285714285,0.14285714285714285,1.3545634920634921,8.463988095238095,10.160515873015871,451.3,85.35714285714286,0.3723346288908399,SP,housewares,2018-05-03 19:10:38,2018-08-06 16:19:52,94,2.266808510638298,3.4532177283267406e-05,False,0.10500209292591037,6.769634933923336,1.550061717796959e-05,Monitor (low volume)
4de6e4ba574aa9dfdc824bc44dc47fdd,14,4.071428571428571,0.21428571428571427,0.07142857142857142,1.1594246031746032,7.871577380952381,9.36845238095238,451.1,50.31571428571429,0.9012164107202449,PR,health_beauty,2018-01-09 06:37:43,2018-07-05 10:50:12,177,2.407683615819209,3.451687385881216e-05,False,1.2100041858518207,38.988063445554026,8.92720289762625e-05,Monitor (low volume)
968ee78631915a63fef426d6733d7422,2,3.0,0.5,0.0,8.018055555555556,6.544097222222222,15.264583333333334,450.0,260.835,0.16086363636363638,RS,cool_stuff,2017-06-08 00:06:50,2017-11-27 17:41:30,172,0.353953488372093,3.4432705024308294e-05,False,0.7442863122645458,167.4644202595228,0.00038344783650971304,Monitor (low volume)
d90fe2229fee1a5da999ccd0c06c1667,3,4.666666666666667,0.0,0.0,0.29606481481481484,9.038657407407408,9.816203703703705,450.0,172.3033333333333,0.6814242424242424,SP,auto,2018-07-22 13:03:37,2018-08-08 19:23:00,17,3.0,3.4432705024308294e-05,False,-0.3835705316031812,0.0,0.0,Monitor (low volume)
101a3a003516bc11253298b2fad3cb65,5,4.8,0.0,0.0,1.4620833333333334,4.550277777777778,6.493055555555555,450.0,104.8,0.25503888888888887,SP,fashion_male_clothing,2018-06-21 20:47:22,2018-07-26 19:02:58,34,4.476470588235294,3.4432705024308294e-05,False,-0.6392842193386354,0.0,0.0,Monitor (low volume)
a11a0e0ca67423425691db355cff69b0,2,5.0,0.0,0.5,1.5625,4.427777777777777,5.528125,448.9,238.48999999999998,0.06665749545510993,SP,auto,2018-07-31 10:29:51,2018-08-10 16:05:40,10,2.0,3.434853618980443e-05,False,-0.25571368773545416,0.0,0.0,Monitor (low volume)
64cc804291f90c81f02bfc2bb58ff55a,1,5.0,0.0,0.0,4.90625,3.095138888888889,9.000694444444445,448.7,471.78999999999996,0.05145977267662135,PR,furniture_decor,2018-07-18 16:51:45,2018-07-18 16:51:45,0,1.0,3.433323276534918e-05,False,-0.12785684386772708,0.0,0.0,Monitor (low volume)
6b803197e03abd5056b4313306b4f29d,7,4.714285714285714,0.0,0.0,1.179563492063492,4.055357142857143,5.3284722222222225,446.0,82.88142857142857,0.32952281864215266,SP,food,2018-02-06 23:23:59,2018-08-20 21:11:22,194,1.0983505154639175,3.4126636535203336e-05,False,-0.8949979070740895,0.0,0.0,Monitor (low volume)
5e106d93b717c2682b9383da480364a1,1,5.0,0.0,0.0,3.890972222222222,3.359722222222222,7.259722222222222,445.9,467.60999999999996,0.048688046647230324,PR,computers_accessories,2017-04-20 11:42:01,2017-04-20 11:42:01,0,1.0,3.4118984822975707e-05,False,-0.12785684386772708,0.0,0.0,Monitor (low volume)
a5bff0f43eb51f0cad7c37fac7244c8a,4,4.75,0.0,0.0,1.856423611111111,13.536979166666667,15.874305555555557,445.0,135.3175,0.20126404494382022,SP,garden_tools,2017-02-20 13:31:57,2017-09-27 14:51:02,219,0.5559817351598174,3.405011941292709e-05,False,-0.5114273754709083,0.0,0.0,Monitor (low volume)
b3f19518fcec265b2e97af287725f981,8,4.375,0.0,0.0,1.9247395833333334,8.355729166666666,10.665711805555556,444.92,71.225,0.3169416206141066,SP,housewares,2017-03-20 20:01:39,2017-08-22 12:44:01,154,1.5812987012987012,3.4043998043144995e-05,False,-1.0228547509418167,0.0,0.0,Monitor (low volume)
e1b12447a7563944843191754aeb5562,8,4.875,0.0,0.25,1.4955729166666667,11.404166666666667,13.47829861111111,442.96000000000004,69.52,0.31293368861128845,SP,sports_leisure,2017-09-12 13:52:02,2018-01-05 00:47:54,114,2.1361403508771932,3.3894024483483564e-05,False,-1.0228547509418167,0.0,0.0,Monitor (low volume)
768de2a4fc06aacecb9a586ccc30746a,13,4.384615384615385,0.07692307692307693,0.0,2.285416666666667,12.551388888888889,14.864155982905983,442.7,51.05461538461539,0.4991118338759257,DF,cool_stuff,2017-08-08 21:31:55,2018-05-18 10:33:52,282,1.4032624113475176,3.3874130031691735e-05,False,-0.662138970280452,0.0,0.0,Monitor (low volume)
e601b04acf48b4576e73ddca9481f0dc,14,4.285714285714286,0.14285714285714285,0.0,1.5936431623931624,5.031150793650794,6.883482142857142,442.04,45.637857142857136,0.5786198840129602,SP,garden_tools,2018-04-13 09:33:09,2018-08-27 11:19:47,136,3.1335294117647057,3.382362873098942e-05,False,0.21000418585182073,6.630732165281346,1.5182567731774158e-05,Monitor (low volume)
ead2bab70821ea148476ae9bc08548ac,7,4.571428571428571,0.14285714285714285,0.0,1.1459325396825395,6.406746031746032,7.803769841269841,441.3,86.37714285714286,0.4179797939429231,MG,fashion_bags_accessories,2017-12-17 18:44:55,2018-08-01 17:19:21,226,0.9428318584070797,3.3767006060505e-05,False,0.10500209292591037,6.619631944029178,1.5157151253352491e-05,Monitor (low volume)
f22a247b79dd22ecd91dc8e3b2a1b07c,8,4.0,0.125,0.25,0.5047743055555556,17.418489583333333,18.033940972222222,439.94,71.85499999999999,0.40212307122520347,SP,health_beauty,2018-05-02 15:21:52,2018-08-23 20:21:35,113,2.1550442477876106,3.366294277420932e-05,False,-0.02285475094181666,0.0,0.0,Monitor (low volume)
64c9a1db4e73e19aaafd3286dc448c96,1,5.0,0.0,0.0,3.9229166666666666,5.5375,9.46875,439.0,482.6,0.09931662870159454,PR,housewares,2018-08-18 14:03:10,2018-08-18 14:03:10,0,1.0,3.359101667926965e-05,False,-0.12785684386772708,0.0,0.0,Monitor (low volume)
c3251e13f1bbda6c74e37c160f991e19,2,5.0,0.0,0.0,3.375,9.882986111111112,13.261458333333334,437.79999999999995,256.54,0.15436219759162484,SP,furniture_decor,2017-03-18 18:18:22,2017-05-26 16:15:49,68,0.8952941176470588,3.3499196132538154e-05,False,-0.25571368773545416,0.0,0.0,Monitor (low volume)
b29d3380981c51df13fc6fbe87e1763d,6,3.8333333333333335,0.16666666666666666,0.0,2.3061342592592595,5.708912037037037,8.026157407407409,435.3,88.98,0.2701671497423927,SP,bed_bath_table,2018-04-28 14:49:58,2018-08-02 18:56:22,96,1.9025,3.330790332684756e-05,False,0.23285893679363745,16.893915864378396,3.868245850870313e-05,Monitor (low volume)
98115075dd26cb8835946fc6086f5d30,4,4.75,0.0,0.0,1.3947916666666667,2.68125,4.258506944444444,434.96,122.8,0.13525331976408428,SP,furniture_decor,2018-04-15 23:55:50,2018-08-16 15:02:07,122,0.9980327868852459,3.3281887505273634e-05,False,-0.5114273754709083,0.0,0.0,Monitor (low volume)
26d6bbee02420494d471c9f6436929c0,12,4.666666666666667,0.0,0.0,1.1488636363636364,6.834548611111111,8.37326388888889,434.51,56.80833333333333,0.8695220411408711,PR,auto,2018-04-05 12:14:30,2018-08-25 19:15:56,142,2.572394366197183,3.324745480024933e-05,False,-1.5342821264127249,0.0,0.0,Monitor (low volume)
d4e4b5192cba4e0e66eb12a9d347239d,11,4.454545454545454,0.09090909090909091,0.0,2.833838383838384,10.197348484848485,13.376073232323233,431.9,56.85454545454545,0.6791088017654743,PR,telephony,2017-03-14 00:25:55,2017-10-23 12:48:12,223,1.5015246636771302,3.3047745111108336e-05,False,-0.4064252825449979,0.0,0.0,Monitor (low volume)
4e480be820e37de1444325ff358c9296,1,5.0,0.0,0.0,0.7347222222222223,11.366666666666667,12.10763888888889,430.3,573.74,0.3333488264001859,MG,auto,2018-07-11 20:01:00,2018-07-11 20:01:00,0,1.0,3.2925317715466357e-05,False,-0.12785684386772708,0.0,0.0,Monitor (low volume)
b64d51f0435e884e8de603b1655155ae,17,4.294117647058823,0.11764705882352941,0.17647058823529413,2.0609809027777777,4.77859477124183,7.4013888888888895,426.08,46.809411764705885,1.5357822167902202,SP,housewares,2018-04-07 11:00:35,2018-08-24 10:35:52,138,3.749855072463768,3.260241545946062e-05,False,-0.17356634575136043,0.0,0.0,Monitor (low volume)
8bd0e3abda539b9479c4b44a691be1ec,6,2.5,0.5,0.3333333333333333,14.0375,9.567708333333334,23.68865740740741,425.75,106.33666666666666,0.5632926725536554,RS,health_beauty,2017-05-29 19:02:29,2018-01-06 23:02:42,222,0.8227027027027027,3.257716480910946e-05,False,2.2328589367936376,158.43994872331518,0.00036278425865335633,Monitor (low volume)
2c3d56f92f360fb89d849b84e8f50eae,7,3.4285714285714284,0.42857142857142855,0.2857142857142857,1.74375,11.550694444444446,13.617559523809522,425.1,76.69428571428571,0.3564049742333585,SP,health_beauty,2017-10-06 08:49:02,2018-03-23 18:38:45,168,1.2683333333333333,3.25274286796299e-05,False,2.1050020929259103,127.83376995754351,0.0002927044589360351,Monitor (low volume)
939e6227d6964a11a70aa91243e418f2,4,4.25,0.0,0.0,1.2361111111111112,3.9758680555555554,5.3414930555555555,425.0,122.0625,0.1491260999812769,MG,health_beauty,2018-08-15 00:46:23,2018-08-25 20:26:07,10,4.0,3.251977696740228e-05,False,-0.5114273754709083,0.0,0.0,Monitor (low volume)
a45314082d50d578a4721c9787ce09ab,2,5.0,0.0,0.0,1.5229166666666667,3.7059027777777778,5.238194444444444,424.9,226.96,0.066779153029106,SP,toys,2018-08-02 13:57:47,2018-08-18 12:56:03,15,2.0,3.251212525517465e-05,False,-0.25571368773545416,0.0,0.0,Monitor (low volume)
dc50afafdfa325eadc890c7fa42a8f4e,4,4.75,0.0,0.0,1.1380208333333333,4.9397569444444445,6.205555555555556,424.20000000000005,120.37,0.17199472276107602,PR,home_appliances,2018-06-25 16:10:17,2018-08-11 10:25:29,46,2.6469565217391304,3.2458563269581287e-05,False,-0.5114273754709083,0.0,0.0,Monitor (low volume)
b080809eaacb49e5ca07290981472431,11,4.818181818181818,0.0,0.0,3.700820707070707,6.684722222222223,10.537752525252527,424.0,51.58181818181818,0.34429611307407876,MG,books_general_interest,2017-02-24 17:04:27,2018-05-15 08:48:09,444,0.7541441441441442,3.2443259845126035e-05,False,-1.4064252825449979,0.0,0.0,Monitor (low volume)
41e0fa5761c886a630994a55c12087e7,5,5.0,0.0,0.0,2.8487847222222222,7.499583333333334,10.239444444444445,423.6,98.38199999999999,0.16125896966811185,SP,health_beauty,2018-04-03 16:31:37,2018-06-14 20:24:49,72,2.113888888888889,3.2412652996215545e-05,False,-0.6392842193386354,0.0,0.0,Monitor (low volume)
5dc203c7b84a0e71e878a179de05fb9a,5,4.0,0.2,0.0,0.9880555555555557,6.9875,8.570277777777779,421.9,110.00999999999999,0.49543910413024966,SP,garden_tools,2018-05-28 20:43:51,2018-08-07 14:32:23,70,2.1742857142857144,3.228257388834593e-05,False,0.36071578066136467,30.43719757220595,6.969287888373048e-05,Monitor (low volume)
9d5604a1f112324ad6b2aa552122e0fb,13,3.5384615384615383,0.3076923076923077,0.0,1.847013888888889,10.63392094017094,12.491613247863247,421.5,58.613846153846154,1.1629012397858551,SP,home_construction,2017-11-14 22:00:16,2018-08-19 21:37:17,277,1.428592057761733,3.2251967039435433e-05,False,2.3378610297195483,75.80064800206074,0.0001735628047879125,Monitor (low volume)
cc80e2f693fa6e2408f47ccf62413fc1,2,4.0,0.0,0.0,3.2041666666666666,10.938194444444445,14.152430555555554,420.0,254.315,0.21102380952380953,PR,auto,2017-11-27 17:51:39,2017-12-01 16:49:36,3,2.0,3.213719135602108e-05,False,-0.25571368773545416,0.0,0.0,Monitor (low volume)
7bcd7c5f8631701474db233ccf1c094b,8,4.375,0.0,0.125,5.106510416666667,9.120052083333333,14.234635416666666,419.0,68.88,0.38443663003663003,SP,unknown,2017-04-14 14:28:24,2017-08-27 17:51:48,135,1.8038518518518518,3.206067423374483e-05,False,-1.0228547509418167,0.0,0.0,Monitor (low volume)
189ca3538ce9f920cacf0f982cbe223b,4,4.25,0.25,0.0,0.6305555555555555,2.057986111111111,4.121527777777778,419.0,120.4175,0.3493168740747769,SP,stationery,2018-06-21 19:06:28,2018-08-07 14:50:14,46,2.6469565217391304,3.206067423374483e-05,False,0.48857262452909167,51.17798241942235,0.00011718361790073265,Monitor (low volume)
6d7f8d9d594e28796b6b3205b00f459c,3,3.6666666666666665,0.3333333333333333,0.0,5.908101851851852,9.372222222222222,15.287962962962963,417.9,159.00333333333333,0.1461381321445115,PR,furniture_decor,2017-05-11 15:40:17,2017-07-14 12:28:30,63,1.4495238095238094,3.197650539924097e-05,False,0.6164294683968187,85.86862494767684,0.00019661572535362672,Monitor (low volume)
7b7f91e98f8c6def45a1407923304402,11,4.181818181818182,0.18181818181818182,0.09090909090909091,4.110669191919192,8.942487373737373,13.368560606060607,417.47,56.408181818181816,0.49423459436849,SP,housewares,2018-04-15 22:34:55,2018-07-22 00:22:32,97,3.451958762886598,3.1943603036662186e-05,False,0.5935747174550021,22.52723975417634,5.158123339207225e-05,Monitor (low volume)
f650a9708fa1bab22bdd8d3a818cc415,4,4.0,0.25,0.0,4.6324652777777775,10.6828125,15.323611111111111,416.04,121.87,0.1767760339603084,SC,furniture_decor,2017-01-25 13:42:49,2017-02-25 19:21:14,31,3.927741935483871,3.183418355180716e-05,False,0.48857262452909167,50.816438677270824,0.00011635578136377282,Monitor (low volume)
34a557286ead8fe75c989e0afcf7d98c,4,4.75,0.0,0.0,1.7780092592592593,6.473263888888889,8.269444444444444,414.9,118.36500000000001,0.16487404300420572,SP,health_beauty,2018-05-14 17:20:48,2018-08-18 00:12:08,95,1.2816842105263158,3.1746954032412245e-05,False,-0.5114273754709083,0.0,0.0,Monitor (low volume)
35fb511489d9ee3ee27a76debce9df06,7,3.5714285714285716,0.14285714285714285,0.14285714285714285,4.459424603174603,12.238095238095239,16.808928571428574,414.5,83.82714285714285,0.5167255134746206,PR,pet_shop,2017-02-22 18:45:58,2018-04-09 08:57:49,410,0.5197073170731707,3.1716347183501755e-05,False,0.10500209292591037,6.217623931112835,1.4236662575378671e-05,Monitor (low volume)
ff1e15b778c700abdd4d239b81ac466d,7,4.571428571428571,0.0,0.0,2.1481150793650796,5.148710317460318,7.551488095238095,414.3,75.5942857142857,0.27895021496926314,PR,sports_leisure,2018-08-02 12:06:18,2018-08-21 18:42:15,19,7.0,3.17010437590465e-05,False,-0.8949979070740895,0.0,0.0,Monitor (low volume)
bd149ed516d4c5d418d5781f8e18919f,8,4.875,0.0,0.0,3.2997395833333334,5.0003472222222225,8.387239583333333,414.0,69.4925,0.4177220633463894,SP,furniture_decor,2017-10-31 14:13:14,2018-08-23 23:04:04,296,0.8227027027027027,3.167808862236363e-05,False,-1.0228547509418167,0.0,0.0,Monitor (low volume)
acb6c2ca5c82411c1fdb88d5fd5eb95e,10,3.9,0.2,0.0,3.7259027777777773,6.430138888888889,10.16826388888889,413.88,57.549,0.529770076554893,SP,sports_leisure,2017-02-16 15:56:11,2018-08-01 15:56:40,531,0.5732580037664784,3.166890656769048e-05,False,0.7214315613227293,29.85860946002512,6.83680699511694e-05,Monitor (low volume)
042573af89b6d931f672efaf789d8358,3,3.6666666666666665,0.3333333333333333,0.3333333333333333,1.9011574074074076,17.83425925925926,20.024537037037035,413.48,159.52333333333334,0.16801335123420946,SP,small_appliances,2018-01-21 17:44:36,2018-02-11 13:08:02,20,3.0,3.163829971877999e-05,False,0.6164294683968187,84.96041886423887,0.00019453618118980042,Monitor (low volume)
747c1cdcd1737dcfbd1547f6eb6f2cf3,2,2.5,0.5,0.0,0.5201388888888889,12.916319444444445,15.13263888888889,411.87,271.65000000000003,0.26581941978120327,SP,bed_bath_table,2017-09-17 18:20:45,2018-01-27 11:28:32,131,0.46473282442748093,3.151510715191524e-05,False,0.7442863122645458,153.27460171619924,0.00035095702316279004,Monitor (low volume)
a35124e2d763d7ca3fbe3b97d143200f,4,4.75,0.0,0.0,6.030381944444444,4.526736111111111,10.7078125,411.5,122.5975,0.2332091721559177,SP,garden_tools,2017-03-15 10:37:21,2017-05-08 20:58:10,54,2.254814814814815,3.148679581667303e-05,False,-0.5114273754709083,0.0,0.0,Monitor (low volume)
b1204cfda1d4948679db3cfc0d3cb95c,6,4.333333333333333,0.16666666666666666,0.0,1.7840277777777775,7.833912037037037,9.825347222222222,411.2,85.20833333333333,0.32219582500807925,SP,sports_leisure,2017-01-17 19:55:40,2018-07-25 21:44:39,554,0.3296750902527076,3.1463840679990154e-05,False,0.23285893679363745,15.958599134923952,3.654083836154084e-05,Monitor (low volume)
86ff3eaef0267069cc891a2ed9d10a17,7,4.714285714285714,0.0,0.0,0.9623842592592592,7.4197420634920634,8.96359126984127,409.75,78.62285714285714,0.5406830934008692,SC,sports_leisure,2018-04-17 15:19:13,2018-07-08 21:08:26,82,2.5985365853658537,3.135289085268961e-05,False,-0.8949979070740895,0.0,0.0,Monitor (low volume)
5275ca25d0358ca73864e0ae41be1320,4,4.75,0.0,0.5,2.575,4.330034722222222,7.039583333333333,409.6,119.70500000000001,0.16907650825749915,SP,stationery,2018-07-23 09:33:10,2018-08-07 20:21:41,15,4.0,3.1341413284348174e-05,False,-0.5114273754709083,0.0,0.0,Monitor (low volume)
f4ce8ca9fa7157e3b33f536ac9a4487d,4,4.75,0.0,0.0,0.7034722222222222,5.422916666666667,6.975520833333333,409.6,126.7825,0.26385854674736675,SP,bed_bath_table,2018-07-16 08:45:31,2018-08-20 10:58:06,35,3.4788571428571426,3.1341413284348174e-05,False,-0.5114273754709083,0.0,0.0,Monitor (low volume)
c3f5668699a1b04c0fa61ecea1e2bff6,3,5.0,0.0,0.0,1.1055555555555554,10.713425925925927,12.128703703703705,407.81,171.64333333333335,0.2616256569093056,PR,perfumery,2018-03-26 06:56:38,2018-08-02 20:20:53,129,0.707906976744186,3.12044476354737e-05,False,-0.3835705316031812,0.0,0.0,Monitor (low volume)
20a8b0dc55da94fe74d112082427c84f,7,4.285714285714286,0.14285714285714285,0.14285714285714285,3.52281746031746,4.577083333333333,8.235119047619047,407.4,75.91142857142857,0.29599610868286363,SP,baby,2018-07-31 12:54:10,2018-08-23 11:20:57,22,7.0,3.117307561534044e-05,False,0.10500209292591037,6.111121808287983,1.3992801768900531e-05,Monitor (low volume)
4a23adac87cf538689fa600d976f78b2,3,4.333333333333333,0.0,0.0,6.357291666666667,5.719907407407407,8.555787037037037,405.0,146.80333333333334,0.0874320987654321,SP,furniture_decor,2018-08-18 11:49:40,2018-08-22 13:02:19,4,3.0,3.098943452187747e-05,False,-0.3835705316031812,0.0,0.0,Monitor (low volume)
179d859f51292aac5c10806a356f7af9,18,4.388888888888889,0.05555555555555555,0.16666666666666666,1.1573937908496732,6.973495370370371,8.988850308641975,404.47,44.45944444444444,0.9289668699574362,SP,electronics,2018-06-29 00:34:12,2018-08-10 16:02:36,42,13.045714285714286,3.094888044707106e-05,False,-1.3014231896190875,0.0,0.0,Monitor (low volume)
ed9eef5be0992d413d251fadba1a410d,3,4.666666666666667,0.0,0.0,1.8418981481481482,8.681944444444445,10.529166666666667,404.09999999999997,182.44666666666663,0.370007423904974,SP,furniture_decor,2017-01-26 00:20:23,2017-03-17 10:30:06,50,1.8264,3.0920569111828846e-05,False,-0.3835705316031812,0.0,0.0,Monitor (low volume)
5563732abe64c3036cb97ad924128dd1,2,4.5,0.0,0.0,5.841319444444444,6.308333333333334,12.159722222222221,404.0,220.8,0.15175459558823529,SP,health_beauty,2017-06-25 22:59:52,2017-12-20 09:56:32,177,0.343954802259887,3.091291739960122e-05,False,-0.25571368773545416,0.0,0.0,Monitor (low volume)
0ddefe3c7a032b91f4e25b9c3a08fca1,9,4.555555555555555,0.0,0.0,2.213348765432099,5.2841049382716045,7.809182098765433,402.9,61.43333333333333,0.5310430956970436,SP,arts_and_craftmanship,2018-04-12 15:09:11,2018-08-24 12:41:33,133,2.0598496240601505,3.0828748565097356e-05,False,-1.1507115948095437,0.0,0.0,Monitor (low volume)
29fe9f200d3fa0c668d2aa1ec7e08dfb,5,4.0,0.2,0.0,3.0900000000000003,7.650833333333333,10.749027777777778,400.0,102.832,0.2854,SC,telephony,2017-06-16 15:16:41,2017-09-03 16:15:17,79,1.9265822784810127,3.0606848910496265e-05,False,0.36071578066136467,28.857262452909175,6.607525848184924e-05,Monitor (low volume)
63ffcb71394dd8ea3872ed9ffda17c74,17,3.176470588235294,0.29411764705882354,0.058823529411764705,2.4595052083333333,10.354779411764707,13.250857843137256,399.0,39.042352941176475,0.7117708569686088,RJ,unknown,2017-02-05 13:58:46,2017-07-30 10:07:29,174,2.974022988505747,3.053033178822002e-05,False,2.82643365424864,66.33806047324748,0.00015189606083069326,Monitor (low volume)
d263fa444c1504a75cbca5cc465f592a,1,5.0,0.0,0.0,0.1597222222222222,9.314583333333333,9.542361111111111,399.0,444.07,0.11295739348370927,SP,furniture_decor,2018-07-24 09:46:27,2018-07-24 09:46:27,0,1.0,3.053033178822002e-05,False,-0.12785684386772708,0.0,0.0,Monitor (low volume)
fadb07c842a2aef5d5a676b85f220e71,7,4.714285714285714,0.0,0.0,0.5542824074074074,5.770138888888889,6.429960317460318,398.75,81.48142857142857,0.6400313064149502,SP,sports_leisure,2018-06-05 13:24:11,2018-08-27 15:04:59,83,2.5672289156626507,3.051120250765096e-05,False,-0.8949979070740895,0.0,0.0,Monitor (low volume)
73da1880b39c71de2b262bc7720c1494,2,5.0,0.0,0.0,1.1506944444444445,5.330902777777778,8.223611111111111,398.0,222.495,0.11806532663316582,SP,housewares,2017-07-26 11:19:21,2018-01-09 12:25:33,167,0.3645508982035928,3.0453814665943783e-05,False,-0.25571368773545416,0.0,0.0,Monitor (low volume)
48e954b2da4f6a750c844173b347ed40,2,4.5,0.0,0.0,0.7142361111111111,7.307638888888889,8.115972222222222,397.8,278.405,0.34154642344742775,RS,drinks,2018-04-09 21:04:43,2018-05-07 14:28:20,27,2.0,3.0438511241488534e-05,False,-0.25571368773545416,0.0,0.0,Monitor (low volume)
c52c644cc0dc85121207a27013efc6af,1,5.0,0.0,0.0,3.859722222222222,3.279861111111111,7.147222222222222,397.8,680.96,0.7118149824032177,MG,furniture_decor,2018-08-10 14:19:56,2018-08-10 14:19:56,0,1.0,3.0438511241488534e-05,False,-0.12785684386772708,0.0,0.0,Monitor (low volume)
12a8eb0f8d1cd3270695bf2a99f55966,2,3.5,0.5,0.5,8.932986111111111,12.035416666666666,20.97673611111111,397.0,218.33499999999998,0.09956573367260389,SP,luggage_accessories,2017-10-12 01:21:54,2017-12-13 17:49:36,62,0.9819354838709677,3.037729754366754e-05,False,0.7442863122645458,147.74083298451234,0.00033828620243190244,Monitor (low volume)
62760d278921b5f352461620d68a9cee,3,3.6666666666666665,0.3333333333333333,0.3333333333333333,2.958564814814815,15.723611111111111,19.67939814814815,397.0,150.03333333333333,0.1455069962607651,SP,furniture_decor,2017-02-06 12:55:28,2017-02-15 09:41:08,8,3.0,3.037729754366754e-05,False,0.6164294683968187,81.57416631784568,0.0001867825866604207,Monitor (low volume)
41b14765bd56c8ad10971074380f9c0c,8,4.625,0.125,0.0,1.629265873015873,5.221440972222222,7.047916666666667,395.5,64.32875,0.3072693947144075,SP,computers_accessories,2018-03-20 14:33:00,2018-07-29 00:48:48,130,1.8732307692307693,3.026252186025318e-05,False,-0.02285475094181666,0.0,0.0,Monitor (low volume)
12c2ed9cded6138cf0c75f525f565fc7,4,4.25,0.0,0.5,2.4053819444444446,9.825868055555556,13.442187500000001,394.85999999999996,114.8,0.22388733577321163,SP,bed_bath_table,2017-11-09 19:40:27,2018-08-03 17:21:48,266,0.4577443609022556,3.021355090199638e-05,False,-0.5114273754709083,0.0,0.0,Monitor (low volume)
9b76ad3d04236f76bc71c59470305e13,2,5.0,0.0,0.0,0.5756944444444444,4.454861111111111,5.747569444444444,394.70000000000005,228.315,0.1807091378161672,SP,housewares,2018-07-02 11:41:29,2018-08-07 23:46:11,36,1.691111111111111,3.020130816243219e-05,False,-0.25571368773545416,0.0,0.0,Monitor (low volume)
d9cb0052a666de5308b32f32ad5f1b1c,3,3.6666666666666665,0.3333333333333333,0.0,2.4090277777777778,10.139583333333333,13.012962962962964,393.90000000000003,154.5233333333333,0.204360584507108,SP,health_beauty,2018-01-19 00:21:43,2018-05-15 22:07:28,116,0.7872413793103449,3.01400944646112e-05,False,0.6164294683968187,80.9371892005023,0.00018532408283511266,Monitor (low volume)
acf974e4d5950ad143a247471b831eb9,4,4.75,0.0,0.0,2.3461805555555557,7.8234375,10.8234375,393.5,172.47,0.8147042412165166,RS,housewares,2017-03-07 16:20:35,2017-10-30 13:27:55,236,0.5159322033898306,3.01094876157007e-05,False,-0.5114273754709083,0.0,0.0,Monitor (low volume)
bc30de0d71bd6260b936a026b5cf7200,3,4.666666666666667,0.0,0.0,5.376620370370371,6.619212962962963,12.237499999999999,392.37,160.95,0.19381375314799285,SP,housewares,2018-04-11 16:10:27,2018-04-26 13:47:17,14,3.0,3.0023023267528546e-05,False,-0.3835705316031812,0.0,0.0,Monitor (low volume)
59cd88080b93f3c18508673122d26169,10,4.7,0.0,0.2,2.2047067901234567,10.38048611111111,13.021527777777777,392.33,56.770999999999994,0.4440829059775158,SP,unknown,2017-07-26 16:02:36,2017-12-09 11:52:32,135,2.254814814814815,3.0019962582637495e-05,False,-1.2785684386772709,0.0,0.0,Monitor (low volume)
fe4cd9461203cee790d36792420b310f,3,4.0,0.0,0.0,1.3983796296296296,12.399305555555557,14.347453703703705,391.15,148.51000000000002,0.13851311909343253,MG,telephony,2017-03-13 08:11:00,2017-09-06 22:28:42,177,0.5159322033898305,2.992967237835153e-05,False,-0.3835705316031812,0.0,0.0,Monitor (low volume)
c13ef0cfbe42f190780f621ce81f2234,1,3.0,0.0,1.0,19.031944444444445,9.019444444444444,28.063194444444445,390.0,451.28,0.15712820512820513,SP,electronics,2018-01-18 13:36:21,2018-01-18 13:36:21,0,1.0,2.9841677687733856e-05,False,-0.12785684386772708,0.0,0.0,Monitor (low volume)
8936ba0de1073ee888cb3185ae5dc661,1,5.0,0.0,0.0,4.365277777777778,7.063194444444444,13.190277777777778,389.99,412.21000000000004,0.05697581989281776,SP,garden_tools,2017-04-05 08:53:24,2017-04-05 08:53:24,0,1.0,2.9840912516511093e-05,False,-0.12785684386772708,0.0,0.0,Monitor (low volume)
4049512728d969bec69f84088b012416,7,5.0,0.0,0.0,2.5796626984126982,7.41656746031746,10.469047619047618,389.84,78.61,0.624616849803078,MG,sports_leisure,2017-04-23 22:08:43,2018-01-31 23:46:01,283,0.7529328621908128,2.9829434948169656e-05,False,-0.8949979070740895,0.0,0.0,Monitor (low volume)
0fe2d9733ed841eb064503920015a8c0,3,4.666666666666667,0.0,0.0,0.7361111111111112,8.175462962962962,8.665740740740741,389.64,166.11666666666667,0.27756483991990294,SP,auto,2018-05-14 18:58:43,2018-07-09 22:14:07,56,1.6307142857142858,2.9814131523714408e-05,False,-0.3835705316031812,0.0,0.0,Monitor (low volume)
883dd81e82754ac2c65e9790a7db8c9a,5,4.4,0.2,0.0,1.499861111111111,5.4061111111111115,7.172361111111111,389.29999999999995,97.15799999999999,0.2549003025576376,PR,sports_leisure,2017-10-23 19:51:15,2018-06-23 19:04:41,242,0.6289256198347107,2.9788115702140485e-05,False,0.36071578066136467,28.085330682293847,6.430774531745975e-05,Monitor (low volume)
a7ecf689b40a44361e259b28939023e4,1,5.0,0.0,0.0,2.526388888888889,8.389583333333333,10.922916666666667,389.0,410.91,0.05632390745501285,ES,sports_leisure,2018-07-13 22:05:44,2018-07-13 22:05:44,0,1.0,2.9765160565457615e-05,False,-0.12785684386772708,0.0,0.0,Monitor (low volume)
c1849d4d32d7a6cecd5aa471809d3135,3,4.333333333333333,0.0,0.0,2.469907407407407,2.9421296296296298,5.418981481481482,388.98,143.57,0.41845115527427895,SP,auto,2018-08-04 12:56:08,2018-08-26 22:41:03,22,3.0,2.9763630223012092e-05,False,-0.3835705316031812,0.0,0.0,Monitor (low volume)
b98b715fe9e276204e2a3464f48cd796,4,4.0,0.25,0.25,5.962152777777778,5.221354166666666,11.3171875,388.6,109.88250000000001,0.14057882544584355,SP,bed_bath_table,2017-02-03 15:20:03,2018-04-16 17:59:29,437,0.27862700228832954,2.973455371654712e-05,False,0.48857262452909167,47.46483047300126,0.00010868151292655062,Monitor (low volume)
78ef7e885d17f35e2382a47aae8b8cce,3,4.666666666666667,0.0,0.0,4.361805555555556,4.2935185185185185,8.662037037037036,388.0,151.14666666666668,0.2872486752420383,RS,books_technical,2017-02-15 15:54:35,2017-07-28 10:05:46,162,0.5637037037037037,2.9688643443181373e-05,False,-0.3835705316031812,0.0,0.0,Monitor (low volume)
b6dc74ed30f124f95227bed4e43a3bed,9,4.666666666666667,0.0,0.1111111111111111,7.3916666666666675,10.392515432098765,18.03850308641975,387.56,61.32111111111111,0.47317355322424137,PR,sports_leisure,2017-02-28 22:22:48,2017-12-05 10:31:53,279,0.9819354838709679,2.965497590937983e-05,False,-1.1507115948095437,0.0,0.0,Monitor (low volume)
94d76e96eedd976258cd3278ce56d5f2,1,5.0,0.0,0.0,1.10625,5.916666666666667,7.032638888888889,385.61,454.17,0.1777962189777236,SP,sports_leisure,2018-05-09 11:41:46,2018-05-09 11:41:46,0,1.0,2.950576752094116e-05,False,-0.12785684386772708,0.0,0.0,Monitor (low volume)
559d56f3b8f0bc2e5a9a62fe2ce2a39f,2,2.5,0.5,0.5,5.885763888888889,6.401041666666667,12.295486111111112,385.0,216.86,0.13790296296296295,SC,baby,2018-08-05 09:19:13,2018-08-05 23:10:33,0,2.0,2.9459092076352653e-05,False,0.7442863122645458,143.27511511092507,0.0003280609267916434,Monitor (low volume)
a21c11ec5c3f03e7cc9f9203bff9e1c6,3,3.6666666666666665,0.3333333333333333,0.0,2.709722222222222,6.8125,9.542361111111111,385.0,158.62666666666667,0.3821818181818182,SP,perfumery,2018-08-03 17:13:19,2018-08-07 12:21:32,3,3.0,2.9459092076352653e-05,False,0.6164294683968187,79.1084484442584,0.00018113676540116365,Monitor (low volume)
6650fcccd8cd2f7e55ffa524f30c4c59,2,3.0,0.5,0.0,4.0472222222222225,4.075694444444444,8.131944444444445,384.8,242.17000000000002,0.226663042851613,SP,luggage_accessories,2017-09-05 18:26:23,2017-10-06 16:19:03,30,2.0,2.9443788651897405e-05,False,0.7442863122645458,143.20068647969862,0.00032789050553097245,Monitor (low volume)
a080fc8a850289b27500f6b49cca2553,4,4.75,0.0,0.0,1.2010416666666666,4.208159722222222,5.423263888888889,383.0,108.8925,0.1471613628835421,SP,auto,2018-03-13 20:28:59,2018-06-25 19:03:18,103,1.1821359223300971,2.930605783180017e-05,False,-0.5114273754709083,0.0,0.0,Monitor (low volume)
ab27bbbad5239bc31a34709275a70db4,3,5.0,0.0,0.0,3.2731481481481484,4.425462962962963,8.455324074074074,382.9,161.68333333333334,0.2741974182627916,SP,construction_tools_construction,2017-10-31 17:54:25,2018-07-03 10:16:32,244,0.3742622950819672,2.9298406119572545e-05,False,-0.3835705316031812,0.0,0.0,Monitor (low volume)
ea00f977a203ff88adf7057cb7806998,18,4.277777777777778,0.05555555555555555,0.1111111111111111,2.0378086419753085,3.1398533950617287,5.4175154320987655,381.72999999999996,31.00111111111111,0.6056037485230272,SP,auto,2018-07-02 21:01:18,2018-08-20 22:53:49,49,11.18204081632653,2.9208881086509344e-05,False,-1.3014231896190875,0.0,0.0,Monitor (low volume)
f7315bb81aea4ddca2d39e249a801c98,2,4.5,0.0,0.5,0.9246527777777778,9.26388888888889,10.214236111111111,379.8,215.04000000000002,0.13238546603475512,SP,luggage_accessories,2018-06-14 12:12:21,2018-08-01 15:15:05,48,1.2683333333333333,2.9061203040516202e-05,False,-0.25571368773545416,0.0,0.0,Monitor (low volume)
54aa8463e87776b5612f4bdc4bd5d4de,6,4.0,0.16666666666666666,0.0,0.5510416666666667,11.705324074074076,12.382060185185184,379.40000000000003,81.04666666666667,0.3445503069116709,MG,furniture_decor,2017-02-06 13:41:28,2017-02-21 10:53:34,14,6.0,2.903059619160571e-05,False,0.23285893679363745,14.724446769917677,3.371496613416488e-05,Monitor (low volume)
2e7ea2aafec5835e781b21d6d1faf1f1,6,4.5,0.0,0.0,2.0416666666666665,5.13912037037037,7.305671296296296,378.9,80.46166666666666,0.2779629022425271,SP,health_beauty,2018-07-05 18:35:55,2018-08-23 21:46:53,49,3.7273469387755105,2.8992337630467583e-05,False,-0.7671410632063624,0.0,0.0,Monitor (low volume)
f5b44895715ddfe3087dc414f30268f3,19,4.0,0.15789473684210525,0.05263157894736842,2.6912646198830408,9.520029239766082,12.497258771929824,378.8,34.44421052631579,0.7247889673249337,SP,auto,2017-09-18 12:19:09,2018-07-25 20:05:09,310,1.8656774193548387,2.898468591823996e-05,False,0.5707199665131852,11.37835385869445,2.6053326213394462e-05,Monitor (low volume)
c24173065483e421f9e5e7f599de101d,9,3.5555555555555554,0.2222222222222222,0.1111111111111111,5.96195987654321,8.914583333333333,15.81520061728395,373.90999999999997,54.57888888888889,0.3342442573119972,SP,sports_leisure,2017-07-11 14:17:47,2017-11-24 14:46:52,136,2.014411764705882,2.861051719030914e-05,False,0.8492884051904561,35.28415862052927,8.079109738737553e-05,Monitor (low volume)
404e1ba01358af4cd63f679b2c4d1fa1,8,5.0,0.0,0.0,2.3719618055555554,5.821788194444444,8.209895833333334,373.9,68.96625,0.5420064494714375,MG,pet_shop,2017-08-21 01:07:46,2018-08-16 12:36:06,360,0.6764444444444445,2.860975201908638e-05,False,-1.0228547509418167,0.0,0.0,Monitor (low volume)
0249d282d911d23cb8b869ab49c99f53,10,4.5,0.1,0.2,4.551666666666667,5.8475,10.753819444444444,371.5,48.949,0.39525474436791014,SP,sports_leisure,2017-09-18 20:48:19,2018-03-22 22:37:56,185,1.6454054054054055,2.8426110925623405e-05,False,-0.27856843867727077,0.0,0.0,Monitor (low volume)
70125af26c2d6d4ef401a1d02ae7701f,5,4.6,0.0,0.4,1.3491666666666666,8.652083333333334,10.583055555555555,371.2,125.924,0.7191967478174587,GO,sports_leisure,2018-07-03 16:23:42,2018-08-18 16:43:27,46,3.3086956521739133,2.840315578894053e-05,False,-0.6392842193386354,0.0,0.0,Monitor (low volume)
4dbd95a08b31ede5c82d3f861cb1ce1a,4,4.75,0.0,0.0,4.016666666666667,8.309895833333334,12.341666666666667,370.78000000000003,115.98,0.36931441487619154,PR,books_general_interest,2017-05-21 11:56:58,2017-11-13 14:13:52,176,0.6918181818181819,2.837101859758451e-05,False,-0.5114273754709083,0.0,0.0,Monitor (low volume)
0f0c984a4a955310903b6b6008660bad,4,3.75,0.25,0.25,1.4175347222222223,12.722569444444444,14.240104166666667,369.81,120.345,0.30446695270224133,SP,sports_leisure,2018-04-24 18:30:34,2018-05-27 10:25:22,32,3.8049999999999997,2.8296796988976556e-05,False,0.48857262452909167,45.169760569275844,0.00010342642896389007,Monitor (low volume)
131fcb0a0c9a47bba4474aacff0f14b7,4,4.0,0.0,0.0,2.0527777777777776,2.237326388888889,4.300347222222222,369.8,101.6025,0.10836872586872585,SP,home_appliances,2018-06-03 19:44:12,2018-08-09 01:13:45,66,1.8448484848484847,2.8296031817753796e-05,False,-0.5114273754709083,0.0,0.0,Monitor (low volume)
916748bc99315c2d202898ae58b1617e,25,4.28,0.08,0.0,3.9932222222222227,6.223361111111111,10.472277777777778,369.40000000000003,29.8604,1.1883527849927848,SP,sports_leisure,2017-02-12 22:05:47,2017-11-25 14:37:15,285,2.6701754385964915,2.82654249688433e-05,False,-1.196421096693177,0.0,0.0,Monitor (low volume)
63191ead8d3b2f937cd1996fdcbbad20,1,5.0,0.0,0.0,2.966666666666667,8.943055555555556,11.917361111111111,367.0,420.29,0.14520435967302453,SP,musical_instruments,2018-08-10 16:24:47,2018-08-10 16:24:47,0,1.0,2.808178387538032e-05,False,-0.12785684386772708,0.0,0.0,Monitor (low volume)
2009a095de2a2a41626f6c6d7722678d,7,4.285714285714286,0.14285714285714285,0.0,0.9404761904761905,7.629861111111111,8.797718253968254,366.9,76.22857142857141,0.6100595209780071,SP,computers_accessories,2017-03-10 12:10:11,2017-09-20 07:06:26,193,1.104041450777202,2.8074132163152695e-05,False,0.10500209292591037,5.503609699216645,1.2601764774201289e-05,Monitor (low volume)
499ec63c58e51296c9cf57edcfe1c8a8,5,4.8,0.0,0.0,0.9918055555555556,4.213333333333333,5.233333333333333,365.0,82.586,0.13272,SP,computers_accessories,2018-04-11 16:15:39,2018-06-03 19:20:42,53,2.871698113207547,2.7928749630827838e-05,False,-0.6392842193386354,0.0,0.0,Monitor (low volume)
2b3b9ce054da76a7428df143a567b156,4,3.5,0.25,0.0,2.0894097222222223,5.145659722222222,7.64375,364.59000000000003,108.185,0.24141081708009196,SP,furniture_decor,2018-06-17 15:59:39,2018-08-16 04:29:53,59,2.0637288135593224,2.7897377610694582e-05,False,0.48857262452909167,44.532173294265384,0.00010196652804398119,Monitor (low volume)
f12d3c2a14729ae461b920c11fe20fdc,9,4.444444444444445,0.0,0.0,1.4453125,3.4882716049382716,5.3106481481481485,364.45,51.03555555555556,0.33989483795614067,SP,furniture_decor,2018-05-03 20:25:44,2018-07-31 20:56:04,89,3.0782022471910113,2.7886665213575908e-05,False,-1.1507115948095437,0.0,0.0,Monitor (low volume)
7c1fea10b5b006671d608b1d7c446ec4,12,4.0,0.16666666666666666,0.08333333333333333,2.5911458333333335,13.296354166666667,16.9171875,363.79999999999995,47.15416666666667,0.6470066774931192,SP,telephony,2017-10-04 20:41:38,2018-04-25 18:42:06,202,1.8083168316831684,2.783692908409635e-05,False,0.4657178735872749,14.119013534254215,3.232868919243326e-05,Monitor (low volume)
6d988d6174a2c27441597174f8905515,18,4.055555555555555,0.16666666666666666,0.1111111111111111,12.884876543209877,8.371720679012347,21.305015432098767,363.74,39.80722222222222,0.9372678044856697,PR,housewares,2017-07-15 18:54:14,2018-08-09 15:39:32,389,1.4085347043701801,2.7832338056759778e-05,False,0.6985768103809123,14.11668494488628,3.232335735804199e-05,Monitor (low volume)
7c4618c82226628831613e95e9c22f44,13,4.076923076923077,0.15384615384615385,0.15384615384615385,2.4130787037037034,8.385363247863248,11.065277777777776,361.90999999999997,41.230000000000004,0.5417441804312119,SP,sports_leisure,2017-12-14 10:52:55,2018-08-17 06:37:13,245,1.6151836734693878,2.7692311722994255e-05,False,0.337861029719548,9.405791174292432,2.1536695799951552e-05,Monitor (low volume)
a435b009cd956ea60748b5cfbddf2e24,3,4.333333333333333,0.0,0.6666666666666666,8.9125,21.48935185185185,30.409259259259258,361.18,135.46333333333334,0.17286819588710678,SP,perfumery,2017-05-09 13:21:53,2017-07-26 10:05:21,77,1.185974025974026,2.7636454223732602e-05,False,-0.3835705316031812,0.0,0.0,Monitor (low volume)
76de363de16dacc923eec8daf91df504,2,2.5,0.5,0.0,2.0756944444444443,10.95,13.318402777777777,360.0,205.20999999999998,0.1467090909090909,SC,stationery,2017-09-22 10:58:10,2018-03-21 15:56:34,180,0.33822222222222226,2.7546164019446635e-05,False,0.7442863122645458,133.97153620761824,0.00030675826920777046,Monitor (low volume)
b56828a9f9027f3c918c04ca720d9e3c,3,2.6666666666666665,0.3333333333333333,0.3333333333333333,10.645601851851852,5.744907407407407,16.972916666666666,360.0,157.20333333333335,0.3100277777777778,SP,bed_bath_table,2017-10-03 14:05:27,2018-05-02 12:17:02,210,0.4348571428571429,2.7546164019446635e-05,False,0.6164294683968187,73.97153620761824,0.00016937463777771147,Monitor (low volume)
fa14641f57b655e933124a9ea49cd7a5,7,4.571428571428571,0.0,0.0,1.838392857142857,4.312996031746032,6.979960317460318,359.92999999999995,63.284285714285716,0.23634557949557305,SP,telephony,2017-05-19 18:42:14,2018-02-05 13:55:53,261,0.8163984674329503,2.7540807820887295e-05,False,-0.8949979070740895,0.0,0.0,Monitor (low volume)
184725737946a1a938bbbd1a9e978103,3,4.666666666666667,0.0,0.0,1.1585648148148149,7.407638888888889,8.575925925925926,359.70000000000005,134.52333333333334,0.1239538916544215,SP,health_beauty,2018-08-12 23:15:08,2018-08-21 15:56:19,8,3.0,2.7523208882763768e-05,False,-0.3835705316031812,0.0,0.0,Monitor (low volume)
173d56ffbd4c56cb80fc3615487d712b,2,5.0,0.0,0.0,1.5958333333333334,5.155555555555555,6.839236111111111,358.0,198.805,0.11064245810055867,SP,luggage_accessories,2018-08-18 08:27:58,2018-08-20 11:20:51,2,2.0,2.7393129774894156e-05,False,-0.25571368773545416,0.0,0.0,Monitor (low volume)
9dd59e43f0c9f0553244e8f9c2fb247e,10,4.8,0.0,0.1,2.464236111111111,10.546458333333334,13.135694444444445,356.3,50.812,0.5017898942488419,PR,perfumery,2017-10-15 16:10:27,2018-01-23 15:30:59,99,3.074747474747475,2.7263050667024548e-05,False,-1.2785684386772709,0.0,0.0,Monitor (low volume)
24c1de8d9551c0b4fbc53317d53efda8,1,5.0,0.0,0.0,3.1555555555555554,8.248611111111112,12.779166666666667,355.0,412.12,0.16090140845070422,PB,sports_leisure,2017-02-01 18:41:32,2017-02-01 18:41:32,0,1.0,2.7163578408065432e-05,False,-0.12785684386772708,0.0,0.0,Monitor (low volume)
761681a821d8275bc79f552116d06869,3,5.0,0.0,0.0,1.1576388888888889,6.878935185185185,8.15462962962963,354.92,171.63333333333335,0.4344189037133844,SP,garden_tools,2018-04-23 19:27:59,2018-07-25 12:02:27,92,0.9926086956521739,2.7157457038283336e-05,False,-0.3835705316031812,0.0,0.0,Monitor (low volume)
8fd3b4468f6425810648177996c14cbd,1,5.0,0.0,0.0,5.915277777777778,4.018055555555556,9.974305555555556,354.9,376.57,0.06105945336714568,SP,health_beauty,2018-06-13 11:33:32,2018-06-13 11:33:32,0,1.0,2.7155926695837807e-05,False,-0.12785684386772708,0.0,0.0,Monitor (low volume)
9b00cad94ef3078faf6fba2e792c158f,1,5.0,0.0,0.0,0.4527777777777778,18.9375,19.399305555555557,354.9,373.82,0.053310791772330245,MG,sports_leisure,2017-12-20 12:04:33,2017-12-20 12:04:33,0,1.0,2.7155926695837807e-05,False,-0.12785684386772708,0.0,0.0,Monitor (low volume)
a2fa0bdc798ee84cdb08281337cf4fb6,8,4.75,0.0,0.0,7.909114583333333,9.107899305555556,18.204340277777778,354.86,67.74625,0.6706982958069264,SC,books_general_interest,2017-03-08 10:33:45,2018-01-15 09:33:40,312,0.7805128205128206,2.715286601094676e-05,False,-1.0228547509418167,0.0,0.0,Monitor (low volume)
44f091b5abab8018f682fce8124b85e5,3,3.6666666666666665,0.3333333333333333,0.6666666666666666,10.893518518518519,3.759027777777778,15.188194444444443,354.4,129.72666666666666,0.14191424963174495,SP,sports_leisure,2017-09-11 07:12:41,2017-11-13 11:16:06,63,1.4495238095238094,2.7117668134699688e-05,False,0.6164294683968187,72.82086786661084,0.00016673992119005816,Monitor (low volume)
b88e7c57cb2d8b973b7dd4a2bfa14b36,4,4.25,0.0,0.0,0.6026041666666667,8.248611111111112,9.364930555555556,353.9,104.9175,0.5981943864774624,PR,health_beauty,2017-05-21 13:09:50,2017-12-01 00:13:14,193,0.6308808290155441,2.7079409573561565e-05,False,-0.5114273754709083,0.0,0.0,Monitor (low volume)
b67d6c666e8dce1d078c882825e12704,7,4.857142857142857,0.0,0.0,2.094940476190476,4.71140873015873,7.684126984126984,352.84,65.28999999999999,0.5550257011013502,SP,sports_leisure,2018-07-06 12:11:22,2018-08-08 16:42:07,33,6.456969696969697,2.699830142394875e-05,False,-0.8949979070740895,0.0,0.0,Monitor (low volume)
b7d5b4b87af9d42b601865d3f3810bff,1,3.0,0.0,0.0,3.4944444444444445,5.122916666666667,8.628472222222221,350.0,370.69,0.059114285714285716,SC,garden_tools,2017-05-06 18:49:21,2017-05-06 18:49:21,0,1.0,2.678099279668423e-05,False,-0.12785684386772708,0.0,0.0,Monitor (low volume)
97e4a63591ca439a2b8b7efd20e6e19e,5,4.4,0.0,0.0,2.140972222222222,3.922083333333333,6.43125,349.95,85.7,0.22446063723389056,RJ,furniture_living_room,2018-02-23 18:13:43,2018-08-16 19:32:56,174,0.8747126436781609,2.6777166940570418e-05,False,-0.6392842193386354,0.0,0.0,Monitor (low volume)
52bb00821bcdd358a5a5a27e1f6be5a1,2,4.5,0.0,0.0,2.680208333333333,12.318750000000001,15.994444444444445,349.8,194.215,0.25534816125363324,SP,musical_instruments,2018-01-17 20:41:09,2018-04-11 17:20:17,83,0.7334939759036144,2.676568937222898e-05,False,-0.25571368773545416,0.0,0.0,Monitor (low volume)
079d295dcbf06ee8bb1b65ba964eb2b6,5,4.6,0.0,0.0,0.6822222222222223,7.1,8.265277777777778,349.3,108.018,0.5289641047770459,SP,construction_tools_construction,2018-06-25 12:37:03,2018-08-09 20:00:05,45,3.3822222222222225,2.6727430811090862e-05,False,-0.6392842193386354,0.0,0.0,Monitor (low volume)
27a56ff04b34c2ba34ce6ba4d3b9d616,8,4.125,0.125,0.125,2.7734375,9.737326388888889,12.881770833333334,349.28999999999996,56.53375,0.30048373083802604,SP,market_place,2017-04-05 15:45:38,2017-10-13 10:53:47,190,1.2816842105263158,2.6726665639868096e-05,False,-0.02285475094181666,0.0,0.0,Monitor (low volume)
0bfd0b434243adc5c2e1aa6baf19c6aa,5,4.0,0.0,0.0,1.478611111111111,6.118055555555555,7.709583333333333,347.3,81.208,0.18036835990890995,RJ,watches_gifts,2017-10-23 22:16:49,2018-02-03 23:27:28,103,1.4776699029126215,2.657439656653838e-05,False,-0.6392842193386354,0.0,0.0,Monitor (low volume)
79565f7d5603b24ddf07ade262547f2f,7,4.428571428571429,0.14285714285714285,0.2857142857142857,0.44722222222222224,12.141567460317459,13.240674603174602,346.0,63.44428571428572,0.36612151208317767,SP,unknown,2017-02-07 10:07:01,2017-05-24 22:42:55,106,2.010188679245283,2.6474924307579268e-05,False,0.10500209292591037,5.190103450337856,1.1883920991751557e-05,Monitor (low volume)
918717417d88a9f9ae9735567e6c7682,4,5.0,0.0,0.0,4.165972222222222,3.970659722222222,8.146527777777777,345.70000000000005,97.305,0.2734587940521952,SP,health_beauty,2017-12-19 11:55:26,2018-02-27 22:08:50,70,1.7394285714285713,2.6451969170896397e-05,False,-0.5114273754709083,0.0,0.0,Monitor (low volume)
38af8acfd46ac4a7bf754e8ca6736664,5,4.8,0.0,0.0,2.252361111111111,3.5256944444444445,6.385694444444445,345.0,79.588,0.15448840654146476,SP,cool_stuff,2017-11-27 23:02:54,2018-02-14 11:15:39,78,1.9512820512820512,2.6398407185303027e-05,False,-0.6392842193386354,0.0,0.0,Monitor (low volume)
a37c340b91cb0169e8b029db6440fba2,5,4.8,0.0,0.0,4.638055555555555,6.142083333333334,11.122916666666665,345.0,87.99000000000001,0.2752173913043478,SP,unknown,2017-06-26 16:37:01,2017-09-14 16:37:03,80,1.9025,2.6398407185303027e-05,False,-0.6392842193386354,0.0,0.0,Monitor (low volume)
f5fea3ffed6c2e889bab72705557c63a,1,5.0,0.0,1.0,19.899305555555557,7.250694444444444,28.70347222222222,345.0,468.8,0.35884057971014494,RJ,furniture_decor,2017-04-18 23:53:54,2017-04-18 23:53:54,0,1.0,2.6398407185303027e-05,False,-0.12785684386772708,0.0,0.0,Monitor (low volume)
26b482dccfa29bd2e40703ba45523702,3,5.0,0.0,0.0,0.9097222222222223,2.594907407407408,3.592592592592593,344.78,137.47,0.21656068296614076,SP,pet_shop,2018-07-31 20:37:46,2018-08-20 08:39:15,19,3.0,2.6381573418402252e-05,False,-0.3835705316031812,0.0,0.0,Monitor (low volume)
3985a3c45be355a4c57fde108bfabd1c,7,4.0,0.14285714285714285,0.0,0.726984126984127,9.98581349206349,11.442857142857141,344.2,73.74285714285715,0.6954295922752715,RS,consoles_games,2017-01-27 00:34:10,2017-06-19 15:25:29,143,1.49006993006993,2.6337193487482034e-05,False,0.10500209292591037,5.163102912156907,1.1822097125320478e-05,Monitor (low volume)
bd15ee794d5e640d9dd71b665b2ab15b,11,4.0,0.18181818181818182,0.18181818181818182,5.580366161616161,9.514078282828283,15.113762626262625,343.9,49.30272727272727,0.5825599414972786,SP,sports_leisure,2018-03-21 12:59:12,2018-08-14 11:46:06,145,2.309241379310345,2.631423835079916e-05,False,0.5935747174550021,18.557304121161383,4.249116382861917e-05,Monitor (low volume)
92d14edfb62ee5ae7fdff70b0f4e7233,7,3.7142857142857144,0.14285714285714285,0.0,1.5993055555555558,5.586904761904762,8.176289682539682,343.49,72.26285714285714,0.5695498651670035,SP,health_beauty,2017-09-11 16:51:05,2018-04-04 22:19:10,205,1.0394146341463415,2.6282866330665903e-05,False,0.10500209292591037,5.152452699874422,1.1797711044672666e-05,Monitor (low volume)
7957cac1a02f45d0a4a7e45626382ec2,1,4.0,0.0,0.0,19.119444444444444,7.192361111111111,26.322222222222223,343.0,364.64,0.06309037900874635,PR,health_beauty,2017-09-08 10:09:43,2017-09-08 10:09:43,0,1.0,2.6245372940750544e-05,False,-0.12785684386772708,0.0,0.0,Monitor (low volume)
2a73cba571d90c694b7caca072ccf6ce,1,5.0,0.0,1.0,11.294444444444444,9.322222222222223,21.332638888888887,342.78,381.47999999999996,0.1129004025905829,SP,furniture_decor,2018-07-26 09:13:04,2018-07-26 09:13:04,0,1.0,2.622853917384977e-05,False,-0.12785684386772708,0.0,0.0,Monitor (low volume)
bc503e244f187939d10c92a5c8e378ce,4,4.75,0.0,0.0,1.3564236111111112,8.996701388888889,11.32048611111111,342.05,124.955,0.5100818322877045,SP,computers_accessories,2017-04-04 13:46:04,2017-09-04 12:24:46,152,0.8010526315789473,2.6172681674588117e-05,False,-0.5114273754709083,0.0,0.0,Monitor (low volume)
b9ec22de23f18567de0e09d776ca0309,2,5.0,0.0,0.0,1.770138888888889,4.751041666666667,6.534722222222221,341.98,191.235,0.12261503102621854,DF,stationery,2018-06-22 14:30:06,2018-08-14 23:20:29,53,1.148679245283019,2.616732547602878e-05,False,-0.25571368773545416,0.0,0.0,Monitor (low volume)
38102b031c2a15e54623d711bfc753d3,6,4.333333333333333,0.0,0.0,8.809259259259258,15.605324074074074,25.001504629629625,340.0,101.88333333333333,0.8874570360195361,CE,furniture_decor,2017-02-09 11:01:14,2017-09-30 22:39:05,233,0.7838626609442061,2.6015821573921824e-05,False,-0.7671410632063624,0.0,0.0,Monitor (low volume)
ae8bfdbf1c2a2a2dee92d799db0a31c6,8,4.125,0.0,0.0,1.7954861111111111,7.071614583333333,8.874739583333334,339.92,60.7675,0.5193172767057882,PR,housewares,2017-02-15 09:34:07,2017-05-15 17:58:25,89,2.736179775280899,2.6009700204139724e-05,False,-1.0228547509418167,0.0,0.0,Monitor (low volume)
bdb3edbaee43a761e2d4f258dc08f348,5,3.8,0.2,0.2,2.5356944444444443,9.070694444444445,11.946111111111112,338.5,84.89000000000001,0.36069272585003065,SP,stationery,2017-11-21 22:22:38,2017-12-18 11:50:01,26,5.0,2.5901045890507463e-05,False,0.36071578066136467,24.42045835077439,5.5916187490264916e-05,Monitor (low volume)
2f4b0d3b9634b647d4edee577d7ebb7e,10,4.9,0.0,0.0,3.740208333333334,2.0434722222222224,6.1478472222222225,337.9,42.231,0.26161373431894247,SP,perfumery,2018-01-26 16:15:02,2018-03-10 10:10:19,42,7.247619047619048,2.5855135617141715e-05,False,-1.2785684386772709,0.0,0.0,Monitor (low volume)
c42fd8e4d47dfb18ce5222f2dd7752f9,5,3.8,0.2,0.2,15.606666666666666,5.5713888888888885,21.18125,336.99,84.626,0.30461321139583564,SP,furniture_decor,2017-02-13 11:10:57,2017-05-21 15:02:45,97,1.5690721649484536,2.578550503587034e-05,False,0.36071578066136467,24.311522185014656,5.566675338949593e-05,Monitor (low volume)
0743a0239d764b9a0f959a57d07e36ab,4,4.75,0.0,0.0,1.709375,3.6246527777777775,5.357986111111111,336.96,100.80499999999999,0.21008043106100444,SP,food,2018-07-24 10:50:34,2018-08-04 17:01:32,11,4.0,2.578320952220205e-05,False,-0.5114273754709083,0.0,0.0,Monitor (low volume)
c8660dcf9ba70575f45d80fe28c27713,4,4.5,0.0,0.25,2.032638888888889,12.555555555555555,14.991493055555555,335.0,109.7475,0.30811538461538457,SP,pet_shop,2017-02-07 13:59:49,2017-03-20 20:31:35,41,2.9697560975609756,2.563323596254062e-05,False,-0.5114273754709083,0.0,0.0,Monitor (low volume)
333c4210e76a1aa2ab817b99437e3ff1,2,5.0,0.0,0.0,0.40312499999999996,6.748263888888889,7.161458333333334,335.0,201.21499999999997,0.6166266098313078,SP,auto,2018-07-17 19:46:54,2018-08-10 10:31:43,23,2.0,2.563323596254062e-05,False,-0.25571368773545416,0.0,0.0,Monitor (low volume)
2c538755f1ca9540af144f266e70df6c,1,5.0,0.0,0.0,2.308333333333333,4.239583333333333,6.557638888888889,334.99,359.91,0.07439028030687483,MG,auto,2018-05-12 07:21:13,2018-05-12 07:21:13,0,1.0,2.5632470791317858e-05,False,-0.12785684386772708,0.0,0.0,Monitor (low volume)
48efc9d94a9834137efd9ea76b065a38,32,5.0,0.0,0.0,4.094769965277778,5.490950520833334,10.984092881944445,334.7,20.199375,0.9767307901579635,PR,fashion_bags_accessories,2017-01-05 11:56:06,2017-01-26 10:00:37,20,32.0,2.5610280825857747e-05,True,-4.091419003767267,0.0,0.0,Invest
61b18775be84fb700a6b2d0ba097bf66,4,4.75,0.0,0.0,2.455729166666667,8.106423611111111,10.575520833333334,334.5,109.0025,0.33343016947616655,SP,pet_shop,2018-04-16 20:07:20,2018-08-21 19:20:14,126,0.9663492063492063,2.55949774014025e-05,False,-0.5114273754709083,0.0,0.0,Monitor (low volume)
c113b8df1fc375bc3d73d29c1b1144d1,3,4.333333333333333,0.0,0.0,1.1273148148148147,5.611574074074074,6.75462962962963,333.0,133.62333333333333,0.20207699924282138,SP,unknown,2017-06-15 10:15:14,2017-08-02 16:17:16,48,1.9025,2.5480201717988138e-05,False,-0.3835705316031812,0.0,0.0,Monitor (low volume)
d7485b33791774c36108f8c69602d48d,9,4.0,0.0,0.1111111111111111,1.3047067901234568,6.832021604938272,8.553395061728395,329.83000000000004,57.73777777777778,0.626755465257048,PR,sports_leisure,2018-04-06 12:25:07,2018-07-24 22:56:00,109,2.513394495412844,2.523764244037246e-05,False,-1.1507115948095437,0.0,0.0,Monitor (low volume)
aded58c8142dedc5494a81f948431fab,4,3.75,0.25,0.0,2.5875,5.445833333333334,8.741840277777778,329.49,105.14250000000001,0.37298276720994844,RJ,perfumery,2018-04-01 19:44:52,2018-04-23 12:11:20,21,4.0,2.5211626618798536e-05,False,0.48857262452909167,40.2449485140226,9.214995289286969e-05,Monitor (low volume)
d36b07fd3c5088e477a72d1fccfe29d4,1,5.0,0.0,0.0,2.1659722222222224,11.0625,13.235416666666667,328.9,339.85999999999996,0.03332319854058985,SP,garden_tools,2017-05-06 11:20:18,2017-05-06 11:20:18,0,1.0,2.516648151665555e-05,False,-0.12785684386772708,0.0,0.0,Monitor (low volume)
f18112da765e0971ca5d510dec322bdd,2,4.0,0.0,0.0,1.2895833333333333,16.59861111111111,17.897916666666667,327.8,205.375,0.25653266369105837,SC,unknown,2018-01-01 22:11:36,2018-01-02 19:20:35,0,2.0,2.5082312682151687e-05,False,-0.25571368773545416,0.0,0.0,Monitor (low volume)
4b98b0428fc1932cc2514ef9ce2505e6,2,3.0,0.5,0.5,1.8475694444444444,20.715625,22.573611111111113,327.63,181.71499999999997,0.11239605729218624,SP,unknown,2017-09-11 11:28:21,2017-11-16 17:01:40,66,0.9224242424242424,2.5069304771364724e-05,False,0.7442863122645458,121.92526224361657,0.00027917558816817177,Monitor (low volume)
6c1b6d0c604b776f844125f911eb7377,4,4.0,0.0,0.0,9.830902777777778,6.996875,17.514409722222222,327.07,95.8025,0.3024889393157823,SP,auto,2017-02-01 15:42:59,2017-02-24 16:09:19,23,4.0,2.502645518289003e-05,False,-0.5114273754709083,0.0,0.0,Monitor (low volume)
6bd503a8230299c9316fb0f726933927,4,4.75,0.0,0.25,2.0541666666666667,7.065104166666667,9.820833333333333,324.29,113.4725,0.38688491170431344,GO,health_beauty,2018-07-13 18:59:31,2018-08-17 15:11:32,34,3.581176470588235,2.4813737582962085e-05,False,-0.5114273754709083,0.0,0.0,Monitor (low volume)
7dea6f73af847b42cc3985bd620f994d,2,4.0,0.0,0.0,1.8916666666666666,3.3826388888888888,5.594444444444445,324.0,190.085,0.17444046021093002,PR,kitchen_dining_laundry_garden_furniture,2018-08-04 13:01:25,2018-08-24 21:42:26,20,2.0,2.4791547617501974e-05,False,-0.25571368773545416,0.0,0.0,Monitor (low volume)
a81466620e46a6970b22ef40379fdfc9,2,5.0,0.0,0.0,0.3402777777777778,6.827083333333333,7.189583333333333,321.8,177.39,0.10248601615910502,SC,computers_accessories,2017-10-11 10:15:04,2017-10-13 14:29:05,2,2.0,2.4623209948494243e-05,False,-0.25571368773545416,0.0,0.0,Monitor (low volume)
7b7ed56ae755e2880f2b69632e839c1e,5,4.2,0.0,0.2,1.5886111111111112,5.703333333333333,7.304444444444444,321.5,91.32000000000001,0.7640328237594459,GO,housewares,2018-08-07 08:05:25,2018-08-15 19:33:04,8,5.0,2.4600254811811372e-05,False,-0.6392842193386354,0.0,0.0,Monitor (low volume)
d149de2f383552baea37a7198c2296ce,3,5.0,0.0,0.0,1.6381944444444445,2.913888888888889,4.890277777777778,320.70000000000005,118.12333333333333,0.10498908637355785,SP,toys,2018-08-20 21:01:51,2018-08-27 17:18:42,6,3.0,2.4539041113990383e-05,False,-0.3835705316031812,0.0,0.0,Monitor (low volume)
b8a0adc91af209270c2c725168eb00fd,6,4.0,0.16666666666666666,0.0,3.2887500000000003,7.726967592592593,11.105555555555556,320.3,72.195,0.3651444353754396,SP,bed_bath_table,2018-04-16 19:54:11,2018-06-27 10:15:28,71,2.572394366197183,2.4508434265079883e-05,False,0.23285893679363745,12.430786242500346,2.846310925875859e-05,Monitor (low volume)
252e76235acb79183cfca6e34f13337d,3,3.3333333333333335,0.3333333333333333,0.0,2.9067129629629633,10.075000000000001,14.127546296296297,320.1,132.84,0.2414034351698463,SP,furniture_decor,2017-02-17 16:10:12,2018-06-01 11:54:07,468,0.19512820512820514,2.4493130840624635e-05,False,0.6164294683968187,65.77302427794055,0.00015060228209068177,Monitor (low volume)
eb9267cccc90f1b49c8d2f9887c7dd97,1,5.0,0.0,0.0,0.02013888888888889,7.272222222222222,7.811111111111111,319.9,346.27,0.08243201000312599,PE,sports_leisure,2018-05-06 21:44:22,2018-05-06 21:44:22,0,1.0,2.4477827416169383e-05,False,-0.12785684386772708,0.0,0.0,Monitor (low volume)
c611f4ce9ce875bcc063fa97fd4d7d12,1,4.0,0.0,1.0,0.88125,3.151388888888889,4.072916666666667,319.0,332.25,0.041536050156739814,SP,garden_tools,2018-07-31 14:42:55,2018-07-31 14:42:55,0,1.0,2.440896200612077e-05,False,-0.12785684386772708,0.0,0.0,Monitor (low volume)
1e9d5a33694bddb76316fd1f54734d20,2,4.5,0.0,0.0,4.511458333333334,7.731944444444444,12.253819444444446,318.0,234.47,0.47465408805031445,MT,furniture_bedroom,2018-07-18 13:52:51,2018-08-17 11:12:26,29,2.0,2.433244488384453e-05,False,-0.25571368773545416,0.0,0.0,Monitor (low volume)
57d2ba47f7a3209aa347532ae75c1165,2,4.0,0.0,0.0,4.911458333333333,10.269791666666666,15.687152777777778,318.0,229.12,0.4252934662236988,SC,sports_leisure,2018-06-21 22:32:27,2018-07-18 11:23:07,26,2.0,2.433244488384453e-05,False,-0.25571368773545416,0.0,0.0,Monitor (low volume)
2d22fc3089eb907b29ebff50581fb472,3,3.6666666666666665,0.0,0.0,0.7048611111111112,8.887731481481481,9.619907407407409,317.70000000000005,125.79666666666667,0.18842690434559464,RJ,home_construction,2018-04-13 17:26:09,2018-04-29 18:43:21,16,3.0,2.430948974716166e-05,False,-0.3835705316031812,0.0,0.0,Monitor (low volume)
e627629ba868740e287800f1a9be81c2,10,4.9,0.0,0.0,1.7259027777777778,4.375,6.485555555555555,317.2,42.6,0.41045994507612626,SP,food_drink,2017-02-03 21:44:34,2017-07-13 12:39:36,159,1.9144654088050315,2.4271231186023537e-05,False,-1.2785684386772709,0.0,0.0,Monitor (low volume)
ea4e9ce63a2134743b4a92777437fcdd,3,4.666666666666667,0.0,0.0,2.1344907407407407,6.052083333333333,10.113194444444444,316.6,127.43333333333334,0.24296215317794134,SC,air_conditioning,2018-04-15 15:23:10,2018-08-21 10:00:51,127,0.7190551181102361,2.4225320912657792e-05,False,-0.3835705316031812,0.0,0.0,Monitor (low volume)
9cf787a239c1aa29dbd76f153dc13f9a,4,4.75,0.0,0.0,1.2364583333333334,5.296180555555556,6.5602430555555555,316.0,92.1,0.16582278481012658,SP,stationery,2018-06-05 17:11:13,2018-08-16 15:54:48,71,1.7149295774647888,2.4179410639292047e-05,False,-0.5114273754709083,0.0,0.0,Monitor (low volume)
cf1313c6e2c01c2f4b014f97db4bcd2b,5,5.0,0.0,0.2,1.5879166666666666,6.213055555555555,8.240277777777777,315.70000000000005,79.4,0.2584172197698349,RJ,toys,2018-06-15 15:55:16,2018-08-06 20:55:21,52,2.926923076923077,2.415645550260918e-05,False,-0.6392842193386354,0.0,0.0,Monitor (low volume)
3b18f9856c6eb2413eafedb58e9eecd9,1,5.0,0.0,0.0,3.2368055555555557,4.060416666666667,9.184027777777779,315.0,335.09,0.06377777777777778,SP,construction_tools_lights,2018-04-11 15:33:25,2018-04-11 15:33:25,0,1.0,2.4102893517015806e-05,False,-0.12785684386772708,0.0,0.0,Monitor (low volume)
da20530872245d6cd9d2f5725613c430,2,4.5,0.0,0.0,2.738888888888889,7.507986111111111,10.270138888888889,314.96000000000004,197.11,0.2650522670898362,RS,sports_leisure,2017-10-18 23:22:09,2017-10-26 23:51:35,8,2.0,2.409983283212476e-05,False,-0.25571368773545416,0.0,0.0,Monitor (low volume)
9ac4f14370b1e24ddc58be041b7f99df,5,4.4,0.0,0.0,1.4348611111111111,7.098055555555556,9.02375,314.51,87.33,0.40615079080870187,GO,sports_leisure,2018-02-24 23:39:56,2018-07-05 16:40:15,130,1.1707692307692308,2.4065400127100446e-05,False,-0.6392842193386354,0.0,0.0,Monitor (low volume)
08084d990eb3f53af056ccbc1730c8a7,10,4.4,0.0,0.0,3.6140277777777774,5.082222222222223,8.869166666666667,314.3,50.533,0.613062616292178,SP,electronics,2018-02-08 07:04:45,2018-08-14 20:56:45,187,1.6278074866310162,2.404933153142244e-05,False,-1.2785684386772709,0.0,0.0,Monitor (low volume)
8c9348f33ae3dada25c99c99ade2af78,2,5.0,0.0,0.0,1.7003472222222222,8.209722222222222,10.170486111111112,312.99,182.465,0.20294730114157283,SP,signaling_and_security,2018-06-19 11:34:27,2018-07-26 20:18:26,37,1.6454054054054055,2.3949094101240564e-05,False,-0.25571368773545416,0.0,0.0,Monitor (low volume)
3afc536624bc2e65bddfb5db33cc01f3,6,3.5,0.3333333333333333,0.16666666666666666,2.736574074074074,6.5625,9.890277777777778,312.0,69.845,0.34317307692307697,MG,electronics,2018-01-23 17:56:14,2018-06-12 10:55:06,139,1.313956834532374,2.3873342150187085e-05,False,1.2328589367936373,64.10866471326914,0.00014679135274068325,Monitor (low volume)
1acde099eb406aa220b1169b188b42da,9,4.222222222222222,0.1111111111111111,0.0,1.6066358024691358,10.066666666666668,12.079243827160493,311.09999999999997,50.94444444444444,0.7618768684951559,SP,furniture_decor,2017-09-10 22:32:14,2017-11-06 12:41:01,56,4.892142857142858,2.3804476740138467e-05,False,-0.1507115948095438,0.0,0.0,Monitor (low volume)
df47da4ae86fa4db890d05aaf24e21d8,5,4.2,0.2,0.0,0.7818055555555555,5.252777777777778,7.044722222222222,310.5,77.536,0.25642801607576376,SP,housewares,2018-07-23 17:57:33,2018-08-23 10:47:14,30,5.0,2.3758566466772725e-05,False,0.36071578066136467,22.400449979070746,5.1290919396535465e-05,Monitor (low volume)
ad87df7699e83b8a91822a4a0b765c3a,5,4.0,0.0,0.0,2.0390277777777777,8.27763888888889,10.893472222222224,309.9,77.85600000000001,0.32789237875288685,SP,electronics,2017-03-21 11:33:31,2017-06-25 16:32:29,96,1.5854166666666667,2.3712656193406977e-05,False,-0.6392842193386354,0.0,0.0,Monitor (low volume)
08d0949a9a17c027262db1f3c450c26c,11,3.909090909090909,0.18181818181818182,0.0,4.403787878787879,10.0489898989899,14.64135101010101,309.8,48.74818181818182,1.0392239513915178,PR,furniture_decor,2017-08-21 13:38:52,2018-08-23 00:54:22,366,0.9148633879781422,2.3705004481179355e-05,False,0.5935747174550021,16.717222497050876,3.827787890115213e-05,Monitor (low volume)
ba89796db68db180bd389de96b2ff3b6,2,5.0,0.0,0.0,2.0788194444444446,6.49375,8.60138888888889,309.8,176.63,0.18043791807207024,SP,furniture_decor,2018-07-13 13:42:50,2018-07-29 10:00:52,15,2.0,2.3705004481179355e-05,False,-0.25571368773545416,0.0,0.0,Monitor (low volume)
0cab2da43793a6f3c5ed8514c5f54627,3,5.0,0.0,0.0,0.4267361111111111,4.393518518518518,5.005324074074074,309.70000000000005,122.30000000000001,0.19565183671180442,PR,stationery,2018-05-11 10:26:01,2018-07-27 10:30:54,77,1.185974025974026,2.3697352768951736e-05,False,-0.3835705316031812,0.0,0.0,Monitor (low volume)
3076499bbc033a927bf4a8a41bcf7fd4,6,4.166666666666667,0.16666666666666666,0.0,2.2328703703703705,5.42974537037037,8.310995370370371,309.43,71.53666666666668,0.5316215511036245,SP,furniture_decor,2018-05-03 15:40:43,2018-08-22 11:13:09,110,1.6603636363636365,2.3676693145937147e-05,False,0.23285893679363745,12.008923468675873,2.7497158594872526e-05,Monitor (low volume)
ebd1417732defaf66c50b5a800eb293e,1,5.0,0.0,0.0,0.24930555555555556,5.861805555555556,6.121527777777778,309.0,325.33,0.052847896440129445,PR,cool_stuff,2017-03-28 09:40:41,2017-03-28 09:40:41,0,1.0,2.364379078335836e-05,False,-0.12785684386772708,0.0,0.0,Monitor (low volume)
152ee17e4c8aaf53dac99f3462e4999b,6,4.333333333333333,0.0,0.0,2.068171296296296,7.779050925925926,10.735185185185186,308.96000000000004,67.48833333333333,0.6855471383706222,SC,housewares,2017-07-14 14:16:10,2017-10-14 11:58:43,91,2.007032967032967,2.3640730098467317e-05,False,-0.7671410632063624,0.0,0.0,Monitor (low volume)
1b45169b635ef59425637e9a33eb5fb3,7,4.571428571428571,0.14285714285714285,0.0,2.7095238095238092,5.113789682539682,7.974206349206349,308.9,59.90714285714285,0.44420071112120624,PR,housewares,2018-02-13 13:27:43,2018-08-15 23:04:04,183,1.1643715846994536,2.3636139071130736e-05,False,0.10500209292591037,4.63359235783053,1.0609662411422126e-05,Monitor (low volume)
dbbcfe2c8d026742134ac3e28ccde274,4,4.0,0.25,0.0,3.7390625,4.530555555555556,8.287152777777777,308.59000000000003,90.7425,0.3823692415684663,PR,sports_leisure,2017-07-25 09:07:16,2018-06-06 10:11:30,316,0.38531645569620254,2.3612418763225106e-05,False,0.48857262452909167,37.6921565508581,8.630475572311955e-05,Monitor (low volume)
85cc55e048b6bcc90c75afe7f0e72f72,9,4.444444444444445,0.1111111111111111,0.2222222222222222,0.8623263888888889,11.693441358024693,13.153086419753086,308.28,55.75111111111111,0.8042517271733503,RJ,computers_accessories,2018-05-07 00:06:34,2018-07-25 21:36:32,79,3.467848101265823,2.358869845531947e-05,False,-0.1507115948095438,0.0,0.0,Monitor (low volume)
35ef5aa32949680f627efec3c23e705c,3,4.666666666666667,0.0,0.0,1.3560185185185185,8.031712962962963,9.427546296296297,307.8,137.44333333333333,0.4443350334593899,SC,musical_instruments,2017-05-06 17:51:11,2017-07-11 20:54:38,66,1.3836363636363636,2.3551970236626876e-05,False,-0.3835705316031812,0.0,0.0,Monitor (low volume)
a7a9b880c49781da66651ccf4ba9ac38,3,3.6666666666666665,0.0,0.0,0.7826388888888889,8.686574074074073,9.482175925925928,307.6,124.35666666666668,0.22122487021137463,SP,bed_bath_table,2018-05-16 16:16:03,2018-07-06 11:54:40,50,1.8264,2.3536666812171627e-05,False,-0.3835705316031812,0.0,0.0,Monitor (low volume)
de66a66f2dd06bb9ec37aa96987466a3,6,4.0,0.16666666666666666,0.0,5.687037037037037,9.869560185185184,15.946875,307.43,68.65333333333334,0.34542443483756974,RJ,furniture_decor,2017-01-20 14:56:31,2017-02-04 21:38:34,15,6.0,2.3523658901384664e-05,False,0.23285893679363745,11.931303823077995,2.7319430781830018e-05,Monitor (low volume)
48bad451945f5227341793478d6353ea,3,4.0,0.0,0.3333333333333333,10.607870370370371,11.29351851851852,22.08263888888889,307.0,128.16333333333333,0.24139731800766284,SP,books_general_interest,2017-02-16 19:36:07,2017-12-26 12:19:08,312,0.2926923076923077,2.3490756538805883e-05,False,-0.3835705316031812,0.0,0.0,Monitor (low volume)
e94b64dc6979b302a5a5be1662c83bb6,2,5.0,0.0,0.0,1.7798611111111113,6.285069444444445,9.009375,306.89,169.315,0.10982172501063805,SP,construction_tools_lights,2018-07-01 12:21:19,2018-07-03 19:34:23,2,2.0,2.3482339655355494e-05,False,-0.25571368773545416,0.0,0.0,Monitor (low volume)
6d2f2e3b539480db1e0842b3a4e32e6e,3,3.6666666666666665,0.3333333333333333,0.0,4.588657407407407,1.6592592592592592,6.255324074074075,305.96,158.08666666666667,0.5573440569343331,SP,furniture_decor,2017-06-09 14:43:13,2017-06-22 22:22:55,13,3.0,2.341117873163859e-05,False,0.6164294683968187,62.86758671689688,0.00014394962270685723,Monitor (low volume)
085f6f7e049c996695fb2074fe38d45e,6,4.0,0.16666666666666666,0.0,2.984259259259259,7.404513888888889,10.56273148148148,305.4,72.66000000000001,0.7502823953052662,SP,housewares,2018-02-26 14:22:19,2018-05-02 15:25:10,65,2.809846153846154,2.3368329143163893e-05,False,0.23285893679363745,11.852519882796146,2.7139037051591862e-05,Monitor (low volume)
c76d418370990614e89e956c7a7567d9,2,3.5,0.0,0.0,0.8812500000000001,7.904861111111111,10.554166666666667,305.24,184.885,0.21144303846921247,SP,sports_leisure,2017-08-11 14:51:35,2017-09-12 13:52:34,31,1.9638709677419355,2.33560864035997e-05,False,-0.25571368773545416,0.0,0.0,Monitor (low volume)
51f108f62cb87d61918159902c8f8583,3,4.333333333333333,0.0,0.0,0.6613425925925925,4.917361111111112,5.971527777777777,303.73,126.25333333333333,0.33536227588539275,PR,books_technical,2018-07-24 12:22:38,2018-08-19 08:24:27,25,3.0,2.3240545548962577e-05,False,-0.3835705316031812,0.0,0.0,Monitor (low volume)
ce616e1913288884e7742faac9d981db,13,4.538461538461538,0.0,0.07692307692307693,1.8904380341880342,4.948931623931624,6.956730769230769,303.7,41.99538461538462,1.3963647409998867,SP,auto,2018-05-19 20:17:34,2018-08-21 19:13:36,93,4.25505376344086,2.3238250035294288e-05,False,-1.662138970280452,0.0,0.0,Monitor (low volume)
3d01d1c414c44b5943a09619ff3853cb,4,4.5,0.0,0.0,0.9364583333333334,11.826736111111112,13.825347222222222,303.6,94.20500000000001,0.24117259552042156,SP,baby,2017-07-05 18:43:41,2017-07-12 20:36:42,7,4.0,2.3230598323066666e-05,False,-0.5114273754709083,0.0,0.0,Monitor (low volume)
ad75519a07f039025e83795a4418470f,3,3.6666666666666665,0.3333333333333333,0.0,1.8680555555555556,7.663425925925925,9.54212962962963,302.1,139.30666666666667,0.4016885024322852,GO,drinks,2018-01-26 15:38:19,2018-08-15 16:08:01,201,0.45432835820895523,2.3115822639652305e-05,False,0.6164294683968187,62.074447467559644,0.00014213355020179622,Monitor (low volume)
a3082f442524a1be452e3189e003b361,3,4.333333333333333,0.0,0.0,3.9872685185185186,7.31712962962963,11.5375,301.6,133.08333333333334,0.31301542087484274,SP,auto,2017-07-10 20:27:30,2018-08-09 20:36:13,395,0.23118987341772154,2.3077564078514183e-05,False,-0.3835705316031812,0.0,0.0,Monitor (low volume)
52092ddbd3a58c450a4459bf051b2287,5,5.0,0.0,0.0,1.3723611111111111,8.917083333333334,10.308333333333334,300.85,75.114,0.35264086634697944,SP,sports_leisure,2017-11-11 11:22:49,2018-03-27 15:40:33,136,1.1191176470588236,2.3020176236807005e-05,False,-0.6392842193386354,0.0,0.0,Monitor (low volume)
a64e44665225d19dfc0277eeeaaccc57,5,5.0,0.0,0.2,2.4594444444444443,5.511388888888889,8.306805555555556,300.5,74.268,0.3625569717093663,SP,health_beauty,2018-06-22 15:06:34,2018-08-20 09:52:41,58,2.624137931034483,2.2993395244010316e-05,False,-0.6392842193386354,0.0,0.0,Monitor (low volume)
b127efdabeffb5d559349c7b172eb75d,8,4.75,0.0,0.125,1.24609375,7.592534722222222,9.671788194444444,300.3,54.777499999999996,0.4544129585927391,SP,fashion_bags_accessories,2017-01-26 13:51:54,2017-05-17 19:12:52,111,2.193873873873874,2.297809181955507e-05,False,-1.0228547509418167,0.0,0.0,Monitor (low volume)
6179a28a13a726c29b3bf54c070dccab,1,5.0,0.0,0.0,1.0326388888888889,24.1875,25.229861111111113,300.0,361.27,0.20423333333333335,MG,luggage_accessories,2017-07-06 17:11:14,2017-07-06 17:11:14,0,1.0,2.2955136682872197e-05,False,-0.12785684386772708,0.0,0.0,Monitor (low volume)
89de2d6f23e9746ff309705b23581faa,7,2.7142857142857144,0.5714285714285714,0.0,4.169444444444444,29.804265873015872,9.603869047619048,300.0,62.55285714285714,0.46165,PR,books_technical,2018-07-16 18:40:53,2018-08-03 17:53:36,17,7.0,2.2955136682872197e-05,False,3.10500209292591,133.07151826825327,0.0003046974736600678,Monitor (low volume)
3a3e46d10f74d8a6ca76e2b538f106a0,2,4.5,0.0,0.5,2.411111111111111,16.632291666666667,19.4875,299.9,183.285,0.28850221708116447,SP,food_drink,2018-02-05 16:41:52,2018-05-25 22:04:28,109,0.5585321100917432,2.294748497064457e-05,False,-0.25571368773545416,0.0,0.0,Monitor (low volume)
2b402d5dc42554061f8ea98d1916f148,1,5.0,0.0,0.0,1.8368055555555556,4.154861111111111,6.000694444444444,299.89,363.78999999999996,0.21307812864717063,BA,toys,2018-04-28 16:17:34,2018-04-28 16:17:34,0,1.0,2.294671979942181e-05,False,-0.12785684386772708,0.0,0.0,Monitor (low volume)
69a43819c758c65a5befb0b471c954d7,2,4.0,0.0,0.0,2.0524305555555555,10.925694444444444,12.988541666666666,299.85,200.38,0.2910455227613807,PR,fashion_bags_accessories,2017-06-15 11:48:29,2017-09-16 20:40:17,93,0.6546236559139785,2.2943659114530763e-05,False,-0.25571368773545416,0.0,0.0,Monitor (low volume)
ea3ebea5317b0efbc663ecc8ce5e9bc2,3,4.0,0.0,0.0,1.1168981481481481,8.261111111111111,9.39050925925926,299.70000000000005,119.11666666666667,0.2246543987786234,SC,auto,2018-05-03 08:15:45,2018-05-20 20:16:42,17,3.0,2.2932181546189326e-05,False,-0.3835705316031812,0.0,0.0,Monitor (low volume)
6d1b9c9579132c87d2703ec38c30f2c5,4,4.5,0.0,0.0,1.3255208333333335,7.6671875,9.305034722222222,299.69,91.8475,0.2359615019530899,PR,toys,2017-02-21 21:19:19,2017-07-01 12:32:51,129,0.943875968992248,2.2931416374966564e-05,False,-0.5114273754709083,0.0,0.0,Monitor (low volume)
71593c7413973a1e160057b80d4958f6,2,3.0,0.5,0.0,7.6239583333333325,1.1743055555555555,9.129861111111111,299.5,172.67499999999998,0.15308848080133555,SP,air_conditioning,2018-08-03 13:19:41,2018-08-16 10:46:39,12,2.0,2.2916878121734078e-05,False,0.7442863122645458,111.45687526161574,0.0002552058378547979,Monitor (low volume)
b76f4d90e85657a240495c876313adc5,1,5.0,0.0,0.0,0.1527777777777778,0.9979166666666667,2.6618055555555555,299.0,318.3,0.0645484949832776,SP,toys,2018-08-25 22:28:18,2018-08-25 22:28:18,0,1.0,2.2878619560595956e-05,False,-0.12785684386772708,0.0,0.0,Monitor (low volume)
f00f5b35d0abcacbdd863672f4bb2c1a,1,4.0,0.0,0.0,5.936805555555556,6.211805555555555,12.155555555555555,299.0,313.43,0.04826086956521739,SP,furniture_decor,2017-05-27 14:15:33,2017-05-27 14:15:33,0,1.0,2.2878619560595956e-05,False,-0.12785684386772708,0.0,0.0,Monitor (low volume)
a8739afb32aaa45e01815ca76f76f54b,13,3.769230769230769,0.23076923076923078,0.07692307692307693,1.9183226495726495,7.4698717948717945,9.5696047008547,298.83,43.350769230769224,0.898304375463958,SP,electronics,2018-06-07 22:47:32,2018-08-06 19:31:50,59,6.707118644067797,2.2865611649808993e-05,False,1.3378610297195481,30.75330857777635,7.041668684840164e-05,Monitor (low volume)
b76a1f8356322f12529c37b67d5c96c2,5,4.8,0.0,0.0,1.4619444444444443,5.46375,7.468333333333334,298.5,70.97800000000001,0.25706282487686916,SP,unknown,2017-12-19 19:01:13,2018-02-19 15:11:22,61,2.495081967213115,2.2840360999457837e-05,False,-0.6392842193386354,0.0,0.0,Monitor (low volume)
791cfcfe22fe4a771ece27f90017da92,1,1.0,1.0,1.0,5.772916666666666,20.916666666666668,28.205555555555556,298.13,315.98,0.05987320967363231,SP,computers_accessories,2017-06-12 14:07:14,2017-06-12 14:07:14,0,1.0,2.2812049664215626e-05,False,0.8721431561322729,260.0120391377145,0.0005953566358712307,Monitor (low volume)
c5ebe6598748b0aeaa61cfb820478b92,3,4.666666666666667,0.0,0.0,1.673148148148148,2.975,4.903472222222223,297.0,112.38999999999999,0.15002875270176483,RS,auto,2018-07-04 22:19:41,2018-08-28 14:01:04,54,1.6911111111111112,2.2725585316043473e-05,False,-0.3835705316031812,0.0,0.0,Monitor (low volume)
f44bdc12aa39f5271f0b95f66cd4c289,3,4.333333333333333,0.0,0.3333333333333333,2.6064814814814814,11.119444444444445,14.512731481481481,296.9,111.89666666666665,0.42918873896385135,SP,auto,2017-11-20 15:39:42,2018-08-06 20:09:22,259,0.3525868725868726,2.2717933603815848e-05,False,-0.3835705316031812,0.0,0.0,Monitor (low volume)
0ec28cec4046a4a199b6de9b4c891d97,3,5.0,0.0,0.0,2.949768518518519,6.639814814814815,10.472222222222223,296.6,117.54666666666667,0.22965013303211823,GO,health_beauty,2018-04-22 15:59:19,2018-05-17 14:47:11,24,3.0,2.269497846713298e-05,False,-0.3835705316031812,0.0,0.0,Monitor (low volume)
eebb3372362aa9a46975164bed19a7e7,4,3.25,0.25,0.5,7.906944444444444,44.667881944444446,52.58211805555556,295.96,88.65249999999999,0.19816867144208677,SP,telephony,2017-03-28 11:33:47,2017-05-09 20:50:26,42,2.8990476190476193,2.2646007508876184e-05,False,0.48857262452909167,36.14948848890749,8.277246671575377e-05,Monitor (low volume)
a806a4bb063ea7ca6d374eafa50a6058,5,4.0,0.0,0.0,2.6481944444444445,9.352777777777778,12.707361111111112,294.4,81.054,0.4535932851873209,ES,perfumery,2018-01-02 23:26:09,2018-02-12 17:56:55,40,3.805,2.2526640798125246e-05,False,-0.6392842193386354,0.0,0.0,Monitor (low volume)
21d59342ba150175ca2aa4f8faddeca6,2,4.5,0.0,0.0,0.75,7.777777777777778,8.621527777777777,294.4,194.85500000000002,0.32273728236281507,SP,health_beauty,2018-08-09 11:07:40,2018-08-22 14:53:45,13,2.0,2.2526640798125246e-05,False,-0.25571368773545416,0.0,0.0,Monitor (low volume)
9b1ab052f5fca308ba743ac789ebb2e1,2,4.0,0.0,0.0,3.0993055555555555,7.10625,10.213888888888889,294.09000000000003,163.04000000000002,0.10928042372830676,PR,garden_tools,2017-04-05 22:29:43,2017-05-07 14:04:26,31,1.9638709677419355,2.2502920490219616e-05,False,-0.25571368773545416,0.0,0.0,Monitor (low volume)
2bf28e311bba65237358230cabac3f15,7,3.7142857142857144,0.2857142857142857,0.2857142857142857,3.4466435185185182,7.40218253968254,11.378075396825396,294.0,68.26857142857143,0.6656955582232893,PR,costruction_tools_garden,2018-04-03 20:28:35,2018-08-12 14:52:42,130,1.639076923076923,2.2496033949214753e-05,False,1.1050020929259103,46.410087902888236,0.00010626644018478394,Monitor (low volume)
c286ec035ee04ba81c97508f0b5df544,1,4.0,0.0,0.0,2.5125,10.730555555555556,14.241666666666667,294.0,344.67,0.17234693877551022,PR,computers_accessories,2017-05-12 22:47:15,2017-05-12 22:47:15,0,1.0,2.2496033949214753e-05,False,-0.12785684386772708,0.0,0.0,Monitor (low volume)
9d39404483343dd55c7ae254494d8388,10,3.5,0.3,0.1,3.162361111111111,10.320694444444445,14.386666666666667,293.2,43.428,0.4780266117884338,SP,telephony,2017-11-25 10:53:06,2018-04-24 00:54:46,149,2.0429530201342283,2.243482025139376e-05,False,1.7214315613227291,50.47237337798242,0.0001155679656926843,Monitor (low volume)
1e8c6a4c538f286aee9573239740a4b4,4,4.25,0.0,0.0,1.5046875000000002,5.373784722222222,7.021527777777777,291.5,85.3975,0.1869848484848485,SP,baby,2018-04-10 14:29:06,2018-07-29 21:02:20,110,1.106909090909091,2.230474114352415e-05,False,-0.5114273754709083,0.0,0.0,Monitor (low volume)
a53f60f05f822b5c621a50ff6a5cb362,3,3.6666666666666665,0.3333333333333333,0.0,6.141898148148148,5.794212962962963,12.776388888888889,290.5,131.98666666666668,0.6245736534837552,MG,furniture_decor,2018-06-25 16:19:23,2018-08-14 18:03:56,50,1.8264,2.222822402124791e-05,False,0.6164294683968187,59.69092018975861,0.0001366759229845144,Monitor (low volume)
48b6c3f4c6a93171da04b75313f2130f,2,5.0,0.0,0.0,2.395486111111111,21.721875,24.12569444444444,290.26,164.02999999999997,0.1308159153740229,SP,signaling_and_security,2018-03-09 18:08:44,2018-04-25 12:58:56,46,1.3234782608695652,2.2209859911901614e-05,False,-0.25571368773545416,0.0,0.0,Monitor (low volume)
ede2977fbaf3738583170735ca403f6c,1,5.0,0.0,0.0,3.120138888888889,11.850694444444445,14.979861111111111,289.9,327.25,0.12883753018282168,PR,health_beauty,2018-02-25 17:37:45,2018-02-25 17:37:45,0,1.0,2.2182313747882166e-05,False,-0.12785684386772708,0.0,0.0,Monitor (low volume)
aadfe0417e61315688b6bd7043361e25,1,4.0,0.0,0.0,0.47708333333333336,6.0,6.4840277777777775,289.9,304.17999999999995,0.04925836495343222,GO,perfumery,2017-08-03 08:40:25,2017-08-03 08:40:25,0,1.0,2.2182313747882166e-05,False,-0.12785684386772708,0.0,0.0,Monitor (low volume)
f410c8873029fcc3809b9df6d0b28914,2,5.0,0.0,0.0,0.875,6.707638888888889,7.697916666666666,289.8,163.55,0.12692618221261268,SP,auto,2018-08-08 18:22:24,2018-08-20 09:32:27,11,2.0,2.2174662035654543e-05,False,-0.25571368773545416,0.0,0.0,Monitor (low volume)
4dc646b9b9e8e411ef48ba000ea3ac6f,4,2.75,0.5,0.25,2.1413194444444446,9.2515625,11.460590277777778,289.70000000000005,88.315,0.22103591189593416,SP,perfumery,2018-02-03 18:28:57,2018-08-16 16:49:11,193,0.6308808290155441,2.216701032342692e-05,False,1.4885726245290916,107.80987233151947,0.0002468551960819198,Monitor (low volume)
04ee0ec01589969663ba5967c0e0bdc0,1,5.0,0.0,0.0,0.15763888888888888,2.895138888888889,3.067361111111111,289.49,314.32,0.08577152924107913,RS,arts_and_craftmanship,2018-08-21 11:29:05,2018-08-21 11:29:05,0,1.0,2.215094172774891e-05,False,-0.12785684386772708,0.0,0.0,Monitor (low volume)
bbe87dce25ba8b38bb61cc7210a3f10b,2,5.0,0.0,0.0,1.3309027777777778,4.556597222222222,6.258333333333333,287.0,177.695,0.27305197421434324,SP,construction_tools_construction,2018-05-11 10:13:31,2018-08-24 09:18:20,104,0.5853846153846154,2.1960414093281068e-05,False,-0.25571368773545416,0.0,0.0,Monitor (low volume)
ce20a2ec1514c25e16f2b5b39bc818f0,4,4.75,0.0,0.25,2.7239583333333335,11.503298611111111,14.237326388888889,287.0,124.0075,0.7513414634146341,SP,pet_shop,2018-06-01 14:12:09,2018-08-13 14:18:20,73,1.6679452054794521,2.1960414093281068e-05,False,-0.5114273754709083,0.0,0.0,Monitor (low volume)
e83e93b71371817b11d78a63ff156aee,2,4.5,0.0,0.0,8.084375,7.715277777777777,15.809027777777779,286.0,186.69,0.26232323232323235,SP,furniture_decor,2017-02-07 20:31:37,2017-04-09 15:32:33,60,1.0146666666666668,2.1883896971004826e-05,False,-0.25571368773545416,0.0,0.0,Monitor (low volume)
a9ae440659f48b7849df83e82734150b,1,5.0,0.0,0.0,3.390972222222222,9.940277777777778,13.342361111111112,285.0,312.02,0.09480701754385965,SP,auto,2017-10-13 13:10:42,2017-10-13 13:10:42,0,1.0,2.180737984872859e-05,False,-0.12785684386772708,0.0,0.0,Monitor (low volume)
10264f60a8f0a4d2f30810f5c661c673,4,5.0,0.0,0.0,1.031423611111111,2.935590277777778,4.128645833333334,284.6,81.61500000000001,0.14613886963363504,SP,health_beauty,2018-06-19 21:10:11,2018-08-09 12:44:54,50,2.4352,2.1776772999818092e-05,False,-0.5114273754709083,0.0,0.0,Monitor (low volume)
6219ba2359cfb97f2e38fd4c321eb309,4,4.0,0.25,0.5,12.14189814814815,5.7053819444444445,15.31388888888889,284.6,87.3725,0.2628286193460359,SP,housewares,2017-09-19 12:20:28,2018-06-29 11:02:18,282,0.43177304964539004,2.1776772999818092e-05,False,0.48857262452909167,34.761942235244874,7.959536433066472e-05,Monitor (low volume)
ea1776927851da2532aa70d6a32c095a,2,3.5,0.5,0.0,2.7065972222222223,5.939236111111111,8.65486111111111,283.9,161.04,0.3025900737620971,SP,portateis_cozinha_e_preparadores_de_alimentos,2018-07-17 20:51:27,2018-07-20 17:53:08,2,2.0,2.172321101422472e-05,False,0.7442863122645458,105.65144202595226,0.00024191297952246119,Monitor (low volume)
86bf77bdb52e615674772d5817c6212f,4,4.75,0.0,0.0,0.9543402777777779,5.9,7.522048611111112,281.8,94.845,0.42721927679808114,RS,health_beauty,2018-04-24 18:39:22,2018-07-31 21:12:24,98,1.2424489795918368,2.1562525057444616e-05,False,-0.5114273754709083,0.0,0.0,Monitor (low volume)
83c465a786b06574376909b35ef6752a,3,5.0,0.0,0.0,2.4405092592592594,2.7055555555555557,5.2696759259259265,281.4,110.15333333333332,0.17434257285003554,SP,bed_bath_table,2018-06-25 20:24:55,2018-08-16 18:56:19,51,1.7905882352941178,2.153191820853412e-05,False,-0.3835705316031812,0.0,0.0,Monitor (low volume)
579891617139df7d8671d373f0669622,8,4.5,0.125,0.25,10.13779761904762,8.66779513888889,18.420746527777776,280.3,51.0625,0.46215181412438266,RJ,books_general_interest,2017-06-07 20:09:55,2018-07-02 08:00:35,389,0.6260154241645245,2.1447749374030256e-05,False,-0.02285475094181666,0.0,0.0,Monitor (low volume)
4e0d109ccfba9a1151c103049880c857,2,3.0,0.5,0.0,5.063194444444445,14.153472222222222,19.228125,279.89,173.865,0.22058466718058653,RJ,watches_gifts,2017-11-24 02:25:07,2018-05-31 17:29:44,188,0.32382978723404254,2.1416377353896997e-05,False,0.7442863122645458,104.15914796986185,0.00023849603324600796,Monitor (low volume)
28fb0829fd777877cdc350d25cb5bd5b,2,5.0,0.0,0.0,0.8215277777777779,13.25138888888889,14.081597222222221,279.8,160.94,0.15278997815446754,SP,health_beauty,2017-10-29 17:10:13,2017-11-22 21:15:27,24,2.0,2.1409490812892137e-05,False,-0.25571368773545416,0.0,0.0,Monitor (low volume)
d2572f31e9023e9850ef986a636ff9bf,1,5.0,0.0,0.0,2.111111111111111,7.99375,10.130555555555556,279.0,305.69,0.09566308243727599,MG,auto,2017-03-25 12:28:48,2017-03-25 12:28:48,0,1.0,2.1348277115071144e-05,False,-0.12785684386772708,0.0,0.0,Monitor (low volume)
19a7c9f66ffa6452ff4b4c0cca71da27,1,5.0,0.0,0.0,4.01875,21.15763888888889,25.18611111111111,279.0,338.74,0.21412186379928316,PR,furniture_decor,2017-09-30 16:14:28,2017-09-30 16:14:28,0,1.0,2.1348277115071144e-05,False,-0.12785684386772708,0.0,0.0,Monitor (low volume)
debe6615cd90cc0c2eac2b8988e1f628,5,4.6,0.0,0.0,0.7448611111111111,10.276388888888889,11.604166666666668,278.5,74.80600000000001,0.40857228922914446,SP,electronics,2017-01-28 23:09:31,2017-03-20 19:58:27,50,3.044,2.1310018553933022e-05,False,-0.6392842193386354,0.0,0.0,Monitor (low volume)
fb8904a8ea99f8831b64ce27db2c1765,2,4.5,0.0,0.5,1.3538194444444445,8.802430555555556,11.159375,278.0,151.18,0.08762589928057554,SP,sports_leisure,2017-11-12 14:52:36,2017-11-24 21:39:39,12,2.0,2.1271759992794903e-05,False,-0.25571368773545416,0.0,0.0,Monitor (low volume)
94c49f20a123aeb9360dbf80ff912bf6,3,3.6666666666666665,0.3333333333333333,0.0,2.528703703703704,10.67847222222222,14.152314814814815,277.75,113.09666666666668,0.2754179992107999,SP,toys,2017-05-22 11:12:38,2017-06-05 16:01:12,14,3.0,2.1252630712225844e-05,False,0.6164294683968187,57.071094949072126,0.00013067723789655377,Monitor (low volume)
2f4b9d112bfa44a214bc6cef085d17c8,4,4.25,0.0,0.0,1.457638888888889,10.308680555555554,12.151909722222221,275.09000000000003,93.02000000000001,0.4452014647070641,ES,small_appliances,2017-01-27 09:29:40,2017-04-16 20:08:33,79,1.5412658227848102,2.1049095166971046e-05,False,-0.5114273754709083,0.0,0.0,Monitor (low volume)
d5c530f4884a75ae0dba9c148718d278,5,4.0,0.2,0.2,2.4443055555555557,7.805416666666668,10.283194444444444,272.83000000000004,83.288,0.7290262517893538,MG,unknown,2017-09-15 13:52:28,2017-11-28 14:56:51,74,2.056756756756757,2.087616647062674e-05,False,0.36071578066136467,19.682817287568028,4.5068281929007324e-05,Monitor (low volume)
2ee0a0689f2f6a72f35a7cb6033f6e7e,4,4.0,0.0,0.0,0.8368055555555556,7.681597222222222,9.68142361111111,272.0,81.21000000000001,0.19421275270547322,SP,fashion_bags_accessories,2017-11-14 20:08:30,2017-11-26 14:31:13,11,4.0,2.081265725913746e-05,False,-0.5114273754709083,0.0,0.0,Monitor (low volume)
e603cf3fec55f8697c9059638d6c8eb5,7,4.571428571428571,0.0,0.0,1.3541666666666665,4.574206349206349,6.320138888888889,270.0,63.284285714285716,0.614021164021164,RS,unknown,2017-02-07 11:32:53,2017-04-03 17:54:02,55,3.8741818181818184,2.0659623014584976e-05,False,-0.8949979070740895,0.0,0.0,Monitor (low volume)
f682e0f848abafc6f41e0d4e868c66ef,2,3.5,0.0,0.5,3.5829861111111114,15.164236111111112,19.7,269.98,152.0,0.13214627539582008,SP,auto,2017-10-11 12:45:13,2018-05-18 14:37:45,219,0.2779908675799087,2.0658092672139454e-05,False,-0.25571368773545416,0.0,0.0,Monitor (low volume)
87d73636a3acf123e842bb890a4db036,1,5.0,0.0,0.0,1.2194444444444446,11.286805555555556,13.001388888888888,269.9,313.60999999999996,0.16194886995183402,SP,furniture_bedroom,2018-07-25 15:17:58,2018-07-25 15:17:58,0,1.0,2.065197130235735e-05,False,-0.12785684386772708,0.0,0.0,Monitor (low volume)
bab0a8cd684e41ba6e2637dca0979d3b,1,5.0,0.0,0.0,0.2534722222222222,13.052777777777777,13.315277777777778,269.9,289.03999999999996,0.0709151537606521,RJ,toys,2017-08-22 13:33:36,2017-08-22 13:33:36,0,1.0,2.065197130235735e-05,False,-0.12785684386772708,0.0,0.0,Monitor (low volume)
09883d9ab71c8fe8a9bfc7fc3075b07e,4,4.0,0.25,0.25,1.7453125,12.023784722222222,14.438194444444445,269.6,82.52250000000001,0.2257212065408844,SP,health_beauty,2017-04-25 17:46:45,2017-11-19 13:23:06,207,0.5882125603864734,2.0629016165674483e-05,False,0.48857262452909167,32.929794893260784,7.540024674471964e-05,Monitor (low volume)
6bb66d9870c2e01c05655c7ed0e7ee13,3,3.6666666666666665,0.3333333333333333,0.0,0.6003472222222223,7.2942129629629635,8.319907407407408,269.0,107.00666666666666,0.19348115165640475,SP,unknown,2018-07-25 17:09:53,2018-07-29 06:13:03,3,3.0,2.0583105892308735e-05,False,0.6164294683968187,55.27317566624808,0.00012656049322834552,Monitor (low volume)
58c851d1a3c7cd3da329eb59453fed44,2,5.0,0.0,0.0,0.4951388888888889,2.3670138888888888,4.611458333333333,268.99,146.63,0.09092987230340352,SP,pet_shop,2018-08-10 16:25:13,2018-08-21 20:57:32,11,2.0,2.0582340721085976e-05,False,-0.25571368773545416,0.0,0.0,Monitor (low volume)
d73cbd89533ce8b041a9190241453ac8,3,4.333333333333333,0.0,0.0,1.4111111111111112,10.794675925925924,12.219444444444443,268.7,106.43,0.30740736465316637,MG,fashion_bags_accessories,2017-03-23 12:31:36,2017-07-12 08:58:21,110,0.8301818181818182,2.0560150755625864e-05,False,-0.3835705316031812,0.0,0.0,Monitor (low volume)
830379336fad8c6f3b15a4a3ddb5c66e,2,4.5,0.0,0.0,2.0006944444444446,4.084375,6.126388888888889,268.0,219.19,0.6357462686567164,SP,kitchen_dining_laundry_garden_furniture,2018-04-21 17:34:58,2018-07-24 10:54:55,93,0.6546236559139785,2.0506588770032497e-05,False,-0.25571368773545416,0.0,0.0,Monitor (low volume)
c79151301b9d90985d1fa52879213105,3,4.666666666666667,0.0,0.0,0.4847222222222222,6.967361111111111,9.062731481481482,267.1,127.81333333333333,0.3873328255764401,PR,computers_accessories,2017-11-18 11:32:47,2017-12-04 23:06:51,16,3.0,2.0437723359983882e-05,False,-0.3835705316031812,0.0,0.0,Monitor (low volume)
65a7c0788e4d632ccb5e1b594b87f0bb,3,4.333333333333333,0.0,0.0,5.681481481481481,5.251157407407407,11.027546296296295,266.7,128.04,0.47816645969407734,SP,drinks,2017-08-15 21:20:12,2017-12-22 14:45:15,128,0.7134375,2.0407116511073382e-05,False,-0.3835705316031812,0.0,0.0,Monitor (low volume)
5236605f4d4b0b3e4df85b850393fca0,5,4.8,0.0,0.2,3.30875,6.906527777777778,10.492500000000001,265.3,69.49600000000001,0.37705431300847575,SP,sports_leisure,2017-08-09 13:04:46,2018-08-04 18:22:26,360,0.4227777777777778,2.0299992539886648e-05,False,-0.6392842193386354,0.0,0.0,Monitor (low volume)
483ca627d131e18f988349b1655c0acd,1,5.0,0.0,0.0,4.260416666666667,9.156944444444445,15.343055555555555,264.0,283.73,0.07473484848484849,SP,health_beauty,2018-03-27 16:37:34,2018-03-27 16:37:34,0,1.0,2.0200520280927532e-05,False,-0.12785684386772708,0.0,0.0,Monitor (low volume)
615005a3ef192c00c6f0e977cee3d2bc,9,4.111111111111111,0.2222222222222222,0.2222222222222222,1.5689814814814815,12.737885802469135,15.024768518518519,263.09999999999997,44.86888888888889,0.5544627205251575,SP,sports_leisure,2017-08-18 02:11:52,2017-12-23 03:16:21,127,2.1571653543307088,2.0131654870878913e-05,False,0.8492884051904561,24.827531045067666,5.684827290689872e-05,Monitor (low volume)
f8d5c7085db9a4ad2b8c1ffbeb2798c8,6,5.0,0.0,0.0,3.245486111111111,8.923958333333333,12.526388888888889,263.0,60.568333333333335,0.46167012631054377,SP,fashion_bags_accessories,2017-03-30 11:59:33,2018-02-05 19:51:29,312,0.5853846153846154,2.012400315865129e-05,False,-0.7671410632063624,0.0,0.0,Monitor (low volume)
53088c75f948b48a7ece173ac17f0c12,3,5.0,0.0,0.0,3.0185185185185186,7.935416666666668,10.963888888888889,261.70000000000005,105.41000000000001,0.21173428980177064,RS,health_beauty,2018-05-22 21:45:29,2018-08-07 17:16:46,76,1.201578947368421,2.0024530899692182e-05,False,-0.3835705316031812,0.0,0.0,Monitor (low volume)
aa762680c40618316a896838866140ea,3,3.3333333333333335,0.3333333333333333,0.3333333333333333,1.581712962962963,19.779398148148147,22.564351851851853,261.0,107.82,0.23931034482758626,PR,books_general_interest,2018-04-06 22:32:42,2018-05-11 17:57:27,34,2.6858823529411766,1.9970968914098812e-05,False,0.6164294683968187,53.629363750523225,0.0001227966123888408,Monitor (low volume)
6da1992f915d77be95d7fa48b36904af,7,4.0,0.14285714285714285,0.0,2.812698412698413,6.06577380952381,9.041666666666668,261.0,54.808571428571426,0.45699507389162564,SP,unknown,2017-04-27 16:24:28,2017-08-03 11:13:41,97,2.196701030927835,1.9970968914098812e-05,False,0.10500209292591037,3.915078036237515,8.964460632506232e-06,Monitor (low volume)
dc120d932ddf9d4dfb6fd68beefda622,1,1.0,1.0,0.0,1.1597222222222223,13.472222222222221,14.64236111111111,260.0,296.1,0.13884615384615384,PR,computers_accessories,2018-04-25 09:00:27,2018-04-25 09:00:27,0,1.0,1.989445179182257e-05,False,0.8721431561322729,226.75722059439096,0.0005192121736374064,Monitor (low volume)
984c273121e743dd14767befe6cb17f5,1,1.0,1.0,1.0,2.0819444444444444,31.75486111111111,33.85,259.6,280.91,0.08208782742681046,SP,cool_stuff,2017-11-25 20:15:32,2017-11-25 20:15:32,0,1.0,1.9863844942912078e-05,False,0.8721431561322729,226.40836333193806,0.0005184133856779644,Monitor (low volume)
c9e5ad1f6647f5dbd1172adf6ae3cada,4,4.75,0.0,0.0,2.6847222222222222,6.144444444444444,9.245138888888889,259.03,79.99499999999999,0.24954011383677274,RS,agro_industry_and_commerce,2017-10-23 22:10:42,2018-06-09 01:16:23,228,0.5340350877192983,1.9820230183214615e-05,False,-0.5114273754709083,0.0,0.0,Monitor (low volume)
5e25c632f9db6cfb8bc100421c2737b6,1,5.0,0.0,0.0,0.7020833333333333,5.3277777777777775,6.05,259.0,278.91,0.07687258687258687,SC,sports_leisure,2018-06-12 21:32:28,2018-06-12 21:32:28,0,1.0,1.981793466954633e-05,False,-0.12785684386772708,0.0,0.0,Monitor (low volume)
1e26c56af8d48424e1df0140a2401f83,2,5.0,0.0,0.0,0.8840277777777777,4.351041666666666,5.251041666666667,258.9,146.195,0.19220405030159143,SP,construction_tools_construction,2018-06-13 20:49:57,2018-08-08 11:14:31,55,1.106909090909091,1.9810282957318704e-05,False,-0.25571368773545416,0.0,0.0,Monitor (low volume)
1de62b6f2fd96227629786db492433db,2,5.0,0.0,0.0,0.3711805555555555,7.85138888888889,8.23576388888889,258.7,167.17000000000002,0.32028021744888746,SP,sports_leisure,2018-06-14 21:05:33,2018-08-23 10:43:59,69,0.8823188405797101,1.9794979532863455e-05,False,-0.25571368773545416,0.0,0.0,Monitor (low volume)
0af977692321d895349eded183341d28,2,4.5,0.0,0.0,1.3423611111111111,1.1760416666666667,2.540277777777778,257.75,138.61,0.0814398485146567,SP,pet_shop,2018-04-01 02:54:21,2018-08-20 16:20:58,141,0.43177304964539004,1.972228826670103e-05,False,-0.25571368773545416,0.0,0.0,Monitor (low volume)
7d294cf9a6a69dc6a0c3e540fff0e039,5,4.4,0.0,0.0,1.8469444444444445,6.825138888888889,8.816944444444445,257.25,90.276,0.7546355685131195,SC,baby,2018-05-06 20:37:58,2018-08-01 19:42:37,86,1.7697674418604652,1.968402970556291e-05,False,-0.6392842193386354,0.0,0.0,Monitor (low volume)
31eec405c9bb71dec8e2629a92e764fa,5,4.6,0.0,0.0,0.8395833333333333,6.993472222222222,8.5725,256.89,85.426,0.6596312727632163,ES,home_construction,2018-06-27 12:28:47,2018-08-10 13:10:40,44,3.459090909090909,1.965648354154346e-05,False,-0.6392842193386354,0.0,0.0,Monitor (low volume)
15ead3a5037a918ddb520dfe39a3d2b9,6,4.833333333333333,0.0,0.16666666666666666,3.203587962962963,13.711921296296296,17.65162037037037,254.5,65.78666666666666,0.7324930452213597,MG,books_general_interest,2018-01-22 13:48:41,2018-04-24 09:38:50,91,2.007032967032967,1.9473607619303245e-05,False,-0.7671410632063624,0.0,0.0,Monitor (low volume)
ebef8d8c92b4fd3226e5d407bbff21ac,3,2.6666666666666665,0.3333333333333333,0.3333333333333333,1.1678240740740742,38.93472222222222,40.117361111111116,253.70000000000002,100.68666666666667,0.27913798803812545,SP,sports_leisure,2017-01-29 13:42:10,2017-03-13 22:19:52,43,2.123720930232558,1.9412393921482256e-05,False,0.6164294683968187,52.129385377424306,0.0001193620711227928,Monitor (low volume)
88ef59b51bdaa941d10a853429f2b6ce,2,2.0,0.5,0.0,1.010763888888889,4.410416666666666,6.198958333333334,252.9,147.35,0.4335931190732857,PR,agro_industry_and_commerce,2018-07-04 14:05:12,2018-08-18 20:16:45,45,1.352888888888889,1.9351180223661263e-05,False,0.7442863122645458,94.11500418585182,0.00021549768411845876,Monitor (low volume)
446cc09cdbb130904da114e807dbec40,3,4.666666666666667,0.0,0.0,0.8152777777777778,2.9182870370370373,4.268055555555556,252.8,102.32333333333334,0.4497627732295804,SP,party_supplies,2018-03-06 12:22:00,2018-06-04 00:18:20,89,1.026067415730337,1.934352851143364e-05,False,-0.3835705316031812,0.0,0.0,Monitor (low volume)
7f35f9daf223da737b78738fbae4d977,5,4.0,0.2,0.0,0.9286111111111112,6.740555555555555,7.866249999999999,252.0,70.602,0.4280333333333333,SP,diapers_and_hygiene,2018-06-18 05:22:00,2018-07-04 18:15:26,16,5.0,1.9282314813612644e-05,False,0.36071578066136467,18.180075345332778,4.162741284356501e-05,Monitor (low volume)
e88c9b79e592e370d6bd852eeefbf057,8,4.75,0.0,0.0,1.5922743055555555,6.319791666666666,8.434982638888888,251.87,49.2475,0.8813135164954364,PR,toys,2017-05-21 19:53:52,2017-07-13 11:44:22,52,4.683076923076923,1.9272367587716733e-05,False,-1.0228547509418167,0.0,0.0,Monitor (low volume)
d2f3e277560ed4c6361284429b00f037,6,4.666666666666667,0.0,0.0,1.4578703703703704,6.599537037037037,8.441435185185185,251.85,65.71666666666667,1.3410447256035722,SP,pet_shop,2017-07-08 11:34:46,2017-10-08 13:26:33,92,1.9852173913043478,1.927083724527121e-05,False,-0.7671410632063624,0.0,0.0,Monitor (low volume)
ae45ad30c2d2e5913094769690a239d2,1,5.0,0.0,0.0,7.5,11.692361111111111,19.2,251.8,283.06,0.12414614773629865,SP,sports_leisure,2017-12-08 13:21:55,2017-12-08 13:21:55,0,1.0,1.92670113891574e-05,False,-0.12785684386772708,0.0,0.0,Monitor (low volume)
e88f7a2995ba184710d339c5c4bf2e30,2,5.0,0.0,0.0,0.68125,10.03298611111111,10.833333333333334,251.6,143.755,0.14272655007949125,SP,pet_shop,2018-03-08 12:54:55,2018-04-26 10:43:55,48,1.2683333333333333,1.9251707964702147e-05,False,-0.25571368773545416,0.0,0.0,Monitor (low volume)
85ecf03781da592876b7844acc1b729f,2,4.5,0.0,0.5,0.7854166666666667,13.263541666666667,15.553472222222222,251.0,147.45,0.1952806261963358,SP,health_beauty,2018-07-18 15:14:15,2018-08-04 22:12:46,17,2.0,1.9205797691336406e-05,False,-0.25571368773545416,0.0,0.0,Monitor (low volume)
46ef1a25845fc051c2998d878354810c,5,4.4,0.0,0.2,2.038194444444444,14.796944444444444,16.845,250.41000000000003,69.69000000000001,0.5625808187535745,MG,housewares,2017-09-13 22:26:26,2018-08-17 21:23:04,337,0.4516320474777448,1.9160652589193424e-05,False,-0.6392842193386354,0.0,0.0,Monitor (low volume)
8ccf3cf69651cc1d8a02c8bfaf3b8568,2,3.5,0.0,0.5,2.622916666666667,23.07673611111111,25.70659722222222,250.0,144.315,0.15452,SP,computers_accessories,2017-04-22 20:02:16,2017-05-11 18:33:36,18,2.0,1.9129280569060165e-05,False,-0.25571368773545416,0.0,0.0,Monitor (low volume)
0747d5bb69f0586cc869d8af4c50f93e,10,3.6,0.3,0.1,3.1458333333333335,8.446597222222222,11.80888888888889,250.0,40.087,0.8389786354000768,RJ,perfumery,2017-01-17 15:01:33,2017-06-03 00:20:47,136,2.238235294117647,1.9129280569060165e-05,False,1.7214315613227291,43.03578903306823,9.854021631368034e-05,Monitor (low volume)
13d95f0f6f73943d4ceffad0fc2cd32c,1,3.0,0.0,1.0,2.0854166666666667,19.259027777777778,22.33888888888889,249.99,309.32,0.23732949317972718,GO,auto,2018-03-13 12:23:51,2018-03-13 12:23:51,0,1.0,1.9128515397837402e-05,False,-0.12785684386772708,0.0,0.0,Monitor (low volume)
1703bc09972dab9782e7a9194943b69f,1,5.0,0.0,0.0,2.51875,9.590277777777779,12.125,249.9,356.11,0.4250100040016006,MG,auto,2018-07-14 17:52:26,2018-07-14 17:52:26,0,1.0,1.912162885683254e-05,False,-0.12785684386772708,0.0,0.0,Monitor (low volume)
5d505d2298ad549e4e4e835562fa0c1e,2,5.0,0.0,0.0,1.3510416666666667,4.545833333333333,5.9,249.8,139.07,0.11345076060848677,SP,sports_leisure,2017-03-15 14:17:51,2017-04-01 18:01:02,17,2.0,1.9113977144604917e-05,False,-0.25571368773545416,0.0,0.0,Monitor (low volume)
42b6488f5b8246d9141712abd4b1b693,2,4.0,0.0,0.0,1.4715277777777778,6.41388888888889,7.897569444444445,247.99,144.9,0.19106290076973198,PR,perfumery,2018-04-12 20:51:03,2018-08-14 19:10:40,123,0.4949593495934959,1.897548115328492e-05,False,-0.25571368773545416,0.0,0.0,Monitor (low volume)
32f1bb9dfa65bc7df5c0d9d95a616be4,4,4.0,0.25,0.25,2.4815972222222222,3.3645833333333335,6.5890625,246.49,73.7,0.21432440147667106,SP,housewares,2018-03-18 23:47:19,2018-08-08 12:09:55,142,0.8574647887323944,1.886070546987056e-05,False,0.48857262452909167,30.107066555043954,6.893696891730691e-05,Monitor (low volume)
baa49d93c8c8841e27400a300f5d74b2,6,4.5,0.0,0.16666666666666666,4.06875,8.656944444444443,12.28287037037037,246.39999999999998,55.73666666666667,0.35887853963266375,SC,sports_leisure,2017-05-03 13:31:27,2017-06-05 12:57:58,32,5.7075,1.8853818928865696e-05,False,-0.7671410632063624,0.0,0.0,Monitor (low volume)
5721089ba9214e80074f27d5a03fc0eb,5,5.0,0.0,0.0,3.5701388888888888,3.4816666666666665,7.435555555555555,245.92999999999998,62.513999999999996,0.29605738910303875,SP,cool_stuff,2017-11-02 11:01:12,2018-01-30 15:24:11,89,1.7101123595505618,1.8817855881395863e-05,False,-0.6392842193386354,0.0,0.0,Monitor (low volume)
5194c22ed1f616ec0c0f33c571542879,4,4.25,0.0,0.0,1.5171875,8.481944444444444,12.323958333333334,245.6,81.61250000000001,0.5458945052462995,MG,home_appliances_2,2018-06-21 13:37:25,2018-08-05 15:48:29,45,2.705777777777778,1.8792605231044703e-05,False,-0.5114273754709083,0.0,0.0,Monitor (low volume)
14f2b3587172b9db894c9bad8dab520b,2,2.5,0.5,0.0,9.612152777777778,4.409027777777778,14.027777777777777,244.0,165.03,0.35270491803278686,RS,housewares,2018-03-21 13:01:05,2018-07-14 14:55:43,115,0.5293913043478261,1.867017783540272e-05,False,0.7442863122645458,90.80293009627458,0.00020791393801859997,Monitor (low volume)
89bc797e2e29667aa035d4368f9b7f92,12,4.083333333333333,0.16666666666666666,0.25,8.291319444444445,7.788773148148148,16.519907407407405,243.9,34.705000000000005,0.7847813651324836,SP,telephony,2017-01-25 22:19:19,2017-04-10 16:11:37,74,4.936216216216216,1.8662526123175095e-05,False,0.4657178735872749,9.465715780661363,2.167390680053456e-05,Monitor (low volume)
5733d806668f8712c24b9abaefbfa642,2,5.0,0.0,0.0,1.8451388888888889,12.651736111111113,15.001388888888888,243.8,164.84,0.4885404310405529,SP,construction_tools_safety,2018-01-26 14:21:17,2018-04-26 00:13:51,89,0.6840449438202247,1.8654874410947472e-05,False,-0.25571368773545416,0.0,0.0,Monitor (low volume)
77714512e8d4dda9c234da8e3faf16e4,4,4.25,0.0,0.0,2.127951388888889,8.682465277777778,12.183159722222221,243.39999999999998,87.24499999999999,0.40365507289004904,SP,construction_tools_construction,2018-07-27 09:58:16,2018-08-15 17:34:38,19,4.0,1.8624267562036973e-05,False,-0.5114273754709083,0.0,0.0,Monitor (low volume)
9853a239ab7b7ebbdc3a21248d5b8e1f,4,3.75,0.25,0.25,5.7015625000000005,12.047395833333333,17.95798611111111,242.0,77.55,0.2851386249899644,PR,housewares,2017-04-26 20:47:50,2017-11-28 15:32:25,215,0.5663255813953488,1.8517143590850238e-05,False,0.48857262452909167,29.558643784010044,6.768123038658067e-05,Monitor (low volume)
c70a353f02429c00775a46a75fb787da,6,4.666666666666667,0.0,0.0,1.354976851851852,5.164351851851852,6.758449074074075,242.0,56.156666666666666,0.39560846724065896,SP,health_beauty,2018-07-17 18:27:15,2018-08-10 15:11:34,23,6.0,1.8517143590850238e-05,False,-0.7671410632063624,0.0,0.0,Monitor (low volume)
31be790e64fc99f8ff48ec2bd18a3104,6,4.333333333333333,0.0,0.3333333333333333,3.7069444444444444,2.415277777777778,6.493171296296296,241.39999999999998,52.28,0.3224387661651918,SP,housewares,2018-07-29 23:08:40,2018-08-17 20:53:26,18,6.0,1.8471233317484493e-05,False,-0.7671410632063624,0.0,0.0,Monitor (low volume)
0761743cbffb25d7148189e9f1a5f03a,3,4.666666666666667,0.0,0.0,2.7157407407407406,9.834953703703704,13.136805555555556,241.2,109.13333333333333,0.3910246134222244,SP,health_beauty,2017-11-30 09:38:21,2018-02-02 18:42:02,64,1.426875,1.8455929893029245e-05,False,-0.3835705316031812,0.0,0.0,Monitor (low volume)
08ad4ac1388e4420ca531c3edfc46198,6,2.8333333333333335,0.5,0.0,2.0424999999999995,3.9623842592592595,6.3694444444444445,240.61999999999998,57.98666666666666,0.41451236235015787,SP,pet_shop,2018-06-11 19:55:25,2018-08-18 18:52:16,67,2.7259701492537314,1.8411549962109026e-05,False,2.2328589367936376,89.5450862285475,0.00020503381871326035,Monitor (low volume)
85044848b1b767db2a4a58526adef4b4,4,3.25,0.25,0.0,1.0928819444444444,7.537326388888889,8.787152777777777,240.60000000000002,76.3775,0.4199771531818204,SP,telephony,2018-04-07 19:30:17,2018-07-13 14:02:37,96,1.2683333333333333,1.8410019619663504e-05,False,0.48857262452909167,29.387643365424868,6.728968607855914e-05,Monitor (low volume)
5e9f5bd34e0830569f05c9d4f56e04a8,2,4.5,0.0,0.0,4.807291666666666,5.209027777777778,10.026388888888889,239.98,137.43,0.14534544545378783,RS,luggage_accessories,2018-07-12 16:56:22,2018-07-14 20:48:14,2,2.0,1.8362579003852233e-05,False,-0.25571368773545416,0.0,0.0,Monitor (low volume)
422be4cc81a457fdb46f47edeb968ae5,1,5.0,0.0,0.0,7.644444444444445,10.481944444444444,18.136805555555554,239.9,317.37,0.32292621925802417,SP,furniture_decor,2017-01-26 16:20:32,2017-01-26 16:20:32,0,1.0,1.8356457634070133e-05,False,-0.12785684386772708,0.0,0.0,Monitor (low volume)
70c4eedec9cb4a85cda2f3f9673557b4,1,5.0,0.0,0.0,0.9375,6.05625,7.002777777777778,239.9,253.08,0.054939558149228844,SP,computers_accessories,2017-06-05 16:37:47,2017-06-05 16:37:47,0,1.0,1.8356457634070133e-05,False,-0.12785684386772708,0.0,0.0,Monitor (low volume)
2d9e8987a2ea5cf88dce330249043ff1,2,4.5,0.0,0.0,1.5,7.379513888888889,8.896875000000001,239.8,172.085,0.4352376980817348,SP,furniture_living_room,2018-08-02 13:07:42,2018-08-18 02:42:23,15,2.0,1.834880592184251e-05,False,-0.25571368773545416,0.0,0.0,Monitor (low volume)
70f7e8018e3d46c748c92f026aa2585a,1,5.0,0.0,0.0,0.76875,6.25,7.026388888888889,239.8,277.68,0.1579649708090075,SP,health_beauty,2018-08-16 15:59:15,2018-08-16 15:59:15,0,1.0,1.834880592184251e-05,False,-0.12785684386772708,0.0,0.0,Monitor (low volume)
03bd479e1d9484cdb14104d3023f7321,2,5.0,0.0,0.5,6.527083333333334,12.169097222222224,19.199305555555554,239.8,138.26500000000001,0.15316930775646373,MG,auto,2018-05-09 17:37:03,2018-07-01 11:21:24,52,1.1707692307692308,1.834880592184251e-05,False,-0.25571368773545416,0.0,0.0,Monitor (low volume)
d7b2377bae6ace1b11fc69a11900ac36,3,3.6666666666666665,0.3333333333333333,0.3333333333333333,3.140740740740741,16.39490740740741,19.543055555555554,239.70000000000002,94.07333333333334,0.17837264995786828,SP,fashion_underwear_beach,2017-08-31 18:00:12,2017-11-29 21:46:31,90,1.0146666666666666,1.8341154209614885e-05,False,0.6164294683968187,49.25271452490581,0.00011277527965365955,Monitor (low volume)
ec8463980a4e0ea9f8517aea1ed0c419,2,5.0,0.0,0.5,5.1305555555555555,5.503819444444444,11.226041666666667,239.2,178.98000000000002,0.5351170568561873,SC,construction_tools_lights,2018-07-16 16:35:30,2018-07-16 22:36:53,0,2.0,1.8302895648476763e-05,False,-0.25571368773545416,0.0,0.0,Monitor (low volume)
024b564ae893ce8e9bfa02c10a401ece,1,4.0,0.0,0.0,0.6166666666666667,9.015972222222222,9.64375,239.0,293.2,0.2267782426778243,SP,musical_instruments,2017-02-12 18:46:20,2017-02-12 18:46:20,0,1.0,1.8287592224021518e-05,False,-0.12785684386772708,0.0,0.0,Monitor (low volume)
392353362d22cc2c236e1ee81ff19890,4,4.5,0.0,0.0,1.4322916666666667,6.036284722222223,8.402083333333334,238.76,97.0625,0.8614848838346763,SC,construction_tools_construction,2018-04-13 22:12:39,2018-08-17 23:15:06,126,0.9663492063492063,1.8269228114675218e-05,False,-0.5114273754709083,0.0,0.0,Monitor (low volume)
ffff564a4f9085cd26170f4732393726,6,3.3333333333333335,0.3333333333333333,0.0,3.9278935185185184,5.948958333333334,10.409143518518519,238.5,54.56333333333333,0.5845276896653164,SP,auto,2017-01-16 19:04:32,2017-01-24 12:38:48,7,6.0,1.8249333662883395e-05,False,1.2328589367936373,49.00614273754709,0.00011221069752773385,Monitor (low volume)
d1a5cc844736958c11b8efab9a2b4c87,1,1.0,1.0,1.0,22.388194444444444,7.8909722222222225,30.29375,237.6,254.01,0.06906565656565657,PR,furniture_decor,2017-10-23 13:04:06,2017-10-23 13:04:06,0,1.0,1.818046825283478e-05,False,0.8721431561322729,207.22121389702804,0.0004744800479086453,Monitor (low volume)
e83c76265fc54bf41eac728805e4da77,8,3.625,0.125,0.125,2.292857142857143,30.53342013888889,32.60251736111111,237.29999999999998,42.06125,0.44170895199422483,SP,auto,2017-02-10 17:43:20,2017-05-08 09:08:43,86,2.831627906976744,1.8157513116151906e-05,False,-0.02285475094181666,0.0,0.0,Monitor (low volume)
2e0dba2da448400b1c11d7b4b22f32a4,7,3.142857142857143,0.42857142857142855,0.0,1.884623015873016,5.746825396825396,8.868948412698414,235.87,58.24285714285715,0.6679501000507659,SP,auto,2017-02-10 11:11:16,2017-05-21 19:21:32,100,2.1308000000000002,1.8048093631296883e-05,False,2.1050020929259103,70.92954909406207,0.0001624093171706483,Monitor (low volume)
534a01cc6df1e034e05c32028a291fa2,5,4.4,0.0,0.0,2.4615277777777775,7.906944444444444,10.691805555555556,235.59,59.089999999999996,0.26293304827080616,SP,housewares,2017-08-16 19:24:28,2017-10-23 11:33:12,67,2.271641791044776,1.8026668837059538e-05,False,-0.6392842193386354,0.0,0.0,Monitor (low volume)
a663d9c3797e90eac99ff60939416a56,1,5.0,0.0,0.0,1.9819444444444445,3.359027777777778,5.360416666666667,235.0,249.08,0.05991489361702128,SP,computers_accessories,2018-05-16 13:31:20,2018-05-16 13:31:20,0,1.0,1.7981523734916553e-05,False,-0.12785684386772708,0.0,0.0,Monitor (low volume)
94b9108d4b637ba65bb4f1e53cfcf8d8,7,4.428571428571429,0.14285714285714285,0.14285714285714285,3.9834325396825396,12.769246031746032,17.020138888888887,234.95999999999998,47.72714285714285,1.3534500541005643,SP,electronics,2017-09-02 16:05:34,2018-08-03 10:56:56,334,0.6379640718562875,1.7978463050025504e-05,False,0.10500209292591037,3.5244702505531285,8.070075364803312e-06,Monitor (low volume)
1e47defeeadeca0e9a18fa5a9311e735,3,5.0,0.0,0.0,0.4418981481481481,11.563425925925927,12.017824074074076,234.12,97.20666666666666,0.2750546952972242,SP,sports_leisure,2017-06-13 11:34:47,2017-07-19 16:17:11,36,2.5366666666666666,1.7914188667313463e-05,False,-0.3835705316031812,0.0,0.0,Monitor (low volume)
cb32766839f443db85c82a43c4a6c19e,2,3.0,0.5,0.0,3.9270833333333335,15.536111111111111,19.473958333333336,234.0,132.755,0.13480781877968578,SP,fashio_female_clothing,2017-02-10 15:43:45,2017-02-26 16:03:49,16,2.0,1.7905006612640315e-05,False,0.7442863122645458,87.08149853495186,0.0001993928749850508,Monitor (low volume)
5c853bb56f70f4d14218944bae111d7a,20,4.25,0.15,0.0,3.433402777777778,4.5459375,8.545381944444445,230.74,22.7375,1.0447237302165937,SP,furniture_decor,2017-02-22 17:54:36,2018-08-22 21:25:12,546,1.115018315018315,1.765556079401977e-05,False,0.44286312264545824,5.109311845960652,1.1698930258444875e-05,Monitor (low volume)
e64882b4ef12aee8d0faca4db5b681f4,1,4.0,0.0,0.0,3.6756944444444444,20.89027777777778,25.009027777777778,230.0,273.22,0.18791304347826088,GO,construction_tools_safety,2018-01-12 15:28:49,2018-01-12 15:28:49,0,1.0,1.759893812353535e-05,False,-0.12785684386772708,0.0,0.0,Monitor (low volume)
740205fedfe4e90ca6857bc77db0f2b4,1,5.0,0.0,0.0,0.1763888888888889,3.3020833333333335,3.482638888888889,229.9,251.83,0.09538929969551979,SP,small_appliances,2017-02-17 03:09:22,2017-02-17 03:09:22,0,1.0,1.7591286411307727e-05,False,-0.12785684386772708,0.0,0.0,Monitor (low volume)
72431a818f97fe6ab9c81eee3e297e54,1,5.0,0.0,0.0,3.0569444444444445,9.344444444444445,12.434722222222222,229.9,249.39000000000001,0.08477598956067854,SP,auto,2018-04-13 11:22:56,2018-04-13 11:22:56,0,1.0,1.7591286411307727e-05,False,-0.12785684386772708,0.0,0.0,Monitor (low volume)
1746c1ae87ac63d530c7c943d0ac42e2,1,5.0,0.0,0.0,7.882638888888889,15.134027777777778,23.021527777777777,229.9,252.35,0.09765115267507611,SP,auto,2017-12-12 22:04:33,2017-12-12 22:04:33,0,1.0,1.7591286411307727e-05,False,-0.12785684386772708,0.0,0.0,Monitor (low volume)
f19516b9ff26bfeb091b30108db4ddbd,3,3.6666666666666665,0.3333333333333333,0.0,4.257175925925925,6.366898148148148,10.648148148148147,229.89999999999998,104.86000000000001,0.38947733568458,SP,costruction_tools_garden,2017-09-24 06:37:27,2017-11-14 21:09:04,51,1.7905882352941178,1.7591286411307724e-05,False,0.6164294683968187,47.23904492814287,0.00010816452562526628,Monitor (low volume)
9d489893ff6af05029671b785f54b998,4,4.75,0.0,0.25,0.6296875,4.885590277777778,6.528125,229.7,75.41,0.3292318159529258,SP,construction_tools_lights,2017-06-22 17:19:09,2018-08-23 16:38:38,426,0.28582159624413145,1.757598298685248e-05,False,-0.5114273754709083,0.0,0.0,Monitor (low volume)
adbe70ab2c97442046d393988c8d1d27,4,5.0,0.0,0.0,1.1901041666666667,5.5296875,6.744097222222223,229.6,71.35249999999999,0.24640424421463963,SP,garden_tools,2017-09-07 13:07:38,2017-10-12 16:51:36,35,3.4788571428571426,1.7568331274624853e-05,False,-0.5114273754709083,0.0,0.0,Monitor (low volume)
9539213aa8e023c01937bef95dc006da,9,4.555555555555555,0.0,0.3333333333333333,7.669367283950617,4.106481481481482,11.792824074074074,229.1,35.44888888888889,0.40860303001443493,SP,housewares,2017-11-29 18:10:01,2018-03-11 22:52:36,102,2.6858823529411766,1.7530072713486734e-05,False,-1.1507115948095437,0.0,0.0,Monitor (low volume)
615c3462099ffa940d37b17dfda19594,2,5.0,0.0,0.0,0.8364583333333333,6.794444444444444,7.648611111111111,229.0,130.525,0.16597004219409284,RJ,health_beauty,2018-06-21 12:07:18,2018-07-31 23:06:21,40,1.522,1.752242100125911e-05,False,-0.25571368773545416,0.0,0.0,Monitor (low volume)
75745ef7bc7d4f3ea3380f6f5303f514,3,5.0,0.0,0.0,2.844907407407407,2.301851851851852,5.694212962962962,228.4,92.44,0.40051294758651723,DF,toys,2017-03-01 16:41:19,2017-04-07 09:50:35,36,2.5366666666666666,1.7476510727893367e-05,False,-0.3835705316031812,0.0,0.0,Monitor (low volume)
8dfbc5ff27df12f6cef751d3b9554222,4,4.5,0.0,0.0,0.3645833333333333,9.149131944444445,10.066666666666666,226.0,79.03,0.8845223930481283,PR,garden_tools,2018-05-15 11:48:56,2018-08-15 19:46:26,92,1.3234782608695652,1.7292869634430388e-05,False,-0.5114273754709083,0.0,0.0,Monitor (low volume)
3a79f35a2344ede41af21267f61d5ec6,1,1.0,1.0,0.0,4.499305555555556,8.250694444444445,14.274305555555555,224.9,291.49,0.2960871498443753,SP,unknown,2017-11-16 13:40:29,2017-11-16 13:40:29,0,1.0,1.7208700799926525e-05,False,0.8721431561322729,196.1449958141482,0.00044911853019635663,Monitor (low volume)
b05b432bf68945d4d9783f9e3ca29ee8,2,4.5,0.0,0.0,1.0184027777777778,3.888888888888889,5.414930555555555,224.8,125.445,0.127171607952253,SP,health_beauty,2017-09-11 21:19:55,2017-09-12 17:49:55,0,2.0,1.72010490876989e-05,False,-0.25571368773545416,0.0,0.0,Monitor (low volume)
8a8835a43bda99fd37310ad76c457510,2,4.5,0.0,0.0,2.7125000000000004,3.5583333333333336,7.462152777777778,224.34,129.27,0.1520532589110533,SP,auto,2018-07-16 18:39:09,2018-08-02 18:50:07,17,2.0,1.7165851211451828e-05,False,-0.25571368773545416,0.0,0.0,Monitor (low volume)
94ca168e8bcb407ab85c5da308863027,5,5.0,0.0,0.0,1.8170833333333334,10.359583333333333,12.48763888888889,224.3,62.331999999999994,0.39760453491422276,SP,health_beauty,2017-11-21 21:11:07,2018-08-24 18:37:17,275,0.5534545454545455,1.716279052656078e-05,False,-0.6392842193386354,0.0,0.0,Monitor (low volume)
6c6e3d67f969468f3bfd33f827a31222,5,4.8,0.0,0.0,0.8561111111111112,7.641111111111111,8.505416666666667,224.0,63.282000000000004,0.4810527329749104,PR,computers_accessories,2018-03-11 22:56:57,2018-08-09 18:55:30,150,1.0146666666666666,1.7139835389877906e-05,False,-0.6392842193386354,0.0,0.0,Monitor (low volume)
81ed90f07c0bacb7594940ba2ef676aa,2,4.5,0.0,0.0,7.385416666666667,8.129861111111111,16.09513888888889,223.9,128.73,0.16331175347891147,MG,bed_bath_table,2017-10-25 23:24:01,2017-11-11 16:51:19,16,2.0,1.7132183677650283e-05,False,-0.25571368773545416,0.0,0.0,Monitor (low volume)
0e44d110fa6a54e121cb2c095a77762f,6,4.333333333333333,0.16666666666666666,0.16666666666666666,3.6922453703703706,7.375810185185185,12.001504629629629,223.32,48.89666666666667,1.3522949375417614,SP,stationery,2017-08-04 06:36:20,2018-06-13 00:02:17,312,0.5853846153846154,1.7087803746730064e-05,False,0.23285893679363745,8.667009627459185,1.9845087604327093e-05,Monitor (low volume)
f419677537694f0462a91990df6ca44f,6,4.0,0.16666666666666666,0.16666666666666666,7.4913194444444455,6.573611111111112,14.250347222222222,220.5,49.879999999999995,0.38486730603040925,SP,unknown,2017-12-27 08:36:53,2018-03-14 15:47:48,77,2.371948051948052,1.6872025461911063e-05,False,0.23285893679363745,8.557565927166177,1.9594491387937152e-05,Monitor (low volume)
edf3fabebcc20f7463cc9c53da932ea8,1,4.0,0.0,1.0,1.6201388888888888,19.446527777777778,21.081944444444446,219.9,244.02,0.10968622100954979,SP,furniture_decor,2018-05-22 21:13:21,2018-05-22 21:13:21,0,1.0,1.682611518854532e-05,False,-0.12785684386772708,0.0,0.0,Monitor (low volume)
f8e2c1b59cd4225a3e4fd0d013a76b93,2,5.0,0.0,0.0,3.997916666666667,6.004166666666666,10.010763888888889,219.8,132.215,0.23928184093437155,SP,furniture_decor,2017-09-01 10:23:11,2017-12-31 02:09:21,120,0.5073333333333334,1.6818463476317696e-05,False,-0.25571368773545416,0.0,0.0,Monitor (low volume)
e0a3c37054ade6478d923a6efc10f308,2,5.0,0.0,0.0,1.6930555555555555,6.649305555555555,7.835416666666667,219.8,127.49000000000001,0.1600545950864422,SC,baby,2018-07-03 20:23:05,2018-07-17 21:05:10,14,2.0,1.6818463476317696e-05,False,-0.25571368773545416,0.0,0.0,Monitor (low volume)
20611af7866c6068fd5ae1f9dbe15c92,2,4.5,0.0,0.0,3.5791666666666666,4.549652777777778,8.53888888888889,219.8,167.15,0.5209281164695178,SP,baby,2018-07-14 20:11:04,2018-07-16 09:04:15,1,2.0,1.6818463476317696e-05,False,-0.25571368773545416,0.0,0.0,Monitor (low volume)
a5dd1946fb63ada8bcaa0c9cd8f11e22,6,3.8333333333333335,0.16666666666666666,0.0,2.1195601851851853,14.493981481481482,16.939699074074074,219.62,71.055,1.0035192623566707,PE,sports_leisure,2017-09-08 14:15:39,2018-03-11 11:11:51,183,0.9980327868852459,1.6804690394307973e-05,False,0.23285893679363745,8.523413283103109,1.951629115019844e-05,Monitor (low volume)
c3fe93ba3085f92855c97e57f38c8c05,6,5.0,0.0,0.0,3.2262731481481484,9.162384259259259,13.222569444444444,219.0,52.86333333333334,0.5105051776930789,PR,books_general_interest,2017-06-08 18:45:48,2018-07-24 23:30:08,411,0.4443795620437956,1.6757249778496703e-05,False,-0.7671410632063624,0.0,0.0,Monitor (low volume)
751e274377499a8503fd6243ad9c56f6,1,5.0,0.0,0.0,0.6388888888888888,1.3423611111111111,1.9972222222222222,218.0,235.84,0.0818348623853211,SP,construction_tools_safety,2018-08-20 22:06:10,2018-08-20 22:06:10,0,1.0,1.668073265622046e-05,False,-0.12785684386772708,0.0,0.0,Monitor (low volume)
6548c2550b6e2d8f18053216e1c7b6f3,3,5.0,0.0,0.0,3.8697916666666665,3.604861111111111,6.486111111111111,217.7,95.85000000000001,0.6794341155188667,SP,housewares,2018-06-26 11:17:35,2018-08-22 17:58:13,57,1.602105263157895,1.665777751953759e-05,False,-0.3835705316031812,0.0,0.0,Monitor (low volume)
d594982fd877af63ace38ea1fca27c76,7,4.428571428571429,0.14285714285714285,0.0,2.3223379629629632,4.860019841269841,8.08938492063492,217.04000000000002,44.24285714285714,0.43872372045544955,SP,cool_stuff,2018-06-29 18:11:23,2018-08-21 11:11:03,52,4.0976923076923075,1.6607276218835272e-05,False,0.10500209292591037,3.2556648926627982,7.454584427889474e-06,Monitor (low volume)
f356c348fbc8df6a882823e21f5ce8b7,2,2.5,0.5,0.0,2.3878472222222222,4.764236111111111,7.229861111111111,215.08,128.77,0.19673307055820227,RS,housewares,2018-08-17 13:57:35,2018-08-20 12:40:44,2,2.0,1.645730265917384e-05,False,0.7442863122645458,80.04055002092926,0.00018327102372557577,Monitor (low volume)
3d49bfdd1b43a7fe169b3740067acc61,3,4.666666666666667,0.0,0.0,0.6472222222222223,6.780324074074073,8.75925925925926,215.0,92.27333333333333,0.29985606060606057,MG,construction_tools_construction,2018-06-30 01:23:27,2018-08-22 13:57:22,53,1.7230188679245284,1.645118128939174e-05,False,-0.3835705316031812,0.0,0.0,Monitor (low volume)
a4b8d97cd5d3674eeff96abc99d8ed67,1,1.0,1.0,0.0,1.1381944444444445,4.951388888888889,6.103472222222222,214.08,233.38000000000002,0.09015321375186845,SP,construction_tools_construction,2018-06-13 12:16:02,2018-06-13 12:16:02,0,1.0,1.63807855368976e-05,False,0.8721431561322729,186.70840686479698,0.00042751131589344605,Monitor (low volume)
f664f98bfda2eaf266a23ff144e7a872,2,3.0,0.5,0.0,2.1225694444444443,1.2763888888888888,2.685416666666667,213.89000000000001,133.23,0.23635628705542475,SP,pet_shop,2017-07-18 11:48:20,2017-11-19 20:27:48,124,0.49096774193548387,1.6366247283665115e-05,False,0.7442863122645458,79.59769966513186,0.0001822570172245834,Monitor (low volume)
33ab10be054370c254ddfcf0a6253422,4,5.0,0.0,0.0,1.913888888888889,3.868576388888889,5.813715277777778,213.2,66.3825,0.24983738166328923,RJ,health_beauty,2018-06-22 16:04:28,2018-08-28 11:51:45,66,1.8448484848484847,1.6313450469294507e-05,False,-0.5114273754709083,0.0,0.0,Monitor (low volume)
4ea2f12dbe91deeacd2c1e74f069a6e6,4,4.75,0.0,0.0,3.1831597222222223,5.446527777777778,9.457465277777779,210.2,70.0675,0.3647086105065322,SP,perfumery,2017-09-05 21:20:12,2018-04-08 23:24:30,215,0.5663255813953488,1.6083899102465787e-05,False,-0.5114273754709083,0.0,0.0,Monitor (low volume)
28405831a29823802aa22c084cfd0649,6,4.5,0.0,0.0,4.259953703703704,2.8273148148148146,7.194212962962962,210.0,47.13833333333333,0.34680952380952385,SP,christmas_supplies,2018-06-26 16:00:19,2018-08-18 18:29:46,53,3.446037735849057,1.606859567801054e-05,False,-0.7671410632063624,0.0,0.0,Monitor (low volume)
a9415cf907dfa12f9ed18693244f5329,1,5.0,0.0,0.0,4.955555555555556,6.161111111111111,11.134027777777778,210.0,385.41999999999996,0.8353333333333333,MG,kitchen_dining_laundry_garden_furniture,2018-01-19 16:34:05,2018-01-19 16:34:05,0,1.0,1.606859567801054e-05,False,-0.12785684386772708,0.0,0.0,Monitor (low volume)
661ad5fcc28cdfb8bcadb12bb2272475,4,5.0,0.0,0.0,2.3987847222222225,9.840625,12.38888888888889,209.92999999999998,82.4275,0.6208736245415138,SC,pet_shop,2018-01-15 10:56:46,2018-07-17 17:28:51,183,0.6653551912568306,1.6063239479451198e-05,False,-0.5114273754709083,0.0,0.0,Monitor (low volume)
269c5fc9fcadee614364c3620c30a1f9,3,5.0,0.0,0.3333333333333333,2.660185185185185,1.910648148148148,4.606712962962963,209.6,84.90666666666665,0.22314926297534995,SP,luggage_accessories,2018-07-31 18:14:02,2018-08-08 21:19:23,8,3.0,1.6037988829100042e-05,False,-0.3835705316031812,0.0,0.0,Monitor (low volume)
3fadb4cba4c35bce6a7eaf9872d5623a,3,3.3333333333333335,0.3333333333333333,0.0,1.5601851851851851,5.5625,9.260648148148148,209.5,92.50666666666666,0.31416070007955454,RS,health_beauty,2017-04-07 20:18:18,2017-05-31 22:12:33,54,1.6911111111111112,1.6030337116872416e-05,False,0.6164294683968187,43.0473245430445,9.856662948452931e-05,Monitor (low volume)
929f342384a6607afe143d789ade1316,4,5.0,0.0,0.0,0.9972222222222222,3.4880208333333336,4.4984375,209.4,68.19,0.3629551197747931,PR,housewares,2018-06-20 19:25:54,2018-08-06 15:51:24,46,2.6469565217391304,1.6022685404644794e-05,False,-0.5114273754709083,0.0,0.0,Monitor (low volume)
3fefda3299e6dfaea3466ef346a3571a,1,4.0,0.0,0.0,2.797222222222222,2.8222222222222224,6.313888888888889,209.0,225.21,0.07755980861244019,PR,electronics,2017-08-11 10:15:22,2017-08-11 10:15:22,0,1.0,1.5992078555734297e-05,False,-0.12785684386772708,0.0,0.0,Monitor (low volume)
10cdd491d1dbea8fb4ead97b19c334ce,3,5.0,0.0,0.0,1.6259259259259258,5.453472222222222,7.089814814814815,208.9,95.92,0.39809662950147384,MG,pet_shop,2018-06-26 20:11:26,2018-07-24 21:26:25,28,3.0,1.5984426843506675e-05,False,-0.3835705316031812,0.0,0.0,Monitor (low volume)
5a9c0859cb00fd8aa4db443837f0a700,2,4.5,0.0,0.0,2.642013888888889,6.353472222222222,9.005208333333334,208.0,127.79500000000002,0.24296788656031698,SC,health_beauty,2018-07-09 17:28:54,2018-07-11 19:44:12,2,2.0,1.5915561433458056e-05,False,-0.25571368773545416,0.0,0.0,Monitor (low volume)
3442f8959a84dea7ee197c632cb2df15,2,3.0,0.5,0.5,7.2711805555555555,11.141666666666666,18.422569444444445,207.9,116.69,0.12327883605819709,SP,sports_leisure,2017-05-05 16:12:29,2017-08-21 20:35:44,108,0.5637037037037037,1.5907909721230433e-05,False,0.7442863122645458,77.36856215989954,0.00017715290046748744,Monitor (low volume)
9c3c24eca51c52b91c1de727d2a2ae06,4,4.5,0.0,0.0,2.7953125,6.490451388888889,9.341493055555556,207.7,71.44,0.38118918784503253,RS,sports_leisure,2017-02-15 17:11:08,2018-05-21 10:41:20,459,0.26527233115468407,1.5892606296775182e-05,False,-0.5114273754709083,0.0,0.0,Monitor (low volume)
90b57083da5d803237da74daec6dcb2b,2,5.0,0.0,0.0,1.838888888888889,4.992708333333333,7.904166666666667,206.9,120.60499999999999,0.5517575596346547,PR,sports_leisure,2018-01-28 01:08:44,2018-04-16 16:44:16,78,0.7805128205128206,1.5831392598954192e-05,False,-0.25571368773545416,0.0,0.0,Monitor (low volume)
b906dd0e57f282c7089171b6ed07982e,2,4.0,0.0,0.0,0.7562500000000001,6.221875000000001,6.986805555555556,205.9,131.27499999999998,0.2854353493222106,PR,sports_leisure,2018-04-18 01:06:13,2018-06-25 17:58:26,68,0.8952941176470588,1.575487547667795e-05,False,-0.25571368773545416,0.0,0.0,Monitor (low volume)
e5d4b2b0c3bca22085f7a19a28de0c42,4,4.5,0.0,0.25,1.3810763888888888,11.130555555555556,12.684548611111111,205.8,67.39,0.35511556771152875,SC,housewares,2017-08-26 13:41:37,2017-11-26 05:27:45,91,1.338021978021978,1.574722376445033e-05,False,-0.5114273754709083,0.0,0.0,Monitor (low volume)
dd8a29ce82d5c705ba932d81494600a5,2,3.5,0.0,0.0,3.5968750000000003,3.569097222222222,8.930555555555555,205.75,116.625,0.13056049535603714,SP,market_place,2017-05-25 21:25:09,2017-09-01 16:13:42,98,0.6212244897959184,1.5743397908336514e-05,False,-0.25571368773545416,0.0,0.0,Monitor (low volume)
643c01d7c56a724bec0454f4780e8a3e,2,4.5,0.0,0.0,3.565625,6.136805555555556,9.720138888888888,205.55,123.325,0.29747720493506635,SC,garden_tools,2018-04-05 11:51:59,2018-05-15 14:57:12,40,1.522,1.572809448388127e-05,False,-0.25571368773545416,0.0,0.0,Monitor (low volume)
efb628aa07c8ca93d7db0d85b91a4f5a,1,4.0,0.0,1.0,6.3590277777777775,19.215972222222224,25.588194444444444,204.0,262.1,0.28480392156862744,RJ,furniture_bedroom,2017-11-17 08:47:34,2017-11-17 08:47:34,0,1.0,1.5609492944353094e-05,False,-0.12785684386772708,0.0,0.0,Monitor (low volume)
f26d70155c2b6326fcfa1780c8c684e4,1,5.0,0.0,0.0,0.7375,8.153472222222222,8.901388888888889,202.89,219.06,0.07969835871654593,SC,garden_tools,2017-06-26 16:50:06,2017-06-26 16:50:06,0,1.0,1.5524558938626464e-05,False,-0.12785684386772708,0.0,0.0,Monitor (low volume)
bcc9dd23e2a8bd8267cf92b19304a1b9,3,2.3333333333333335,0.6666666666666666,0.6666666666666666,3.453009259259259,19.087268518518517,22.54976851851852,202.79000000000002,82.07333333333334,0.21921086437083392,SP,bed_bath_table,2018-01-19 23:31:34,2018-02-21 22:43:55,32,2.85375,1.5516907226398845e-05,False,1.6164294683968186,109.26524396539696,0.0002501876000842929,Monitor (low volume)
19484c79cef6c062cb177aa4ef2fcc3c,1,1.0,1.0,1.0,19.179861111111112,1.7041666666666666,21.425694444444446,201.9,212.06,0.05032194155522536,SP,perfumery,2018-08-03 01:50:48,2018-08-03 01:50:48,0,1.0,1.544880698757299e-05,False,0.8721431561322729,176.0857032231059,0.00040318822252843217,Monitor (low volume)
3dfd3dc96f7f8598eca74e9ac8a2fa31,6,4.0,0.16666666666666666,0.16666666666666666,2.6479166666666667,9.565393518518517,12.230671296296299,201.9,49.37166666666667,0.5819276706592658,SP,housewares,2017-11-13 12:02:55,2018-06-16 16:39:47,215,0.8494883720930233,1.544880698757299e-05,False,0.23285893679363745,7.8357032231059,1.794162272664177e-05,Monitor (low volume)
28c7d8743fbc8679f484868cc0fcaefb,3,5.0,0.0,0.0,2.7835648148148144,10.72037037037037,13.524537037037035,201.5,90.12,0.3415901069205369,SP,health_beauty,2018-05-05 12:40:10,2018-08-10 00:40:57,96,0.95125,1.5418200138662493e-05,False,-0.3835705316031812,0.0,0.0,Monitor (low volume)
72146da5774cabf2632faedcae097a76,4,4.0,0.25,0.25,3.5472222222222225,31.639756944444446,35.93888888888889,200.94,77.8575,0.9836596358935852,PR,signaling_and_security,2018-02-06 12:10:35,2018-05-10 17:04:17,93,1.309247311827957,1.5375350550187796e-05,False,0.48857262452909167,24.54344579321892,5.619779518132033e-05,Monitor (low volume)
3f84fefc07dc159b268d4a77d3e8c425,3,5.0,0.0,0.0,2.7907407407407407,5.1685185185185185,8.068518518518518,200.6,83.97333333333334,0.2998789465541653,PR,health_beauty,2018-05-07 10:20:46,2018-06-29 23:02:53,53,1.7230188679245284,1.5349334728613874e-05,False,-0.3835705316031812,0.0,0.0,Monitor (low volume)
5db42a6cd9bf1bf0d3aab9582767f168,1,5.0,0.0,0.0,2.6951388888888888,14.16388888888889,16.872916666666665,200.0,219.32999999999998,0.09664999999999999,ES,housewares,2018-05-05 20:10:05,2018-05-05 20:10:05,0,1.0,1.5303424455248133e-05,False,-0.12785684386772708,0.0,0.0,Monitor (low volume)
3289d8c3eef4873f91ce0b1343c0dd58,1,5.0,0.0,0.0,2.8402777777777777,10.968055555555555,13.827777777777778,199.99,219.27,0.09640482024101205,SP,sports_leisure,2018-05-25 18:44:29,2018-05-25 18:44:29,0,1.0,1.530265928402537e-05,False,-0.12785684386772708,0.0,0.0,Monitor (low volume)
dda37071807e404c5bb2a1590c66326f,1,5.0,0.0,0.0,0.7902777777777777,15.425,16.582638888888887,199.99,219.27,0.09640482024101205,SP,luggage_accessories,2018-04-24 08:37:20,2018-04-24 08:37:20,0,1.0,1.530265928402537e-05,False,-0.12785684386772708,0.0,0.0,Monitor (low volume)
dbc51f5e45d654ecc16cb68e6817ecea,1,4.0,0.0,0.0,7.552777777777778,10.17986111111111,17.742361111111112,199.99,218.13,0.09070453522676133,SP,health_beauty,2017-02-24 22:28:55,2017-02-24 22:28:55,0,1.0,1.530265928402537e-05,False,-0.12785684386772708,0.0,0.0,Monitor (low volume)
3fe7120d6257285ac6a3ce7cb071ccec,2,3.5,0.0,0.0,3.406944444444444,6.1565972222222225,9.570833333333333,199.98,114.13,0.1414141414141414,MG,health_beauty,2018-01-05 09:35:30,2018-01-10 14:04:29,5,2.0,1.5301894112802607e-05,False,-0.25571368773545416,0.0,0.0,Monitor (low volume)
651530bf5c607240ccdd89a30c9c9712,1,4.0,0.0,0.0,0.7777777777777778,10.97638888888889,11.765277777777778,199.9,224.45000000000002,0.12281140570285143,BA,fashion_bags_accessories,2018-08-09 18:09:53,2018-08-09 18:09:53,0,1.0,1.5295772743020507e-05,False,-0.12785684386772708,0.0,0.0,Monitor (low volume)
e59e575a175fadcadf8479e191770425,1,5.0,0.0,0.0,3.0833333333333335,2.248611111111111,5.350694444444445,199.9,250.88,0.25502751375687843,RJ,air_conditioning,2018-06-09 11:53:43,2018-06-09 11:53:43,0,1.0,1.5295772743020507e-05,False,-0.12785684386772708,0.0,0.0,Monitor (low volume)
2cb4700db635baa1c0d4f90ed27b6669,2,2.0,0.5,0.0,13.556597222222223,2.9267361111111114,16.483333333333334,199.8,114.36000000000001,0.14474474474474475,PR,baby,2017-03-15 23:15:28,2017-03-18 01:58:41,2,2.0,1.5288121030792884e-05,False,0.7442863122645458,74.35420259522813,0.00017025083941031263,Monitor (low volume)
4f0d637c1197fd65405ebd755ac9f86b,2,5.0,0.0,0.0,0.5368055555555555,4.167361111111111,7.353472222222222,199.8,116.235,0.16847315944012203,SP,health_beauty,2018-05-30 21:48:24,2018-06-20 20:30:31,20,2.0,1.5288121030792884e-05,False,-0.25571368773545416,0.0,0.0,Monitor (low volume)
2a50b7ee5aebecc6fd0ff9784a4747d6,1,1.0,1.0,1.0,3.782638888888889,35.94583333333333,39.7375,199.8,264.24,0.3225225225225225,DF,construction_tools_construction,2017-11-27 21:45:48,2017-11-27 21:45:48,0,1.0,1.5288121030792884e-05,False,0.8721431561322729,174.25420259522812,0.0003989945857413608,Monitor (low volume)
800214c63934acd05d47e84214db8ba8,3,5.0,0.0,0.0,4.852083333333334,6.925694444444445,11.791203703703703,199.70000000000002,83.47000000000001,0.2570433316376125,SC,luggage_accessories,2017-03-31 12:33:22,2017-05-15 08:58:47,44,2.0754545454545457,1.5280469318565262e-05,False,-0.3835705316031812,0.0,0.0,Monitor (low volume)
ec5c1d94df153d473b37f880977ae58e,2,2.0,0.5,0.0,0.8979166666666667,9.409027777777778,10.320138888888888,199.67000000000002,141.87,0.43356141057087205,SP,perfumery,2018-05-22 14:50:54,2018-06-03 13:21:09,11,2.0,1.5278173804896973e-05,False,0.7442863122645458,74.30582398493094,0.00017014006559087647,Monitor (low volume)
8060d731897e33b5c5ae575ce1e209e1,5,4.8,0.0,0.0,1.9309027777777779,6.1923611111111105,7.804583333333333,199.5,58.19,0.45839598997493736,SP,sports_leisure,2018-05-07 10:09:40,2018-07-14 14:32:44,68,2.238235294117647,1.526516589411001e-05,False,-0.6392842193386354,0.0,0.0,Monitor (low volume)
c0f783394e37cd9c9d7f5f81141450fa,5,3.6,0.2,0.0,1.8905555555555555,9.614166666666666,11.801944444444445,199.5,54.35,0.37653052527807224,SP,unknown,2017-11-10 13:49:38,2017-12-13 17:14:37,33,4.612121212121212,1.526516589411001e-05,False,0.36071578066136467,14.392559648388449,3.29550351678223e-05,Monitor (low volume)
52f6f9f13ba19504c02781132a049e75,1,1.0,1.0,0.0,7.459027777777778,6.051388888888889,16.290277777777778,199.0,222.13,0.11623115577889447,PR,furniture_decor,2017-03-25 09:08:41,2017-03-25 09:08:41,0,1.0,1.5226907332971891e-05,False,0.8721431561322729,173.5564880703223,0.0003973970098224765,Monitor (low volume)
4450bd8327d471c4a11a83d1445b1b62,1,5.0,0.0,0.0,1.4229166666666666,5.874305555555556,7.305555555555555,199.0,214.56,0.07819095477386935,SP,health_beauty,2017-04-11 06:33:17,2017-04-11 06:33:17,0,1.0,1.5226907332971891e-05,False,-0.12785684386772708,0.0,0.0,Monitor (low volume)
e1bed63d68ac36fe1f3061befe196af5,1,5.0,0.0,0.0,0.42291666666666666,8.140972222222222,8.60625,199.0,217.0,0.09045226130653267,SP,cool_stuff,2017-01-30 18:30:53,2017-01-30 18:30:53,0,1.0,1.5226907332971891e-05,False,-0.12785684386772708,0.0,0.0,Monitor (low volume)
e9874ae10b2d60d43917b6bbfa13a599,1,5.0,0.0,0.0,1.0784722222222223,5.5881944444444445,6.675694444444445,199.0,222.1,0.11608040201005025,PR,bed_bath_table,2018-04-18 20:42:34,2018-04-18 20:42:34,0,1.0,1.5226907332971891e-05,False,-0.12785684386772708,0.0,0.0,Monitor (low volume)
bec568278124768c474ee90971ca94d1,1,4.0,0.0,0.0,0.6895833333333333,1.30625,2.0097222222222224,199.0,211.41,0.06236180904522613,SP,watches_gifts,2018-07-30 19:24:57,2018-07-30 19:24:57,0,1.0,1.5226907332971891e-05,False,-0.12785684386772708,0.0,0.0,Monitor (low volume)
3d290fe363c60a77498c1126fd3fb8d3,3,4.333333333333333,0.0,0.0,3.329398148148148,3.633564814814815,7.461342592592593,198.98,78.01333333333334,0.346703414600382,SP,computers_accessories,2017-03-11 21:54:43,2017-06-03 15:23:13,83,1.1002409638554218,1.5225376990526365e-05,False,-0.3835705316031812,0.0,0.0,Monitor (low volume)
e503f22be6a4f456d9851920a5d9c670,2,4.0,0.0,0.0,2.4684027777777775,3.1913194444444444,5.669791666666667,198.9,115.67,0.17103205582445563,SP,drinks,2018-07-30 12:28:26,2018-08-14 15:12:04,15,2.0,1.5219255620744267e-05,False,-0.25571368773545416,0.0,0.0,Monitor (low volume)
ad8b531ae67582f096925cff5630d0d1,2,4.0,0.0,0.0,8.352083333333333,12.064930555555556,20.48506944444444,198.45000000000002,125.745,1.866449689657695,PR,furniture_decor,2017-10-08 20:45:59,2017-11-24 20:26:39,46,1.3234782608695652,1.518482291571996e-05,False,-0.25571368773545416,0.0,0.0,Monitor (low volume)
d8dd176509baa37f359644d082bf7f7b,2,1.5,1.0,1.0,8.19375,21.383680555555557,30.35868055555556,198.0,114.95,0.1611111111111111,SP,cool_stuff,2017-11-16 13:02:20,2017-11-25 11:34:38,8,2.0,1.515039021069565e-05,False,1.7442863122645458,172.68434491419004,0.0003954000399238711,Monitor (low volume)
586a871d4f1221763fddb6ceefdeb95e,1,1.0,1.0,1.0,48.21527777777778,19.186805555555555,68.62083333333334,198.0,239.48,0.20949494949494948,RS,furniture_decor,2017-01-26 23:20:31,2017-01-26 23:20:31,0,1.0,1.515039021069565e-05,False,0.8721431561322729,172.68434491419004,0.0003954000399238711,Monitor (low volume)
6f835fd4be26989b1b064399da346143,2,5.0,0.0,0.0,1.3979166666666667,4.969791666666667,6.9527777777777775,197.8,114.625,0.15900757754690337,PR,health_beauty,2018-05-26 08:26:02,2018-06-18 22:59:35,23,2.0,1.5135086786240403e-05,False,-0.25571368773545416,0.0,0.0,Monitor (low volume)
9da15f4a4ea758d9eeb49000dbe57e22,1,2.0,1.0,1.0,20.50625,1.3930555555555555,22.510416666666668,196.9,234.61,0.1915185373285932,SP,office_furniture,2018-07-31 12:52:57,2018-07-31 12:52:57,0,1.0,1.5066221376191786e-05,False,0.8721431561322729,171.72498744244453,0.00039320337303540515,Monitor (low volume)
fe8055980a4ff7f64ed889c2b5926929,3,4.666666666666667,0.0,0.0,0.9775462962962963,5.485879629629629,6.485879629629629,196.70000000000002,83.32666666666667,0.4414771617817737,PR,electronics,2018-06-11 13:46:46,2018-07-25 19:07:16,44,2.0754545454545457,1.5050917951736538e-05,False,-0.3835705316031812,0.0,0.0,Monitor (low volume)
809413606dbfe5deefd2db646693ef67,3,4.333333333333333,0.0,0.0,3.8127314814814817,2.8587962962962963,7.579166666666667,196.68,82.35000000000001,0.24291573452647278,SP,food_drink,2017-11-05 22:41:44,2018-05-06 20:41:35,181,0.5045303867403315,1.5049387609291012e-05,False,-0.3835705316031812,0.0,0.0,Monitor (low volume)
8def3db7f272735afb2ecd03aeca09a7,2,5.0,0.0,0.0,0.375,2.276736111111111,2.659375,196.0,114.82,0.1716326530612245,RJ,fashion_bags_accessories,2018-07-30 08:36:51,2018-08-06 19:11:34,7,2.0,1.499735596614317e-05,False,-0.25571368773545416,0.0,0.0,Monitor (low volume)
0f7eea709efdf942b5f95c7516dbacd7,3,4.0,0.0,0.0,2.117824074074074,5.913888888888889,8.043981481481481,195.74,80.02,0.3335008657612801,SP,health_beauty,2018-04-05 19:11:09,2018-05-13 14:59:06,37,2.468108108108108,1.4977461514351347e-05,False,-0.3835705316031812,0.0,0.0,Monitor (low volume)
9c54608f0996c32ae4743089d915f845,3,4.0,0.0,0.0,1.4474537037037036,10.445370370370371,12.219675925925927,194.8,101.57333333333334,0.5630196709964315,PR,housewares,2018-06-22 16:07:29,2018-07-18 17:18:04,26,3.0,1.4905535419411681e-05,False,-0.3835705316031812,0.0,0.0,Monitor (low volume)
b5f49fe968dff6b112861e6cd8e192ef,1,5.0,0.0,0.0,4.602777777777778,7.777083333333334,13.995138888888889,194.70000000000002,237.67000000000002,0.22069851052901898,PR,furniture_decor,2018-01-18 18:21:21,2018-01-18 18:21:21,0,1.0,1.4897883707184057e-05,False,-0.12785684386772708,0.0,0.0,Monitor (low volume)
7d948535954aaf8c5d39db007f74372e,4,3.75,0.25,0.0,2.2723958333333334,2.708854166666667,5.600868055555555,194.0,59.45,0.22674772036474164,SP,fashio_female_clothing,2017-07-02 18:28:14,2018-04-08 11:43:25,279,0.436415770609319,1.4844321721590687e-05,False,0.48857262452909167,23.695772289660948,5.425685411155641e-05,Monitor (low volume)
f626e15b7314c267e4429010866f70e9,5,3.8,0.2,0.0,1.0369444444444444,7.870555555555555,9.946666666666667,193.54999999999998,63.803999999999995,0.6727881094277304,SP,food_drink,2018-02-24 09:33:05,2018-07-30 20:48:59,156,0.9756410256410256,1.4809889016566377e-05,False,0.36071578066136467,13.963307869401424,3.197216569790479e-05,Monitor (low volume)
05e107217c7266362fd44b75b2cd4cc4,5,4.2,0.0,0.4,1.7506944444444446,5.909305555555556,8.186944444444446,193.38,55.077999999999996,0.6201004113569714,SP,stationery,2018-06-29 23:02:10,2018-08-21 05:26:43,52,2.926923076923077,1.4796881105779418e-05,False,-0.6392842193386354,0.0,0.0,Monitor (low volume)
4d9fea3499bdc22aa4da4e339365f215,2,5.0,0.0,0.0,2.285416666666667,11.197222222222223,12.668055555555556,192.54000000000002,111.37,0.15683194789724464,SP,perfumery,2018-02-17 16:39:44,2018-07-04 16:17:34,136,0.4476470588235294,1.4732606723067378e-05,False,-0.25571368773545416,0.0,0.0,Monitor (low volume)
78ba5933c21686d1c2f64669c8c459e7,2,4.5,0.0,0.0,1.9850694444444446,4.538541666666667,6.528124999999999,191.8,106.28500000000001,0.11038721266026223,SP,bed_bath_table,2017-03-20 13:55:36,2017-05-16 10:49:26,56,1.0871428571428572,1.467598405258296e-05,False,-0.25571368773545416,0.0,0.0,Monitor (low volume)
508808d438fe2ff972ed13bb8f4a82e2,8,4.625,0.0,0.0,1.0365451388888889,2.965190972222222,4.011284722222222,190.85,34.89375,0.6697040156008116,SP,construction_tools_lights,2018-08-04 21:13:47,2018-08-27 22:34:17,23,8.0,1.460329278642053e-05,False,-1.0228547509418167,0.0,0.0,Monitor (low volume)
f307937c1bb287c3efc2a514b94b0d1d,1,5.0,0.0,0.0,2.5319444444444446,9.978472222222223,12.577083333333333,189.99,216.60000000000002,0.14006000315806094,MG,auto,2017-06-03 23:46:04,2017-06-03 23:46:04,0,1.0,1.4537488061262962e-05,False,-0.12785684386772708,0.0,0.0,Monitor (low volume)
778323240ce2830d68aab11794e00bfb,3,4.333333333333333,0.0,0.0,2.514583333333333,8.019675925925926,10.546296296296296,189.98000000000002,80.81,0.3263483141072659,SP,health_beauty,2018-06-25 11:31:42,2018-07-30 09:18:59,34,2.6858823529411766,1.4536722890040201e-05,False,-0.3835705316031812,0.0,0.0,Monitor (low volume)
43a1d4bab73b816e44ef4e4facd9f9b5,1,4.0,0.0,0.0,1.8347222222222221,7.98125,9.825,189.9,205.4,0.08162190626645603,PR,health_beauty,2017-02-20 16:17:04,2017-02-20 16:17:04,0,1.0,1.4530601520258101e-05,False,-0.12785684386772708,0.0,0.0,Monitor (low volume)
7cf4ea70955b00d6b3c22542598e2715,1,5.0,0.0,0.0,0.36319444444444443,6.111111111111111,7.102777777777778,189.9,204.81,0.07851500789889415,SP,small_appliances,2018-07-19 14:00:02,2018-07-19 14:00:02,0,1.0,1.4530601520258101e-05,False,-0.12785684386772708,0.0,0.0,Monitor (low volume)
119c7f1a00ef43fad0e57604e76a747c,2,4.5,0.0,0.0,1.3298611111111112,4.632986111111111,5.977777777777778,189.8,103.41000000000001,0.12831428136719383,SP,health_beauty,2017-10-15 02:37:02,2018-02-27 20:13:13,135,0.45096296296296295,1.4522949808030477e-05,False,-0.25571368773545416,0.0,0.0,Monitor (low volume)
213fafb0ca06fb3d5886579c2565791b,3,2.3333333333333335,0.6666666666666666,0.0,0.09050925925925925,3.545601851851852,4.259953703703704,189.7,72.28666666666668,0.1747985498007051,MG,cine_photo,2018-06-14 15:23:38,2018-08-23 10:23:31,69,1.3234782608695652,1.4515298095802851e-05,False,1.6164294683968186,102.21222338495882,0.00023403810708610065,Monitor (low volume)
686886775c8f6b1191c7b953fb52708c,1,5.0,0.0,0.0,1.2194444444444446,2.30625,3.5458333333333334,189.0,202.62,0.07206349206349207,SP,furniture_decor,2018-06-26 05:48:19,2018-06-26 05:48:19,0,1.0,1.4461736110209484e-05,False,-0.12785684386772708,0.0,0.0,Monitor (low volume)
299c89a525fee36c567f4fe72f038100,1,3.0,0.0,0.0,0.8173611111111111,8.495833333333334,9.319444444444445,189.0,242.67000000000002,0.283968253968254,CE,furniture_decor,2018-08-08 17:36:33,2018-08-08 17:36:33,0,1.0,1.4461736110209484e-05,False,-0.12785684386772708,0.0,0.0,Monitor (low volume)
b00af24704019bd2e1b335e70ad11f7c,1,5.0,0.0,0.0,0.4618055555555556,14.079166666666667,15.554166666666667,189.0,207.25,0.09656084656084656,BA,sports_leisure,2018-06-20 00:20:03,2018-06-20 00:20:03,0,1.0,1.4461736110209484e-05,False,-0.12785684386772708,0.0,0.0,Monitor (low volume)
e0482f2c769468c3bbcd8a01e09d98c5,1,4.0,0.0,0.0,2.4118055555555555,3.486111111111111,5.90625,189.0,234.4,0.2402116402116402,SP,construction_tools_safety,2018-08-10 20:43:30,2018-08-10 20:43:30,0,1.0,1.4461736110209484e-05,False,-0.12785684386772708,0.0,0.0,Monitor (low volume)
c360e4787614ed31ac7a2f95d3b22dc6,1,2.0,1.0,0.0,8.17013888888889,4.473611111111111,12.661111111111111,188.9,218.95000000000002,0.1590788777130757,SP,office_furniture,2018-06-13 09:32:06,2018-06-13 09:32:06,0,1.0,1.445408439798186e-05,False,0.8721431561322729,164.74784219338636,0.0003772276138465619,Monitor (low volume)
c0aff2da32c17759d30b22fb0af6649d,4,3.75,0.0,0.0,0.35052083333333334,7.269965277777778,7.762499999999999,188.8,68.08250000000001,0.8140778002187999,SC,stationery,2018-06-11 13:15:42,2018-08-22 15:27:49,72,1.691111111111111,1.4446432685754237e-05,False,-0.5114273754709083,0.0,0.0,Monitor (low volume)
0b09101900100c0e9d312861fad5a1b9,1,4.0,0.0,0.0,23.459722222222222,,18.5375,188.65,206.65,0.0954147892923403,SP,furniture_decor,2017-01-27 14:59:17,2017-01-27 14:59:17,0,1.0,1.44349551174128e-05,False,-0.12785684386772708,0.0,0.0,Monitor (low volume)
4c1c7281388a33dd06daac44f9fadbd1,5,4.8,0.0,0.0,1.4397222222222221,7.014027777777779,8.786388888888888,188.32,53.98199999999999,0.47422409015702227,SP,toys,2018-04-04 09:12:02,2018-06-20 19:31:47,77,1.9766233766233767,1.4409704467061639e-05,False,-0.6392842193386354,0.0,0.0,Monitor (low volume)
a3b0df0065e264a91b7bbf5f844af5cd,2,5.0,0.0,0.0,3.9059027777777775,9.455555555555556,13.619444444444444,186.69,109.375,0.19471083336729333,SP,auto,2017-09-20 15:08:28,2017-09-23 17:59:17,3,2.0,1.4284981557751368e-05,False,-0.25571368773545416,0.0,0.0,Monitor (low volume)
eec3469d83e142f9a104886655338c37,4,4.5,0.0,0.0,4.495138888888889,5.133854166666667,9.977256944444445,185.7,60.11,0.5749784626286316,SP,furniture_decor,2017-02-03 16:32:12,2018-08-17 14:22:37,559,0.2178175313059034,1.420922960669789e-05,False,-0.5114273754709083,0.0,0.0,Monitor (low volume)
9e7c5f4d7770eab65738cca38f9efccf,2,3.5,0.0,0.0,0.27152777777777776,7.152083333333334,7.4371527777777775,184.8,111.44,0.20230725425071713,SP,toys,2018-06-01 12:50:14,2018-08-07 01:27:47,66,0.9224242424242424,1.4140364196649274e-05,False,-0.25571368773545416,0.0,0.0,Monitor (low volume)
2075d8cd4dd63ff12df0749a5866bb06,3,5.0,0.0,0.0,1.0600694444444443,3.6435185185185186,4.744212962962963,184.7,80.74333333333334,0.31232048277689317,PR,bed_bath_table,2018-08-07 14:02:28,2018-08-10 00:10:24,2,3.0,1.4132712484421648e-05,False,-0.3835705316031812,0.0,0.0,Monitor (low volume)
7d484ca289afaac6bf5fc6a1e96d2226,2,4.0,0.0,0.5,2.0427083333333336,9.290624999999999,12.156944444444445,183.2,124.21000000000001,0.36896926509753114,MS,toys,2018-08-05 13:27:49,2018-08-17 19:54:09,12,2.0,1.4017936801007288e-05,False,-0.25571368773545416,0.0,0.0,Monitor (low volume)
c990d6cf976a5718aaedc539f383ab88,8,3.625,0.25,0.375,12.7625,6.653472222222223,19.757552083333334,183.1,37.30625,0.6261353350506089,SP,telephony,2017-10-05 15:37:40,2018-01-20 17:59:58,107,2.27588785046729,1.4010285088779664e-05,False,0.9771452490581833,22.36441188781917,5.120840199910298e-05,Monitor (low volume)
23ca5f678e0b3ea6c630b30fa8bf51ea,6,5.0,0.0,0.0,3.210300925925926,4.052199074074074,7.270833333333333,183.0,46.565,0.4826543209876544,SP,home_appliances,2017-03-04 11:44:25,2017-05-04 23:14:03,61,2.9940983606557374,1.400263337655204e-05,False,-0.7671410632063624,0.0,0.0,Monitor (low volume)
1c56ffe0e9dea2657fc6e95b53f40b13,3,4.333333333333333,0.0,0.0,0.5921296296296296,5.502777777777777,6.6782407407407405,183.0,89.13,0.449238591916558,SP,perfumery,2018-07-23 11:36:26,2018-08-22 21:47:41,30,3.0,1.400263337655204e-05,False,-0.3835705316031812,0.0,0.0,Monitor (low volume)
478bfe564db21eeb44386606aa30b650,3,4.666666666666667,0.0,0.0,4.881018518518519,9.08425925925926,13.974074074074075,182.70000000000002,76.93333333333334,0.34926710439835945,MG,pet_shop,2017-10-08 20:24:03,2017-12-27 19:51:59,79,1.1559493670886076,1.3979678239869169e-05,False,-0.3835705316031812,0.0,0.0,Monitor (low volume)
5659d77e8d90378e39b960ad5956f64e,2,2.5,0.5,0.5,2.837152777777778,17.45173611111111,20.48923611111111,182.48000000000002,106.565,0.1661405381074763,SP,perfumery,2017-09-12 18:03:22,2018-03-24 16:46:37,192,0.31708333333333333,1.3962844472968397e-05,False,0.7442863122645458,67.90868313101717,0.00015549235823620545,Monitor (low volume)
353e21e8bf8de2722b4fae1636664b76,3,3.0,0.3333333333333333,0.0,2.3273148148148146,7.24537037037037,10.35324074074074,182.0,78.27666666666666,0.29029487179487184,RS,auto,2018-02-27 07:38:47,2018-06-16 20:14:00,109,0.8377981651376147,1.39261162542758e-05,False,0.6164294683968187,37.39672108274033,8.562828909873189e-05,Monitor (low volume)
31e60bf8d103ce47932a85f5562deb16,1,5.0,0.0,0.0,0.8076388888888889,13.640277777777778,14.46111111111111,181.0,239.04,0.3206629834254144,GO,luggage_accessories,2018-07-11 16:07:05,2018-07-11 16:07:05,0,1.0,1.3849599131999559e-05,False,-0.12785684386772708,0.0,0.0,Monitor (low volume)
8ca5b19e0263150d2c57afdde2b3d011,3,4.666666666666667,0.0,0.0,0.8550925925925926,3.772222222222222,4.860648148148148,180.60000000000002,74.89333333333335,0.3655196043269651,SP,unknown,2017-10-26 12:58:12,2017-11-23 11:03:54,27,3.0,1.3818992283089064e-05,False,-0.3835705316031812,0.0,0.0,Monitor (low volume)
7ad41305e96a6cab8294cd65891e9a86,2,5.0,0.0,0.0,2.478472222222222,9.059027777777779,11.661111111111111,180.0,118.8,0.33675,SP,sports_leisure,2018-06-05 00:38:47,2018-06-12 20:54:25,7,2.0,1.3773082009723318e-05,False,-0.25571368773545416,0.0,0.0,Monitor (low volume)
964ff64dc05b13811c6d0f41e0aa5f6b,1,5.0,0.0,0.0,0.6076388888888888,6.064583333333333,6.680555555555555,180.0,204.06,0.13366666666666666,SP,home_construction,2018-07-18 22:43:29,2018-07-18 22:43:29,0,1.0,1.3773082009723318e-05,False,-0.12785684386772708,0.0,0.0,Monitor (low volume)
9c57bc60cfad5ee62d35d3f1ce4593a1,1,1.0,1.0,1.0,22.695833333333333,8.960416666666667,37.03055555555556,180.0,195.43,0.08572222222222223,PR,pet_shop,2017-04-26 13:34:20,2017-04-26 13:34:20,0,1.0,1.3773082009723318e-05,False,0.8721431561322729,156.9857681038091,0.0003594545817489737,Monitor (low volume)
88cd3681e0a2ba85e190f7d817629c4c,1,4.0,0.0,0.0,1.7173611111111111,5.288888888888889,7.0159722222222225,180.0,199.36,0.10755555555555556,SC,auto,2018-08-15 21:09:19,2018-08-15 21:09:19,0,1.0,1.3773082009723318e-05,False,-0.12785684386772708,0.0,0.0,Monitor (low volume)
94165aea8a35c3c21499cbcae239b16c,1,2.0,1.0,0.0,1.59375,4.552777777777778,6.157638888888889,180.0,196.11,0.0895,MG,auto,2018-06-07 18:01:09,2018-06-07 18:01:09,0,1.0,1.3773082009723318e-05,False,0.8721431561322729,156.9857681038091,0.0003594545817489737,Monitor (low volume)
9dd459b29a14bf89d47183cf2cd0e4c7,2,5.0,0.0,0.5,2.2847222222222223,3.0055555555555555,6.623611111111111,180.0,99.41000000000001,0.1822,SP,auto,2018-01-14 18:16:33,2018-08-04 12:42:39,201,0.3028855721393035,1.3773082009723318e-05,False,-0.25571368773545416,0.0,0.0,Monitor (low volume)
05ca864204d09595ae591b93ea9cf93d,1,5.0,0.0,1.0,3.397222222222222,1.0097222222222222,5.16875,179.9,188.42000000000002,0.04735964424680378,SP,consoles_games,2018-08-16 09:18:25,2018-08-16 09:18:25,0,1.0,1.3765430297495695e-05,False,-0.12785684386772708,0.0,0.0,Monitor (low volume)
7f5e4d5efad7e44b91115dd1decb65f3,3,5.0,0.0,0.0,0.9365740740740741,5.907407407407407,7.695833333333333,179.9,85.77333333333333,0.4302808384344277,SP,computers_accessories,2018-05-07 12:46:18,2018-07-29 05:12:32,82,1.113658536585366,1.3765430297495695e-05,False,-0.3835705316031812,0.0,0.0,Monitor (low volume)
50bf89f1349bc0409a268c3a49678009,1,5.0,0.0,0.0,0.5451388888888888,8.044444444444444,9.616666666666667,179.9,282.47,0.5701500833796553,SP,furniture_decor,2018-07-02 00:11:34,2018-07-02 00:11:34,0,1.0,1.3765430297495695e-05,False,-0.12785684386772708,0.0,0.0,Monitor (low volume)
762ed976527cddf02787edba70fffa2a,3,2.3333333333333335,0.6666666666666666,0.0,1.920601851851852,5.894444444444445,7.852083333333333,179.8,80.03999999999999,0.3353251461988304,PR,home_construction,2017-11-24 22:46:29,2017-12-12 11:15:32,17,3.0,1.3757778585268071e-05,False,1.6164294683968186,96.87800613924934,0.00022182420481856038,Monitor (low volume)
dcf3755cefcdc158ad0b7bdde51e871b,2,4.0,0.0,0.0,3.1326388888888888,12.514583333333334,15.660763888888889,179.8,113.22000000000001,0.2593993325917686,RS,art,2018-03-18 14:44:29,2018-08-11 10:48:51,145,0.41986206896551725,1.3757778585268071e-05,False,-0.25571368773545416,0.0,0.0,Monitor (low volume)
51209b446b2073894bdc0face6c73ffc,1,4.0,0.0,0.0,0.8131944444444444,11.816666666666666,12.653472222222222,179.8,219.44,0.22046718576195773,ES,furniture_decor,2018-06-13 17:05:52,2018-06-13 17:05:52,0,1.0,1.3757778585268071e-05,False,-0.12785684386772708,0.0,0.0,Monitor (low volume)
184a67a8f9f63234d3a92340bbdb727f,6,4.666666666666667,0.0,0.0,3.1519675925925927,14.410532407407407,18.380902777777777,179.18,53.63833333333333,0.8331436580797534,SC,furniture_decor,2017-02-08 19:44:53,2017-11-08 07:52:53,272,0.6714705882352942,1.3710337969456802e-05,False,-0.7671410632063624,0.0,0.0,Monitor (low volume)
2235cf78d3e2073a88146a9cb60f0dd0,1,5.0,0.0,0.0,4.411111111111111,9.208333333333334,14.215277777777779,178.99,204.76000000000002,0.14397452371640873,SP,furniture_living_room,2017-11-30 19:12:21,2017-11-30 19:12:21,0,1.0,1.3695799716224315e-05,False,-0.12785684386772708,0.0,0.0,Monitor (low volume)
880ce4951cf857ab1d9e0b75c1d856f4,1,5.0,0.0,0.0,3.151388888888889,11.88888888888889,15.046527777777778,178.9,197.72,0.10519843487982113,MG,auto,2018-02-13 21:06:34,2018-02-13 21:06:34,0,1.0,1.3688913175219454e-05,False,-0.12785684386772708,0.0,0.0,Monitor (low volume)
f3975e8a41157005d4bcbb358678cd9b,2,5.0,0.0,0.0,1.132638888888889,6.552083333333334,8.65763888888889,178.8,131.39,0.43816051195878924,SC,toys,2018-04-02 16:10:57,2018-08-19 14:29:37,138,0.44115942028985505,1.368126146299183e-05,False,-0.25571368773545416,0.0,0.0,Monitor (low volume)
6f1a1263039c76e68f40a8e536b1da6a,2,2.0,0.5,0.5,17.83298611111111,33.14340277777778,51.000347222222224,178.69,126.595,0.3974282798653508,SP,food,2017-09-17 23:54:20,2018-01-15 15:18:27,119,0.5115966386554622,1.3672844579541443e-05,False,0.7442863122645458,66.49826056927584,0.0001522628753464903,Monitor (low volume)
57fe6232e67823593374a2281d7a8af8,8,4.75,0.0,0.0,0.9819444444444445,7.977864583333333,9.581770833333334,178.68,35.505,0.6238214512294171,SP,books_general_interest,2017-03-05 22:11:02,2017-12-01 08:46:08,270,0.9019259259259259,1.3672079408318682e-05,False,-1.0228547509418167,0.0,0.0,Monitor (low volume)
19e0f40a907ec568c34bfac15de4f4a1,4,5.0,0.0,0.0,2.2045138888888887,3.2946180555555555,5.835243055555555,178.0,54.905,0.23382022471910113,SP,housewares,2017-01-31 11:26:49,2017-10-17 10:30:04,258,0.471937984496124,1.3620047765170837e-05,False,-0.5114273754709083,0.0,0.0,Monitor (low volume)
1352e06ae67b410cdae0b2a22361167b,2,3.0,0.5,1.0,17.903472222222224,16.396180555555556,34.307291666666664,178.0,107.05,0.20280898876404496,RJ,unknown,2017-04-07 18:12:59,2017-04-07 19:33:15,0,2.0,1.3620047765170837e-05,False,0.7442863122645458,66.24148179154457,0.00015167492199717538,Monitor (low volume)
ab9db4cf53b08b828b64dccaafc2d9f0,4,5.0,0.0,0.0,2.6795138888888888,8.673784722222223,11.719791666666666,177.78,70.9,0.6812974609019671,RS,air_conditioning,2017-05-18 17:35:59,2018-07-19 14:24:09,426,0.28582159624413145,1.3603213998270064e-05,False,-0.5114273754709083,0.0,0.0,Monitor (low volume)
2d2322d842118867781fc737e96d59a1,8,4.875,0.0,0.125,1.2246031746031747,6.03125,8.090538194444445,176.4,35.17125,1.0753210858771916,SP,health_beauty,2018-06-08 10:35:03,2018-08-25 21:20:50,78,3.1220512820512822,1.3497620369528852e-05,False,-1.0228547509418167,0.0,0.0,Monitor (low volume)
a0a14e50070f3225b3eabba5b85da517,4,4.5,0.0,0.0,0.7541666666666667,4.941493055555556,6.053298611111112,176.2,62.16,0.41112372304199774,PR,furniture_living_room,2018-07-30 19:14:39,2018-08-15 18:56:56,15,4.0,1.3482316945073603e-05,False,-0.5114273754709083,0.0,0.0,Monitor (low volume)
c353f8fc0ce8344999f17d578eb69a5e,2,5.0,0.0,0.0,0.5680555555555555,8.556944444444444,9.961111111111112,175.98,106.285,0.20792135469939768,RS,health_beauty,2017-01-23 07:23:50,2017-02-06 14:54:29,14,2.0,1.346548317817283e-05,False,-0.25571368773545416,0.0,0.0,Monitor (low volume)
cbbd5ae8f53de5f5097cd8217b529e24,1,4.0,0.0,0.0,3.670138888888889,17.089583333333334,20.76875,175.9,208.16,0.1833996588971006,SP,baby,2017-02-10 21:37:36,2017-02-10 21:37:36,0,1.0,1.3459361808390732e-05,False,-0.12785684386772708,0.0,0.0,Monitor (low volume)
485452467ff670447e84a8370c3fc898,3,4.666666666666667,0.0,0.0,2.3872685185185185,11.819212962962965,14.225462962962963,175.7,105.14666666666665,1.629634615933395,SC,unknown,2018-02-02 14:32:10,2018-03-01 22:20:35,27,3.0,1.3444058383935482e-05,False,-0.3835705316031812,0.0,0.0,Monitor (low volume)
4dc2e811a1760953cb7c6a590b498943,1,5.0,0.0,0.0,0.5979166666666667,6.061805555555556,6.6715277777777775,175.0,199.84,0.14194285714285715,SP,luggage_accessories,2018-08-20 22:32:41,2018-08-20 22:32:41,0,1.0,1.3390496398342115e-05,False,-0.12785684386772708,0.0,0.0,Monitor (low volume)
f92d8c817434bd2d84d4e9c61322b7fa,5,4.6,0.0,0.2,5.097361111111111,3.0533333333333332,8.325416666666666,174.84,45.122,0.2908279809115043,SP,sports_leisure,2018-01-19 14:57:16,2018-07-26 18:24:47,188,0.8095744680851064,1.3378253658777916e-05,False,-0.6392842193386354,0.0,0.0,Monitor (low volume)
23ff42c4bf1f8f16cddb19d8b972974a,2,4.0,0.0,0.0,2.7649305555555554,9.066666666666666,11.84409722222222,174.70000000000002,113.83500000000001,0.4579096090637584,MG,sports_leisure,2017-09-27 08:01:35,2017-11-17 13:12:47,51,1.1937254901960785,1.3367541261659244e-05,False,-0.25571368773545416,0.0,0.0,Monitor (low volume)
dd9661d3cda1e6feb237f0c4d8b26f2e,1,5.0,0.0,0.0,5.383333333333334,12.803472222222222,18.197916666666668,174.0,190.98,0.09758620689655173,SC,housewares,2017-10-12 09:19:59,2017-10-12 09:19:59,0,1.0,1.3313979276065873e-05,False,-0.12785684386772708,0.0,0.0,Monitor (low volume)
0692610d8abe24f287e9fae90ea0bbee,4,4.0,0.0,0.25,4.496875,1.915451388888889,6.603298611111111,173.99,51.43,0.23851542785026628,SP,furniture_decor,2018-06-02 11:14:09,2018-08-22 15:45:32,81,1.5032098765432098,1.3313214104843112e-05,False,-0.5114273754709083,0.0,0.0,Monitor (low volume)
99a25c39b28a74d1151c35c18d178292,1,5.0,0.0,0.0,0.5118055555555555,1.1618055555555555,2.2305555555555556,173.94,218.7,0.257330113832356,SP,baby,2018-06-13 13:35:02,2018-06-13 13:35:02,0,1.0,1.33093882487293e-05,False,-0.12785684386772708,0.0,0.0,Monitor (low volume)
aae5953b9edddf14749c0d65d60eb4b9,2,5.0,0.0,0.0,4.814583333333333,7.972916666666666,12.825694444444444,173.0,101.45000000000002,0.3578966063956057,MG,furniture_decor,2017-09-30 00:53:36,2017-10-18 21:52:56,18,2.0,1.3237462153789634e-05,False,-0.25571368773545416,0.0,0.0,Monitor (low volume)
25debeafbce801fdd479539350185eee,4,3.5,0.25,0.0,4.994270833333333,10.268576388888889,15.280034722222222,172.86,60.465,0.49252938234558635,SP,perfumery,2017-06-05 10:45:54,2017-12-01 21:37:16,179,0.6802234636871508,1.3226749756670961e-05,False,0.48857262452909167,21.113665969024698,4.834453506043114e-05,Monitor (low volume)
762fafdaa57a532ee0119731697579dd,4,5.0,0.0,0.0,1.7666666666666666,2.4854166666666666,4.281770833333333,172.8,53.82,0.32778512355851414,SP,cool_stuff,2018-06-18 11:03:18,2018-08-11 11:01:19,53,2.297358490566038,1.3222158729334386e-05,False,-0.5114273754709083,0.0,0.0,Monitor (low volume)
ccada0ef508e698917a6eab263375905,3,3.6666666666666665,0.3333333333333333,0.0,1.0233796296296296,8.526157407407409,9.912962962962963,172.8,77.32000000000001,0.492185182189171,PR,unknown,2017-07-13 09:44:51,2017-10-05 17:01:01,84,1.0871428571428572,1.3222158729334386e-05,False,0.6164294683968187,35.506337379656756,8.12998261333015e-05,Monitor (low volume)
50770d25768b0486d89be26afca3108f,6,4.0,0.16666666666666666,0.16666666666666666,1.6094907407407408,10.427430555555555,13.48171296296296,171.76999999999998,41.31,0.4807373553024141,SP,books_general_interest,2017-12-12 19:09:19,2018-07-18 12:16:33,217,0.8416589861751153,1.3143346093389856e-05,False,0.23285893679363745,6.66636326217385,1.52641532231563e-05,Monitor (low volume)
c5e60e39c0f42b8e827daa13cff74afa,6,4.5,0.0,0.16666666666666666,1.4474537037037036,2.050810185185185,3.766898148148148,171.0,49.251666666666665,0.6139327751513312,SP,bed_bath_table,2018-08-15 16:58:08,2018-08-26 11:02:58,10,6.0,1.3084427909237151e-05,False,-0.7671410632063624,0.0,0.0,Monitor (low volume)
bd0a1b0aadca9a83d9304f7e8ff5fbd5,4,4.5,0.0,0.0,1.1494791666666666,4.522569444444445,5.896527777777778,170.59,58.265,0.4283907297058134,SP,telephony,2018-07-15 21:50:53,2018-07-29 20:39:20,13,4.0,1.3053055889103894e-05,False,-0.5114273754709083,0.0,0.0,Monitor (low volume)
3ea08c48e851106d2f584349daba335f,1,4.0,0.0,0.0,4.696527777777778,1.2951388888888888,6.003472222222222,170.0,192.94,0.13494117647058823,MG,baby,2018-06-13 21:43:00,2018-06-13 21:43:00,0,1.0,1.3007910786960912e-05,False,-0.12785684386772708,0.0,0.0,Monitor (low volume)
e1643dff33666ca629e3644c02738179,3,4.333333333333333,0.0,0.0,0.8046296296296296,2.4680555555555554,4.555787037037037,170.0,66.43666666666667,0.20206973581973578,SP,unknown,2018-05-11 00:09:19,2018-05-28 21:16:13,17,3.0,1.3007910786960912e-05,False,-0.3835705316031812,0.0,0.0,Monitor (low volume)
5ca5d579b5857ee8709479b1047cecc3,1,1.0,1.0,1.0,12.854861111111111,4.924305555555556,17.784027777777776,169.99,178.04000000000002,0.04735572680745927,SP,consoles_games,2018-03-22 22:43:50,2018-03-22 22:43:50,0,1.0,1.300714561573815e-05,False,0.8721431561322729,148.25561511092508,0.0003394649130639336,Monitor (low volume)
7fe21dd00d2f4943ae09525efa2fd674,2,5.0,0.0,0.0,3.296180555555556,2.6416666666666666,7.60173611111111,169.8,94.505,0.11461622634522295,RJ,fashion_bags_accessories,2017-04-22 00:20:19,2017-07-02 00:25:04,71,0.8574647887323944,1.2992607362505664e-05,False,-0.25571368773545416,0.0,0.0,Monitor (low volume)
695051e2981c8b19e77cafe450d5bdf3,1,5.0,0.0,0.0,4.277777777777778,15.903472222222222,20.190277777777776,169.76,182.45,0.07475259189443921,SP,unknown,2017-12-08 12:19:26,2017-12-08 12:19:26,0,1.0,1.2989546677614614e-05,False,-0.12785684386772708,0.0,0.0,Monitor (low volume)
e3e290b38963293022cdcd6db8328103,2,3.0,0.5,0.0,2.867708333333333,5.857638888888889,9.730902777777779,169.7,99.84,0.18173960243392906,SP,sports_leisure,2017-11-26 05:14:06,2017-12-03 20:13:13,7,2.0,1.2984955650278038e-05,False,0.7442863122645458,63.1526935956467,0.00014460243967932956,Monitor (low volume)
b01c2b7b8599b325103ebcddc67413e1,4,4.75,0.0,0.0,3.445138888888889,4.998784722222222,8.45486111111111,169.45,60.53,0.43031976203755345,RS,health_beauty,2018-07-13 09:52:00,2018-08-18 21:10:16,36,3.382222222222222,1.2965826369708978e-05,False,-0.5114273754709083,0.0,0.0,Monitor (low volume)
d9c349beabc06aa6ff1c6d68b5e9e22e,1,5.0,0.0,0.0,7.1715277777777775,12.158333333333333,21.025,168.1,205.64999999999998,0.22337894110648424,SP,construction_tools_construction,2018-04-30 16:52:39,2018-04-30 16:52:39,0,1.0,1.2862528254636053e-05,False,-0.12785684386772708,0.0,0.0,Monitor (low volume)
c7c7b2682c648339a0e9846bb1023a39,2,4.5,0.0,0.0,4.834375,5.434375,10.275347222222223,168.0,99.84,0.20901785714285714,SP,unknown,2017-10-12 23:15:50,2017-12-13 18:53:25,61,0.9980327868852459,1.2854876542408431e-05,False,-0.25571368773545416,0.0,0.0,Monitor (low volume)
51a04a8a6bdcb23deccc82b0b80742cf,1,1.0,1.0,1.0,13.353472222222223,21.95347222222222,35.31458333333333,167.99,199.92000000000002,0.19007083754985415,SP,electronics,2017-11-14 12:04:09,2017-11-14 12:04:09,0,1.0,1.2854111371185668e-05,False,0.8721431561322729,146.51132879866054,0.0003354709732667228,Monitor (low volume)
7178e1eaa97257d8b6d4b80efd77a025,1,5.0,0.0,0.0,1.1458333333333333,5.96875,7.122916666666667,167.9,184.71,0.1001191185229303,SP,costruction_tools_tools,2017-09-05 16:18:47,2017-09-05 16:18:47,0,1.0,1.2847224830180807e-05,False,-0.12785684386772708,0.0,0.0,Monitor (low volume)
89d9a386b0b6e5fc8403071b03f7206a,2,4.0,0.0,0.0,5.0628472222222225,8.415277777777778,13.495138888888889,167.0,117.625,0.38847305389221554,SP,unknown,2018-02-10 12:07:53,2018-02-12 22:38:55,2,2.0,1.277835942013219e-05,False,-0.25571368773545416,0.0,0.0,Monitor (low volume)
1d1bbb8ac1581824986f582583fff01d,4,3.5,0.25,0.25,3.5131944444444443,5.638715277777778,9.163020833333334,166.88,56.6175,0.3955461875216025,SC,health_beauty,2018-04-27 10:01:33,2018-08-24 13:59:41,119,1.0231932773109245,1.276917736545904e-05,False,0.48857262452909167,20.383249895353703,4.667208151616769e-05,Monitor (low volume)
1e483cc5c76fef08d3ca05f9a8af7d01,9,4.444444444444445,0.0,0.0,2.5793981481481483,5.621682098765432,8.485802469135802,166.09,29.81888888888889,1.2845079541453936,SP,fashion_underwear_beach,2017-02-09 15:43:30,2017-05-18 12:41:57,97,2.8243298969072166,1.2708728838860811e-05,False,-1.1507115948095437,0.0,0.0,Monitor (low volume)
1cbdc7cf130a41fd13a3c2a7d2fcfda7,2,5.0,0.0,0.0,1.7020833333333334,6.761111111111111,8.690277777777778,165.8,112.805,0.36073582629674306,MG,bed_bath_table,2018-05-06 11:15:20,2018-07-03 10:46:01,57,1.0680701754385966,1.2686538873400702e-05,False,-0.25571368773545416,0.0,0.0,Monitor (low volume)
76d336555bb25f3165d2f0d6da719c40,1,3.0,0.0,0.0,5.638888888888889,5.848611111111111,11.494444444444444,165.0,176.76,0.07127272727272727,SP,sports_leisure,2017-02-03 19:52:09,2017-02-03 19:52:09,0,1.0,1.2625325175579709e-05,False,-0.12785684386772708,0.0,0.0,Monitor (low volume)
33d677f27a69b84051204ee4ae76eaca,9,4.555555555555555,0.1111111111111111,0.0,2.703240740740741,5.732484567901235,8.826157407407408,165.0,37.61,1.0689223472966947,SC,food_drink,2018-03-17 19:07:43,2018-07-20 19:11:27,125,2.19168,1.2625325175579709e-05,False,-0.1507115948095438,0.0,0.0,Monitor (low volume)
e45edf75f568ed2f93f78d060e246e25,6,4.166666666666667,0.0,0.16666666666666666,3.531365740740741,8.180671296296296,12.346990740740742,164.29999999999998,46.37,0.676608617877624,RJ,housewares,2018-06-06 11:26:30,2018-07-24 20:48:52,48,3.805,1.2571763189986338e-05,False,-0.7671410632063624,0.0,0.0,Monitor (low volume)
88ae906ea2acf6971f26c3e8b7cb4357,2,3.5,0.0,0.5,3.7753472222222224,8.248611111111112,12.034027777777778,164.0,93.445,0.13957317073170733,SP,perfumery,2018-04-27 14:42:36,2018-05-01 20:00:22,4,2.0,1.2548808053303468e-05,False,-0.25571368773545416,0.0,0.0,Monitor (low volume)
98e164d549402270247f3c96a1a158ef,2,2.5,0.5,0.0,3.860763888888889,4.363541666666666,8.834027777777777,162.7,93.71,0.15363002212717528,SP,cool_stuff,2017-06-06 21:40:11,2017-08-18 23:34:56,73,0.8339726027397261,1.2449335794344354e-05,False,0.7442863122645458,60.547691502720795,0.00013863769555584515,Monitor (low volume)
bff9deb0ec77d437f3305a79cf25529e,5,4.0,0.2,0.0,1.3708333333333333,5.548333333333334,6.9719444444444445,161.95,48.548,0.5008888180469573,SP,telephony,2018-06-23 07:13:25,2018-08-16 22:31:19,54,2.818518518518519,1.2391947952637174e-05,False,0.36071578066136467,11.683584135621603,2.675222027783871e-05,Monitor (low volume)
3442033154be05bac582e173ef54fd12,1,5.0,0.0,0.0,0.5916666666666667,3.3041666666666667,3.90625,161.0,169.39,0.05211180124223603,SP,telephony,2018-08-16 21:55:21,2018-08-16 21:55:21,0,1.0,1.2319256686474746e-05,False,-0.12785684386772708,0.0,0.0,Monitor (low volume)
d3e7d37c0df9aef383f3f2a15b0dddfb,1,5.0,0.0,0.0,2.1493055555555554,9.941666666666666,13.077083333333333,161.0,201.34,0.25055900621118016,PR,kitchen_dining_laundry_garden_furniture,2018-07-22 11:50:22,2018-07-22 11:50:22,0,1.0,1.2319256686474746e-05,False,-0.12785684386772708,0.0,0.0,Monitor (low volume)
d9d43faf741ceaa8da52fdbb81d9e0e3,4,4.0,0.25,0.0,2.546875,6.1546875,9.143229166666668,161.0,83.9475,0.95665522875817,SP,books_general_interest,2018-04-05 11:22:54,2018-08-07 09:46:50,123,0.9899186991869918,1.2319256686474746e-05,False,0.48857262452909167,19.66504813729594,4.502759542247723e-05,Monitor (low volume)
cd52a8efd71af3336b14b5039b951cc1,2,3.0,0.0,0.0,1.1913194444444444,9.996527777777779,11.198958333333334,160.8,101.585,0.26103257041803163,SP,fashion_bags_accessories,2017-09-11 15:20:28,2017-09-13 08:23:41,1,2.0,1.2303953262019499e-05,False,-0.25571368773545416,0.0,0.0,Monitor (low volume)
fc6295add6f51a0936407ead70c1001d,1,1.0,1.0,0.0,0.47638888888888886,12.940972222222221,13.8,160.0,230.51999999999998,0.44075,SP,furniture_decor,2017-11-06 19:20:14,2017-11-06 19:20:14,0,1.0,1.2242739564198504e-05,False,0.8721431561322729,139.54290498116367,0.00031951518377686556,Monitor (low volume)
533d46c1b06970e99f09523a61df4972,2,4.5,0.0,0.0,6.681597222222223,9.062847222222222,16.602430555555557,159.98,96.31,0.2040255031878985,SP,electronics,2018-02-01 19:36:03,2018-02-04 18:39:24,2,2.0,1.224120922175298e-05,False,-0.25571368773545416,0.0,0.0,Monitor (low volume)
aa2640d851ec322526f1295bbeb20092,1,3.0,0.0,0.0,0.6159722222222223,1.4305555555555556,3.964583333333333,159.98,182.33999999999997,0.13976747093386674,SP,furniture_decor,2018-05-06 21:13:51,2018-05-06 21:13:51,0,1.0,1.224120922175298e-05,False,-0.12785684386772708,0.0,0.0,Monitor (low volume)
913fd0ebba70bb919f7254a02239173c,1,1.0,1.0,0.0,1.2673611111111112,12.11736111111111,13.430555555555555,159.9,179.12,0.12020012507817385,SC,auto,2018-07-25 06:18:20,2018-07-25 06:18:20,0,1.0,1.2235087851970882e-05,False,0.8721431561322729,139.45569066555043,0.000319315486787005,Monitor (low volume)
2039c5e51785b5dde7cf93ccb3b7be2c,1,5.0,0.0,0.0,0.9305555555555556,7.3284722222222225,8.269444444444444,159.9,173.68,0.08617886178861787,SP,housewares,2018-07-16 13:00:53,2018-07-16 13:00:53,0,1.0,1.2235087851970882e-05,False,-0.12785684386772708,0.0,0.0,Monitor (low volume)
fc0b214b59a83615fea981c6424a02ae,1,5.0,0.0,0.0,3.126388888888889,1.2479166666666666,4.384722222222222,159.9,172.04000000000002,0.07592245153220763,SP,baby,2018-08-17 10:15:31,2018-08-17 10:15:31,0,1.0,1.2235087851970882e-05,False,-0.12785684386772708,0.0,0.0,Monitor (low volume)
99cd94252748d2bdde08e17858233602,2,4.5,0.0,0.0,0.44722222222222224,2.5440972222222222,3.0128472222222227,159.8,90.66,0.1346683354192741,SP,pet_shop,2018-06-20 14:02:25,2018-06-21 15:01:12,1,2.0,1.2227436139743258e-05,False,-0.25571368773545416,0.0,0.0,Monitor (low volume)
6902157ee16728322d61a1321fa79e58,2,3.0,0.5,0.0,2.845486111111111,7.028125,10.457638888888889,159.8,95.715,0.19793491864831037,SP,telephony,2017-09-21 22:46:26,2017-10-07 19:27:08,15,2.0,1.2227436139743258e-05,False,0.7442863122645458,59.46847634993721,0.0001361665872761159,Monitor (low volume)
b7e1750c1157341d2abd0251e07c186b,3,4.333333333333333,0.0,0.0,3.058564814814815,7.278009259259259,10.344675925925927,159.6,73.52,0.5127946623422367,SP,sports_leisure,2017-02-14 13:18:53,2017-04-20 14:30:07,65,1.404923076923077,1.2212132715288008e-05,False,-0.3835705316031812,0.0,0.0,Monitor (low volume)
0ade5cc4a305ed7093a23f68ca47519c,2,5.0,0.0,0.0,1.3142361111111112,5.050694444444444,6.875694444444445,158.88,100.63499999999999,0.26651384069350575,PR,auto,2017-11-24 09:11:25,2018-01-21 14:20:45,58,1.0496551724137932,1.2157040387249115e-05,False,-0.25571368773545416,0.0,0.0,Monitor (low volume)
954e95f20808d7e5d11f0de292d078e0,3,4.666666666666667,0.0,0.0,2.166898148148148,6.960416666666667,9.138657407407408,158.78,92.65333333333332,0.6492609698898205,MG,unknown,2017-09-09 12:49:12,2017-11-26 19:11:30,78,1.1707692307692308,1.214938867502149e-05,False,-0.3835705316031812,0.0,0.0,Monitor (low volume)
c04d70d515d15a7e3db3a73320598566,3,5.0,0.0,0.0,1.5233796296296298,4.763425925925926,6.294907407407408,158.2,71.60666666666667,0.3351606288448394,RJ,unknown,2017-05-24 22:17:27,2017-11-13 10:38:36,172,0.5309302325581395,1.2105008744101272e-05,False,-0.3835705316031812,0.0,0.0,Monitor (low volume)
98dddbc4601dd4443ca174359b237166,2,5.0,0.0,0.0,2.6489583333333333,5.2652777777777775,8.230902777777779,158.0,105.835,0.33968354430379744,PR,housewares,2018-07-13 14:29:51,2018-07-23 13:03:29,9,2.0,1.2089705319646024e-05,False,-0.25571368773545416,0.0,0.0,Monitor (low volume)
f1ce5fdecd64935c28b9ff932751d0dc,2,4.5,0.0,0.0,4.369791666666667,5.658680555555556,10.23611111111111,158.0,90.265,0.14259493670886075,SP,furniture_decor,2017-03-25 21:48:06,2017-06-29 17:19:23,95,0.6408421052631579,1.2089705319646024e-05,False,-0.25571368773545416,0.0,0.0,Monitor (low volume)
ce3ad9de960102d0677a81f5d0bb7b2d,1,5.0,0.0,0.0,0.8180555555555555,3.207638888888889,4.042361111111111,158.0,174.21,0.10259493670886076,RJ,baby,2018-07-30 12:20:10,2018-07-30 12:20:10,0,1.0,1.2089705319646024e-05,False,-0.12785684386772708,0.0,0.0,Monitor (low volume)
d2df77822373f19934e87694d8640767,2,3.0,0.5,0.0,12.689930555555556,8.70486111111111,22.15451388888889,155.9,98.2,0.272854911150166,PR,baby,2018-04-18 19:29:53,2018-04-26 10:46:49,7,2.0,1.1929019362865919e-05,False,0.7442863122645458,58.01711804102135,0.0001328433726930317,Monitor (low volume)
dde698c6d0bd24834c586e5111c2bba7,1,5.0,0.0,0.0,0.3958333333333333,6.3,7.691666666666666,155.9,175.09,0.1230917254650417,RJ,fashion_bags_accessories,2018-07-30 02:16:14,2018-07-30 02:16:14,0,1.0,1.1929019362865919e-05,False,-0.12785684386772708,0.0,0.0,Monitor (low volume)
2ea0861cc19e94cad86438c984c52da4,5,3.8,0.0,0.0,1.5794444444444447,3.2287500000000002,5.060833333333333,155.8,40.914,0.33670077469345566,SP,housewares,2018-05-17 14:33:47,2018-06-24 02:18:59,37,4.113513513513514,1.1921367650638294e-05,False,-0.6392842193386354,0.0,0.0,Monitor (low volume)
b9de031b671cd48b28fae9d828cbf2b4,1,5.0,0.0,0.0,0.9590277777777778,8.264583333333333,9.23263888888889,155.32,198.69,0.2792299768220448,SP,auto,2018-07-18 13:52:45,2018-07-18 13:52:45,0,1.0,1.1884639431945698e-05,False,-0.12785684386772708,0.0,0.0,Monitor (low volume)
3c88ed2e76a2247933a15daa7161eb1c,1,5.0,0.0,0.0,4.906944444444444,14.981944444444444,19.90763888888889,155.0,306.2,0.9754838709677419,SP,pet_shop,2018-02-01 21:45:16,2018-02-01 21:45:16,0,1.0,1.1860153952817301e-05,False,-0.12785684386772708,0.0,0.0,Monitor (low volume)
4dab98ca6cd6d3df586203cefd28a042,1,5.0,0.0,0.0,9.130555555555556,18.77638888888889,28.009027777777778,154.9,173.23000000000002,0.11833440929632019,RS,fashion_bags_accessories,2018-03-05 13:28:54,2018-03-05 13:28:54,0,1.0,1.1852502240589677e-05,False,-0.12785684386772708,0.0,0.0,Monitor (low volume)
90b36c5aeb728d5504a39f435bef0c5f,4,5.0,0.0,0.0,4.048090277777778,7.675868055555556,11.742534722222222,153.89,61.9725,0.6446572382524063,SP,health_beauty,2018-07-11 10:34:33,2018-08-01 16:13:13,21,4.0,1.1775219947090673e-05,False,-0.5114273754709083,0.0,0.0,Monitor (low volume)
6601ee6383e7f452be71929f8de48bbb,2,4.0,0.0,0.0,5.032986111111111,9.348958333333332,14.825,153.6,90.97,0.21090525751651987,SP,perfumery,2017-10-27 17:21:53,2017-11-08 07:29:07,11,2.0,1.1753029981630564e-05,False,-0.25571368773545416,0.0,0.0,Monitor (low volume)
bc39d8938f90a3a2b98193723ed59774,1,4.0,0.0,0.0,0.7048611111111112,3.332638888888889,4.0465277777777775,153.4,161.34,0.05176010430247718,SP,small_appliances,2018-04-26 21:37:53,2018-04-26 21:37:53,0,1.0,1.1737726557175317e-05,False,-0.12785684386772708,0.0,0.0,Monitor (low volume)
d26aa40b90272d4843d63be7c1462c8d,2,4.5,0.0,0.0,0.525,3.272569444444444,4.590277777777778,152.9,88.71000000000001,0.15651566661000624,SP,baby,2018-07-11 20:15:42,2018-08-01 12:43:05,20,2.0,1.1699467996037197e-05,False,-0.25571368773545416,0.0,0.0,Monitor (low volume)
78813699ffac347fe27dba345a5f1551,1,5.0,0.0,0.0,0.7104166666666667,8.316666666666666,9.043055555555556,152.42,200.54,0.31570660018370295,RS,drinks,2018-06-24 21:10:34,2018-06-24 21:10:34,0,1.0,1.16627397773446e-05,False,-0.12785684386772708,0.0,0.0,Monitor (low volume)
4ddeb3e828550cddc8d45c8bc36ab2d1,1,5.0,0.0,0.0,1.7833333333333334,6.086805555555555,7.870138888888889,152.0,164.45,0.0819078947368421,SP,cool_stuff,2017-03-15 12:19:23,2017-03-15 12:19:23,0,1.0,1.163060258598858e-05,False,-0.12785684386772708,0.0,0.0,Monitor (low volume)
56f413900b5166ab4d730e9ac0b12cb0,3,4.666666666666667,0.0,0.0,2.8534722222222224,7.117361111111111,10.191666666666668,151.79,64.74666666666667,0.5880436751979506,SP,sports_leisure,2017-06-28 06:52:27,2017-07-12 18:33:35,14,3.0,1.1614533990310568e-05,False,-0.3835705316031812,0.0,0.0,Monitor (low volume)
3dc69bf2c42f0568a5c4791ec3fd3745,1,3.0,0.0,0.0,0.36319444444444443,25.898611111111112,26.271527777777777,150.0,167.62,0.11746666666666668,SP,health_beauty,2018-02-16 14:01:10,2018-02-16 14:01:10,0,1.0,1.1477568341436099e-05,False,-0.12785684386772708,0.0,0.0,Monitor (low volume)
2d34636518ba88f5349b732fcf8ba2e4,1,5.0,0.0,0.0,1.395138888888889,9.152777777777779,10.832638888888889,150.0,168.63,0.12419999999999999,SP,music,2018-04-30 20:25:31,2018-04-30 20:25:31,0,1.0,1.1477568341436099e-05,False,-0.12785684386772708,0.0,0.0,Monitor (low volume)
578fa3a9cb6b6dceab39231ad59cdaca,3,3.6666666666666665,0.3333333333333333,0.3333333333333333,3.424074074074074,18.769212962962964,22.396990740740744,150.0,62.4,0.29933333333333334,CE,books_technical,2017-09-16 10:56:48,2018-04-30 22:39:58,226,0.404070796460177,1.1477568341436099e-05,False,0.6164294683968187,30.821473419840935,7.057276574071311e-05,Monitor (low volume)
c398bc00a606d33758afd91f4e64fd15,2,4.5,0.0,0.0,1.2184027777777777,2.403125,3.703125,150.0,82.75,0.10333333333333333,RJ,sports_leisure,2018-05-30 22:12:22,2018-06-28 14:33:53,28,2.0,1.1477568341436099e-05,False,-0.25571368773545416,0.0,0.0,Monitor (low volume)
4867209cb29b56b92893d7bde3ce8012,1,4.0,0.0,0.0,3.9243055555555557,6.295138888888889,10.228472222222223,150.0,169.15,0.12766666666666665,SP,health_beauty,2018-06-16 16:05:44,2018-06-16 16:05:44,0,1.0,1.1477568341436099e-05,False,-0.12785684386772708,0.0,0.0,Monitor (low volume)
1e47d8b6546eb3a77b1acddcc9406242,1,1.0,1.0,0.0,16.20347222222222,19.283333333333335,35.49444444444445,149.9,166.71,0.11214142761841227,SP,fashio_female_clothing,2017-05-15 08:59:57,2017-05-15 08:59:57,0,1.0,1.1469916629208474e-05,False,0.8721431561322729,130.7342591042277,0.0002993457878009509,Monitor (low volume)
49f8d2ea7b718d0ce587d34207caf2b4,1,5.0,0.0,0.0,3.698611111111111,3.126388888888889,6.839583333333334,149.9,165.26,0.10246831220813875,SP,pet_shop,2018-08-23 20:34:07,2018-08-23 20:34:07,0,1.0,1.1469916629208474e-05,False,-0.12785684386772708,0.0,0.0,Monitor (low volume)
f266295f49a28eee21f413e0cbb0521d,2,4.5,0.0,0.0,4.793055555555556,6.448958333333334,12.088541666666668,149.8,88.97,0.18419520112311766,PR,construction_tools_construction,2017-11-08 18:18:31,2017-11-09 15:06:08,0,2.0,1.1462264916980852e-05,False,-0.25571368773545416,0.0,0.0,Monitor (low volume)
6ba4733aa33f6386e9fb0c0fd3993b38,3,4.666666666666667,0.0,0.0,1.85625,10.511805555555556,12.42986111111111,149.79,69.96,0.40302460499569,RS,unknown,2018-04-16 21:43:52,2018-08-17 10:32:19,122,0.7485245901639344,1.1461499745758087e-05,False,-0.3835705316031812,0.0,0.0,Monitor (low volume)
3d700782d7818f2c1e0d7a9e9d75fc00,3,3.6666666666666665,0.3333333333333333,0.3333333333333333,1.582638888888889,23.804861111111112,25.728472222222223,149.7,78.37,0.5705410821643286,SP,pet_shop,2017-04-23 20:56:12,2017-07-11 14:20:11,78,1.1707692307692308,1.1454613204753226e-05,False,0.6164294683968187,30.75983047300125,7.043162020923169e-05,Monitor (low volume)
63272377184e969942f7fff221be858d,2,5.0,0.0,0.0,3.8309027777777773,8.460416666666667,12.299652777777776,149.7,108.115,0.4408502479374402,SP,housewares,2017-05-18 11:19:11,2017-05-18 22:42:50,0,2.0,1.1454613204753226e-05,False,-0.25571368773545416,0.0,0.0,Monitor (low volume)
d8b8f2cf9ff6ba0389072541cb42498c,1,5.0,0.0,0.0,1.0166666666666666,11.122916666666667,12.159722222222221,149.0,169.01,0.13429530201342282,GO,health_beauty,2018-05-23 10:49:50,2018-05-23 10:49:50,0,1.0,1.1401051219159857e-05,False,-0.12785684386772708,0.0,0.0,Monitor (low volume)
e00d85ce20ea50c1224c66ca5050527d,1,4.0,0.0,0.0,0.5979166666666667,0.8263888888888888,2.0493055555555557,149.0,157.3,0.055704697986577185,SP,audio,2017-07-13 11:24:43,2017-07-13 11:24:43,0,1.0,1.1401051219159857e-05,False,-0.12785684386772708,0.0,0.0,Monitor (low volume)
f35becee938e982bd615edf8ef12bcfb,6,4.0,0.16666666666666666,0.0,0.7700231481481481,6.725578703703704,7.920370370370371,148.59,37.80166666666667,0.7134637378487304,SP,perfumery,2017-03-09 10:36:58,2017-08-02 18:18:33,146,1.250958904109589,1.13696791990266e-05,False,0.23285893679363745,5.766751569694431,1.3204287869993565e-05,Monitor (low volume)
8fbe2ee446b97e128471be4ce983dc0d,3,3.0,0.6666666666666666,0.3333333333333333,3.6546296296296297,4.264814814814815,8.099537037037036,148.5,62.833333333333336,0.3243963807227082,SP,health_beauty,2018-06-19 14:01:34,2018-08-01 12:52:42,42,2.1742857142857144,1.1362792658021737e-05,False,1.6164294683968186,80.01325868564251,0.00018320853401310462,Monitor (low volume)
ca7c6bd577e559472af1c699de9e764e,6,4.333333333333333,0.16666666666666666,0.0,1.244560185185185,3.421759259259259,4.680787037037037,148.0,36.47,0.4886486486486486,SP,health_beauty,2018-03-22 11:49:41,2018-04-04 13:47:39,13,6.0,1.1324534096883618e-05,False,0.23285893679363745,5.743853774243058,1.3151858165146024e-05,Monitor (low volume)
7d7866a99a8656a42c7ff6352a433410,5,4.4,0.0,0.0,0.8859374999999999,3.749444444444444,4.88625,147.89,41.476,0.42438911440229105,SP,party_supplies,2018-07-03 23:18:04,2018-08-29 14:52:00,56,2.717857142857143,1.1316117213433229e-05,False,-0.6392842193386354,0.0,0.0,Monitor (low volume)
2a7c6c0b0d5efde2bf75ec1e1cec2d41,3,3.3333333333333335,0.3333333333333333,0.0,2.6754629629629627,7.1805555555555545,10.607407407407408,147.6,64.01333333333334,0.3056609351070543,PR,furniture_decor,2017-11-14 12:03:44,2017-12-11 14:48:45,27,3.0,1.1293927247973121e-05,False,0.6164294683968187,30.328329845123477,6.94436014888617e-05,Monitor (low volume)
6ee85be3693ed79a8e80718743d80655,5,3.2,0.4,0.4,16.923055555555557,11.040416666666667,29.121111111111112,147.5,47.294,0.6031864406779661,SP,electronics,2017-01-19 11:26:57,2017-04-23 19:31:30,94,1.6191489361702127,1.1286275535745497e-05,False,1.3607157806613646,40.14111552951025,9.191220368496089e-05,Monitor (low volume)
9523fb39dd240aa958e040f8183d64f3,1,1.0,1.0,0.0,0.6854166666666667,20.200694444444444,21.882638888888888,146.99,168.29000000000002,0.14490781685828968,SP,construction_tools_safety,2018-08-06 22:00:02,2018-08-06 22:00:02,0,1.0,1.1247251803384615e-05,False,0.8721431561322729,128.1963225198828,0.0002935346053960092,Monitor (low volume)
0b3f27369a4d8df98f7eb91077e438ac,2,4.0,0.0,0.0,1.1534722222222222,6.0,7.161458333333333,146.51,85.69500000000001,0.18987850917198743,SP,unknown,2017-11-13 15:19:44,2017-11-22 18:38:11,9,2.0,1.1210523584692017e-05,False,-0.25571368773545416,0.0,0.0,Monitor (low volume)
4bcec44888b30ba9001234c534716d3f,5,4.6,0.0,0.0,1.4590277777777776,7.687222222222222,9.158750000000001,146.0,41.846000000000004,0.48281363636363633,SP,health_beauty,2018-01-06 11:57:52,2018-07-18 15:22:25,193,0.7886010362694301,1.1171499852331135e-05,False,-0.6392842193386354,0.0,0.0,Monitor (low volume)
398cb257329ef7af7f1943a8974a3cbc,1,5.0,0.0,0.0,2.8666666666666667,4.000694444444444,7.091666666666667,145.9,161.37,0.10603152844413982,BA,drinks,2018-07-20 09:42:40,2018-07-20 09:42:40,0,1.0,1.1163848140103513e-05,False,-0.12785684386772708,0.0,0.0,Monitor (low volume)
8e34331b7eedd03be4e5d965c1956225,5,4.8,0.0,0.2,2.6909722222222223,10.907361111111111,13.948194444444445,145.0,42.088,0.4683833333333333,SP,books_general_interest,2018-01-22 11:43:20,2018-07-05 14:24:57,164,0.9280487804878049,1.1094982730054896e-05,False,-0.6392842193386354,0.0,0.0,Monitor (low volume)
f3041c2e75ec683697a6a5ea82192210,1,5.0,0.0,0.0,2.602777777777778,1.917361111111111,4.528472222222222,145.0,169.0,0.16551724137931034,MG,furniture_decor,2017-02-05 20:43:42,2017-02-05 20:43:42,0,1.0,1.1094982730054896e-05,False,-0.12785684386772708,0.0,0.0,Monitor (low volume)
0daf5180aa44356f60f8effa533b55a2,2,5.0,0.0,0.5,0.5177083333333333,6.570138888888889,8.025694444444444,144.8,91.815,0.3340891552045032,GO,perfumery,2018-07-30 12:19:23,2018-08-20 14:16:35,21,2.0,1.1079679305599647e-05,False,-0.25571368773545416,0.0,0.0,Monitor (low volume)
553a440137d6e0cf776aee0bb83ac9f5,2,1.0,1.0,0.5,6.448958333333334,16.538541666666667,23.001736111111114,144.8,87.57,0.2127780719322882,SP,musical_instruments,2018-05-11 15:20:39,2018-05-29 14:29:23,17,2.0,1.1079679305599647e-05,False,1.7442863122645458,126.28632900795313,0.0002891612413180633,Monitor (low volume)
4a82c4af97ffc0fb2dc26bfdc03b1842,3,5.0,0.0,0.0,2.106712962962963,10.119212962962964,12.73912037037037,143.7,70.3,0.527286835990442,MG,unknown,2017-05-30 19:12:37,2017-08-15 14:31:33,76,1.201578947368421,1.0995510471095782e-05,False,-0.3835705316031812,0.0,0.0,Monitor (low volume)
c8143b3069f6746a77421b5ce30a450c,1,5.0,0.0,0.0,5.176388888888889,19.218055555555555,24.40486111111111,142.47,185.88,0.30469572541587703,GO,health_beauty,2017-07-02 13:10:36,2017-07-02 13:10:36,0,1.0,1.0901394410696005e-05,False,-0.12785684386772708,0.0,0.0,Monitor (low volume)
43a5d4a57af536fddc96d08be3afdfcb,1,1.0,1.0,0.0,12.764583333333333,,11.811111111111112,141.89,179.13,0.2624568327577701,MG,home_confort,2017-06-14 20:17:04,2017-06-14 20:17:04,0,1.0,1.0857014479775785e-05,False,0.8721431561322729,123.7483924236082,0.00028335005891312154,Monitor (low volume)
2f9b7ce230a057a98a9f5df5893ee36c,2,4.5,0.0,0.0,3.725347222222222,5.898611111111111,10.457986111111111,141.82,85.92500000000001,0.5315221629031549,SP,housewares,2017-05-17 10:45:24,2017-06-18 16:13:28,32,1.9024999999999999,1.085165828121645e-05,False,-0.25571368773545416,0.0,0.0,Monitor (low volume)
d3891911c2feae53c52fea2bd14054e5,2,5.0,0.0,0.0,0.3892361111111111,3.279513888888889,4.0628472222222225,141.0,83.495,0.18271739130434783,SP,telephony,2018-06-04 19:02:10,2018-06-19 14:14:49,14,2.0,1.0788914240949932e-05,False,-0.25571368773545416,0.0,0.0,Monitor (low volume)
0e72c1a751b496722a6cb1f10653b62a,3,4.666666666666667,0.0,0.0,0.954861111111111,5.856944444444444,6.891898148148148,140.8,64.03333333333335,0.4685792514049016,SP,toys,2018-05-11 00:18:02,2018-07-30 21:42:57,80,1.1415,1.0773610816494686e-05,False,-0.3835705316031812,0.0,0.0,Monitor (low volume)
a218df5c097b0ca409cfaac1488cc7f6,4,2.75,0.25,0.0,4.7112847222222225,6.662152777777777,11.561979166666667,140.68,64.515,1.4328304703304209,SP,housewares,2018-05-03 22:16:54,2018-06-26 09:10:21,53,2.297358490566038,1.0764428761821536e-05,False,0.48857262452909167,17.183099204688155,3.934460946605029e-05,Monitor (low volume)
50a7e551a7b3f8d37cd6e32d8bfbe5ea,1,5.0,0.0,0.0,6.590277777777778,5.985416666666667,12.58611111111111,140.0,167.96,0.19971428571428573,SP,drinks,2018-07-24 22:15:53,2018-07-24 22:15:53,0,1.0,1.0712397118673691e-05,False,-0.12785684386772708,0.0,0.0,Monitor (low volume)
52a50b42accf164f9f019941e5759d9b,4,4.75,0.0,0.25,1.1772569444444445,4.027604166666666,5.381076388888888,139.96,49.255,0.41037047357871476,SP,food_drink,2018-08-02 19:52:43,2018-08-22 12:32:55,19,4.0,1.0709336433782643e-05,False,-0.5114273754709083,0.0,0.0,Monitor (low volume)
d8bf0fc082fd4a77fc2e5679b6c00133,1,5.0,0.0,0.0,0.08958333333333333,6.99375,7.093055555555556,139.9,149.04000000000002,0.0653323802716226,SP,construction_tools_construction,2018-07-20 14:50:31,2018-07-20 14:50:31,0,1.0,1.0704745406446069e-05,False,-0.12785684386772708,0.0,0.0,Monitor (low volume)
fa8d335d68129e464e60c1826a683e96,1,4.0,0.0,0.0,3.220138888888889,18.986805555555556,22.21875,139.9,174.68,0.24860614724803431,RS,auto,2017-10-20 08:49:05,2017-10-20 08:49:05,0,1.0,1.0704745406446069e-05,False,-0.12785684386772708,0.0,0.0,Monitor (low volume)
19d62d484cba71963c93f0f00ab42013,1,4.0,0.0,0.0,6.954861111111111,6.947916666666667,13.946527777777778,139.9,162.59,0.16218727662616156,SC,furniture_decor,2018-04-26 16:49:29,2018-04-26 16:49:29,0,1.0,1.0704745406446069e-05,False,-0.12785684386772708,0.0,0.0,Monitor (low volume)
e8ff5a6ceb895583033fc2a0f314e3c2,1,5.0,0.0,0.0,0.7222222222222222,2.4604166666666667,3.1881944444444446,139.89,158.96999999999997,0.13639288012009437,SC,diapers_and_hygiene,2018-08-26 14:17:08,2018-08-26 14:17:08,0,1.0,1.0703980235223304e-05,False,-0.12785684386772708,0.0,0.0,Monitor (low volume)
59bbc819b99a733f02f0d6b49d1c253d,2,5.0,0.0,0.0,0.3628472222222222,4.382291666666666,5.4586805555555555,139.8,81.375,0.16416309012875535,SP,housewares,2018-05-08 20:24:56,2018-06-26 23:09:41,49,1.2424489795918368,1.0697093694218445e-05,False,-0.25571368773545416,0.0,0.0,Monitor (low volume)
a154d7316f158bb42e6fa18bbe3afd3a,2,3.0,0.5,0.5,4.803819444444445,42.676388888888894,47.48472222222222,139.8,95.065,0.3600143061516452,SP,unknown,2017-03-06 16:42:52,2017-03-10 19:32:26,4,2.0,1.0697093694218445e-05,False,0.7442863122645458,52.02561322729176,0.00011912446120901754,Monitor (low volume)
1b0b0f4f95e962d6f32fe90c759d0479,2,5.0,0.0,0.0,5.590277777777778,3.85625,9.462152777777778,139.8,81.58500000000001,0.1671673819742489,SP,health_beauty,2017-12-01 12:05:20,2018-08-16 13:45:11,258,0.235968992248062,1.0697093694218445e-05,False,-0.25571368773545416,0.0,0.0,Monitor (low volume)
6a53b90c3ad9e0b56d9fe5c69165fff5,2,3.5,0.0,0.0,1.1118055555555555,10.74826388888889,11.870138888888889,139.78,97.38999999999999,0.4145312636278059,PR,telephony,2018-05-16 19:57:22,2018-08-03 00:15:35,78,0.7805128205128206,1.0695563351772919e-05,False,-0.25571368773545416,0.0,0.0,Monitor (low volume)
657969cca82e884d272385ec0ef06edd,3,4.666666666666667,0.0,0.0,1.2861111111111112,5.075694444444444,8.105555555555556,139.70000000000002,63.85333333333333,0.40225482439779575,RS,sports_leisure,2018-05-01 10:10:41,2018-07-31 17:45:44,91,1.0035164835164836,1.068944198199082e-05,False,-0.3835705316031812,0.0,0.0,Monitor (low volume)
26e2e5033827d2ba53929f43e03d8ffe,1,5.0,0.0,0.0,2.0548611111111112,3.204861111111111,5.269444444444445,139.49,154.78,0.10961359237221305,SP,furniture_decor,2018-08-25 12:50:59,2018-08-25 12:50:59,0,1.0,1.067337338631281e-05,False,-0.12785684386772708,0.0,0.0,Monitor (low volume)
4a5b36211b1f51bf7eaa5c10a57fa483,1,5.0,0.0,0.0,0.6548611111111111,3.373611111111111,4.035416666666666,139.19,155.26,0.11545369638623465,RJ,auto,2018-08-05 21:20:52,2018-08-05 21:20:52,0,1.0,1.0650418249629937e-05,False,-0.12785684386772708,0.0,0.0,Monitor (low volume)
57a834594e1e9e9219603bfec184eadc,1,5.0,0.0,0.0,0.9125,5.1875,6.1097222222222225,139.0,166.05,0.1946043165467626,RS,pet_shop,2018-06-03 14:21:44,2018-06-03 14:21:44,0,1.0,1.0635879996397452e-05,False,-0.12785684386772708,0.0,0.0,Monitor (low volume)
5a9b3bcab695173c820e53934574ae80,1,5.0,0.0,0.0,2.729861111111111,3.459722222222222,7.144444444444445,139.0,203.76999999999998,0.4659712230215827,SP,furniture_decor,2018-07-27 16:36:49,2018-07-27 16:36:49,0,1.0,1.0635879996397452e-05,False,-0.12785684386772708,0.0,0.0,Monitor (low volume)
f114dca2828bf718548db175ebe2cfcd,1,1.0,1.0,0.0,2.776388888888889,7.700694444444444,10.483333333333333,139.0,152.99,0.10064748201438849,PR,sports_leisure,2018-01-06 01:06:31,2018-01-06 01:06:31,0,1.0,1.0635879996397452e-05,False,0.8721431561322729,121.22789870238593,0.0002775788159061519,Monitor (low volume)
c747d5b92c7648417faea95d36d763e8,1,5.0,0.0,0.0,3.7006944444444443,9.120138888888889,12.95,139.0,224.75,0.6169064748201439,CE,furniture_living_room,2017-11-24 22:46:55,2017-11-24 22:46:55,0,1.0,1.0635879996397452e-05,False,-0.12785684386772708,0.0,0.0,Monitor (low volume)
712efd3b68f9686dc856b84abd0f21ae,1,4.0,0.0,0.0,2.120833333333333,5.1097222222222225,7.236805555555556,139.0,156.16,0.12345323741007194,PR,baby,2018-07-30 12:41:54,2018-07-30 12:41:54,0,1.0,1.0635879996397452e-05,False,-0.12785684386772708,0.0,0.0,Monitor (low volume)
96f7c797de9ca20efbe14545bed63eec,1,1.0,1.0,0.0,0.9111111111111111,1.0180555555555555,1.9465277777777779,138.60000000000002,176.97000000000003,0.2768398268398268,SP,perfumery,2018-04-10 21:46:56,2018-04-10 21:46:56,0,1.0,1.0605273147486957e-05,False,0.8721431561322729,120.87904143993305,0.0002767800279467098,Monitor (low volume)
717b78b0950b51ed00b1471d858b0edc,5,4.0,0.2,0.2,4.532916666666667,16.33597222222222,21.329583333333336,138.6,43.95,0.5954194684034502,SP,housewares,2018-01-21 23:47:05,2018-07-02 21:06:36,161,0.9453416149068323,1.0605273147486955e-05,False,0.36071578066136467,9.999041439933029,2.289507706396076e-05,Monitor (low volume)
044668ccd5316b12a7cf0d54a156e3e9,3,5.0,0.0,0.0,1.2682870370370372,6.563657407407407,7.846759259259259,137.8,63.78333333333333,0.43013862825003896,SP,food,2018-08-08 17:54:25,2018-08-20 21:07:24,12,3.0,1.0544059449665964e-05,False,-0.3835705316031812,0.0,0.0,Monitor (low volume)
0b64bcdb0784abc139af04077d49a20e,4,4.75,0.0,0.0,2.357638888888889,6.128472222222222,8.495138888888889,137.6,51.4525,0.4979176176856933,RS,health_beauty,2018-04-06 19:54:30,2018-07-13 10:56:30,97,1.255257731958763,1.0528756025210714e-05,False,-0.5114273754709083,0.0,0.0,Monitor (low volume)
ea846a0e7ad98a741783e886d89dfa44,2,5.0,0.0,0.0,0.44895833333333335,7.7086805555555555,10.27951388888889,137.0,96.13,0.40434356351236145,SP,perfumery,2018-08-07 09:30:10,2018-08-17 16:44:32,10,2.0,1.048284575184497e-05,False,-0.25571368773545416,0.0,0.0,Monitor (low volume)
db6a4d4b5f1f5f98820ce6ce2619e2de,1,5.0,0.0,0.0,0.5909722222222222,1.913888888888889,3.1131944444444444,135.99,148.15,0.08941833958379292,SP,luggage_accessories,2018-01-08 16:50:16,2018-01-08 16:50:16,0,1.0,1.0405563458345968e-05,False,-0.12785684386772708,0.0,0.0,Monitor (low volume)
377bc18334c78dd2f1535ef22a3ad225,1,5.0,0.0,0.0,1.81875,8.060416666666667,9.886805555555556,135.98,224.44,0.6505368436534784,PR,garden_tools,2018-08-18 20:59:58,2018-08-18 20:59:58,0,1.0,1.0404798287123204e-05,False,-0.12785684386772708,0.0,0.0,Monitor (low volume)
dd39ad39b5d3df33037e141c72497ba6,2,5.0,0.0,0.0,1.4409722222222223,7.209722222222222,8.67326388888889,135.8,82.42500000000001,0.35053559594554956,SP,toys,2017-05-03 10:35:16,2017-06-10 22:07:50,38,1.6021052631578947,1.0391025205113481e-05,False,-0.25571368773545416,0.0,0.0,Monitor (low volume)
7c4adcc13272c0e26fa23aac642adb7b,2,3.0,0.5,0.5,1.839236111111111,14.274305555555555,17.025347222222223,135.0,82.815,0.3571363636363636,RJ,auto,2018-01-28 10:24:50,2018-02-26 12:21:19,29,2.0,1.0329811507292488e-05,False,0.7442863122645458,50.23932607785684,0.00011503435095291392,Monitor (low volume)
59de1d4c8c057c2a53acd4ca66531af2,1,5.0,0.0,0.0,7.401388888888889,11.270138888888889,18.68125,135.0,156.75,0.16111111111111112,PR,computers_accessories,2017-11-10 07:56:18,2017-11-10 07:56:18,0,1.0,1.0329811507292488e-05,False,-0.12785684386772708,0.0,0.0,Monitor (low volume)
83c8aafbefb034674a70de0eac5b8954,2,5.0,0.0,0.0,0.31875,4.418402777777778,5.073263888888889,134.9,92.935,0.3820113918761408,PR,auto,2018-03-28 21:35:46,2018-07-10 10:30:04,103,0.5910679611650486,1.0322159795064866e-05,False,-0.25571368773545416,0.0,0.0,Monitor (low volume)
92c8bc6e8f925792247656fed09aad65,2,3.0,0.5,0.5,1.0538194444444444,12.349652777777777,13.43576388888889,134.8,80.62,0.22647663805546067,SP,housewares,2017-08-30 17:50:54,2017-09-11 16:48:06,11,2.0,1.0314508082837242e-05,False,0.7442863122645458,50.16489744663039,0.00011486392969224295,Monitor (low volume)
5def4c3732941a971cba8fdee992ede1,5,4.6,0.0,0.0,0.611111111111111,3.934861111111111,4.562777777777778,134.8,40.208,0.7133492393172196,SP,costruction_tools_tools,2018-08-02 12:07:17,2018-08-28 18:49:20,26,5.0,1.0314508082837242e-05,False,-0.6392842193386354,0.0,0.0,Monitor (low volume)
8e4f041ff58e7845456d3482524014b3,2,3.0,0.5,0.5,1.6395833333333334,22.432291666666668,24.080555555555556,133.8,91.19500000000001,0.3631539611360239,RS,baby,2018-02-06 16:04:20,2018-03-03 19:36:34,25,2.0,1.0237990960561e-05,False,0.7442863122645458,49.79275429049812,0.00011401182338888803,Monitor (low volume)
062c325cd6a2b87845fab56b4ec2eeae,2,5.0,0.0,0.0,1.672222222222222,3.6798611111111112,5.495486111111111,133.22,78.54,0.19577318900244534,SP,stationery,2018-05-07 11:48:13,2018-08-01 21:33:30,86,0.707906976744186,1.019361102964078e-05,False,-0.25571368773545416,0.0,0.0,Monitor (low volume)
c87abc38c8ed3240861729e1aeadf221,1,1.0,1.0,0.0,1.3479166666666667,8.335416666666667,10.747916666666667,133.0,148.68,0.11789473684210526,SP,fashion_bags_accessories,2017-12-26 02:35:27,2017-12-26 02:35:27,0,1.0,1.0176777262740007e-05,False,0.8721431561322729,115.9950397655923,0.00026559699651451944,Monitor (low volume)
7adbd3210a7b3cc2235e225eef33574d,3,4.666666666666667,0.0,0.0,1.5993055555555555,7.522916666666667,10.07685185185185,131.9,68.28666666666668,0.7270172417916158,SP,housewares,2018-06-30 21:39:57,2018-08-14 19:39:04,44,2.0754545454545457,1.0092608428236144e-05,False,-0.3835705316031812,0.0,0.0,Monitor (low volume)
fedf2c1386e137f296b3bbf3b635e69d,2,3.5,0.5,0.0,6.077083333333333,3.4371527777777775,10.332291666666666,131.74,105.45,0.8143041000183858,SP,home_construction,2018-02-28 09:08:07,2018-05-23 20:01:45,84,0.7247619047619048,1.0080365688671945e-05,False,0.7442863122645458,49.02613938886564,0.00011225648440397691,Monitor (low volume)
e819bcfade7b5d88a27325eb6cfd62c5,4,5.0,0.0,0.25,8.047048611111112,3.1750000000000003,11.285416666666666,131.29999999999998,51.082499999999996,0.5431950690645656,SP,furniture_decor,2018-07-20 14:35:51,2018-08-15 22:05:09,26,4.0,1.0046698154870397e-05,False,-0.5114273754709083,0.0,0.0,Monitor (low volume)
2f3d8b4c9e2ee165075331fea3f3095a,1,5.0,0.0,0.0,5.076388888888889,7.242361111111111,12.330555555555556,130.0,147.35,0.13346153846153846,SC,unknown,2017-10-13 10:57:04,2017-10-13 10:57:04,0,1.0,9.947225895911285e-06,False,-0.12785684386772708,0.0,0.0,Monitor (low volume)
9fe7c6641c79970ab48185498f547c09,1,5.0,0.0,0.0,5.345138888888889,11.358333333333333,17.92013888888889,130.0,164.71,0.267,SP,luggage_accessories,2017-07-10 20:58:17,2017-07-10 20:58:17,0,1.0,9.947225895911285e-06,False,-0.12785684386772708,0.0,0.0,Monitor (low volume)
e5def42655b7490edac5a56fe8e9e603,1,5.0,0.0,0.0,0.5902777777777778,5.238194444444445,5.834722222222222,129.9,141.42000000000002,0.08868360277136259,SP,watches_gifts,2017-03-28 21:56:39,2017-03-28 21:56:39,0,1.0,9.939574183683661e-06,False,-0.12785684386772708,0.0,0.0,Monitor (low volume)
b6f52e346160519c24a23af05410ad32,1,4.0,0.0,0.0,1.2416666666666667,11.354861111111111,12.609722222222222,129.9,143.25,0.10277136258660508,SP,health_beauty,2018-04-26 08:13:16,2018-04-26 08:13:16,0,1.0,9.939574183683661e-06,False,-0.12785684386772708,0.0,0.0,Monitor (low volume)
0f80a40c312b2472dca482cf50f5186f,1,3.0,0.0,0.0,0.11180555555555556,5.2034722222222225,5.324305555555555,129.9,150.0,0.15473441108545036,SP,perfumery,2018-08-22 11:12:30,2018-08-22 11:12:30,0,1.0,9.939574183683661e-06,False,-0.12785684386772708,0.0,0.0,Monitor (low volume)
44ed138eca6214d572ce1d813fb0049b,2,4.5,0.0,0.0,2.91875,5.583333333333334,8.518055555555556,129.79,92.9,0.43713712667345495,RS,sports_leisure,2018-08-08 00:43:30,2018-08-21 09:31:11,13,2.0,9.931157300233274e-06,False,-0.25571368773545416,0.0,0.0,Monitor (low volume)
63b9ae557efed31d1f7687917d248a8d,4,4.0,0.25,0.0,2.507118055555556,14.464583333333334,17.569097222222222,129.5,54.4475,1.0619718509728338,SP,furniture_decor,2017-01-23 18:29:09,2017-02-13 19:14:05,21,4.0,9.908967334773165e-06,False,0.48857262452909167,15.817538719129344,3.621784849199255e-05,Monitor (low volume)
45c20d94d9171b0bcfab3c955e47d67b,4,4.5,0.0,0.0,1.9560763888888888,12.406076388888888,14.430729166666667,129.45999999999998,52.6425,1.3162478259646917,SP,housewares,2017-05-05 13:35:44,2017-08-30 17:53:35,117,1.0406837606837607,9.905906649882113e-06,False,-0.5114273754709083,0.0,0.0,Monitor (low volume)
e4fc40017a6d22c46a14ac2e17f87c3e,1,5.0,0.0,0.0,5.679166666666666,4.54375,10.291666666666666,129.0,170.29,0.32007751937984497,PR,furniture_bedroom,2017-05-30 15:55:30,2017-05-30 15:55:30,0,1.0,9.870708773635044e-06,False,-0.12785684386772708,0.0,0.0,Monitor (low volume)
ef728fa1f17436c91ed1ccd03dcf9631,3,4.333333333333333,0.0,0.0,0.5046296296296297,3.5164351851851854,4.7905092592592595,128.7,62.27333333333333,0.6167155672377123,SP,arts_and_craftmanship,2018-07-23 18:35:14,2018-08-23 12:31:37,30,3.0,9.847753636952172e-06,False,-0.3835705316031812,0.0,0.0,Monitor (low volume)
538caafddff204241cecbf3a02e6b3cf,8,2.75,0.5,0.5,12.94513888888889,3.9791666666666665,17.31154513888889,128.4,27.35125,0.6972973621103118,SP,baby,2017-05-16 11:42:33,2018-07-12 11:24:13,421,0.5784323040380047,9.824798500269301e-06,False,2.977145249058183,47.783181247383844,0.00010941044935077147,Monitor (low volume)
5bc237df65098fe211bb4818f4d26d78,2,4.5,0.0,0.0,0.7597222222222222,10.035416666666666,12.480208333333334,126.80000000000001,91.945,0.43942457658628853,MG,computers_accessories,2017-02-09 13:21:46,2017-09-15 19:24:57,218,0.2792660550458716,9.702371104627317e-06,False,-0.25571368773545416,0.0,0.0,Monitor (low volume)
7c9130f5f3729edd32aa059141d92484,3,3.3333333333333335,0.3333333333333333,0.0,2.775,4.665972222222222,7.452777777777778,126.0,64.38333333333333,0.5051851851851852,SP,computers_accessories,2018-06-20 18:53:42,2018-08-23 11:30:22,63,1.4495238095238094,9.641157406806322e-06,False,0.6164294683968187,25.890037672666384,5.9281123222199016e-05,Monitor (low volume)
934ed5cd1b9c1c7382d0a94a94b9e639,1,5.0,0.0,0.0,1.8666666666666667,11.254166666666666,13.127777777777778,125.85,152.47,0.2115216527612237,PR,unknown,2017-02-11 13:15:40,2017-02-11 13:15:40,0,1.0,9.629679838464887e-06,False,-0.12785684386772708,0.0,0.0,Monitor (low volume)
788f22bafdd7ab0e1e79f19db72f16a4,2,4.5,0.0,0.0,0.6638888888888889,3.2364583333333337,3.5413194444444445,125.80000000000001,76.02000000000001,0.20140143982842854,SP,auto,2018-08-16 15:46:02,2018-08-21 22:02:04,5,2.0,9.625853982351075e-06,False,-0.25571368773545416,0.0,0.0,Monitor (low volume)
570d4583587a5fe2d47c7be89b91ad27,2,5.0,0.0,0.0,2.1690972222222222,3.5711805555555554,5.748958333333333,125.25,74.46000000000001,0.22607941443433843,SP,health_beauty,2017-06-30 20:48:51,2017-07-05 21:55:49,5,2.0,9.583769565099142e-06,False,-0.25571368773545416,0.0,0.0,Monitor (low volume)
57df9869a600bd6b7c405f2a862eccfb,5,4.4,0.0,0.0,1.9640277777777775,5.035416666666666,7.289583333333333,125.0,39.44199999999999,0.5776800000000001,MG,housewares,2018-04-12 21:38:02,2018-08-14 18:05:19,123,1.2373983739837398,9.564640284530082e-06,False,-0.6392842193386354,0.0,0.0,Monitor (low volume)
c092292535a57dacd95a8765f5518f87,1,5.0,0.0,0.0,0.74375,7.334027777777778,8.097916666666666,125.0,143.98,0.15184,RJ,toys,2018-07-05 16:07:58,2018-07-05 16:07:58,0,1.0,9.564640284530082e-06,False,-0.12785684386772708,0.0,0.0,Monitor (low volume)
6cf476a4ca74498db55cbccdaa9dcfb6,4,3.0,0.5,0.5,14.982291666666667,10.090277777777779,25.37795138888889,124.94999999999999,49.285,0.5769307723089235,SP,fashion_underwear_beach,2017-02-04 19:06:36,2017-04-09 22:51:08,64,1.9024999999999999,9.56081442841627e-06,False,1.4885726245290916,46.49928735872749,0.00010647068260419698,Monitor (low volume)
ff82e8873fba613f2261a9acc896fd84,4,3.5,0.25,0.0,0.8741319444444444,8.237152777777778,9.541145833333333,124.6,45.8825,0.6712908632513607,MG,baby,2017-12-06 12:41:52,2018-02-16 19:30:29,72,1.691111111111111,9.534033435619586e-06,False,0.48857262452909167,15.219037254081204,3.4847443413917156e-05,Monitor (low volume)
693660429f9dc4ff704eb3d88dad54d7,2,4.0,0.0,0.0,0.7715277777777778,2.5027777777777778,3.579513888888889,124.0,74.06,0.19451612903225807,SP,electronics,2018-07-22 17:24:17,2018-07-23 17:01:07,0,2.0,9.488123162253841e-06,False,-0.25571368773545416,0.0,0.0,Monitor (low volume)
08061dc0fc165ed41288cc7acde738ee,4,4.5,0.0,0.25,7.404340277777778,11.425520833333334,20.067881944444444,123.80000000000001,45.555,1.398748363160192,SP,computers_accessories,2017-03-23 00:48:00,2017-11-14 12:48:34,236,0.5159322033898306,9.472819737798595e-06,False,-0.5114273754709083,0.0,0.0,Monitor (low volume)
902c99f1ac505c0d18778b61bcd636f7,3,5.0,0.0,0.0,1.911574074074074,2.926388888888889,4.851388888888889,123.47,68.43,1.001309621391925,SP,housewares,2018-07-18 20:38:18,2018-08-10 16:55:53,22,3.0,9.447569087447433e-06,False,-0.3835705316031812,0.0,0.0,Monitor (low volume)
8d92f3ea807b89465643c219455e7369,3,1.0,1.0,0.6666666666666666,35.72569444444444,8.190277777777778,45.54907407407408,121.19999999999999,84.25666666666667,1.6622267488860307,SP,unknown,2017-01-25 16:38:10,2017-02-26 05:12:17,31,2.945806451612903,9.273875219880367e-06,False,2.616429468396819,105.70375052323148,0.00024203275171097563,Monitor (low volume)
89757206b887aed36f3e18d858460fea,2,5.0,0.0,0.0,0.12152777777777778,9.176041666666666,9.605902777777779,120.5,88.07,0.46265822784810123,SP,stationery,2018-05-03 11:45:49,2018-07-04 21:45:50,62,0.9819354838709677,9.220313234286998e-06,False,-0.25571368773545416,0.0,0.0,Monitor (low volume)
876182d1918783bbe15233febfbd4926,3,4.0,0.0,0.0,5.971759259259259,2.5085648148148145,9.279166666666667,120.27,51.666666666666664,0.325754104240421,SP,computers_accessories,2017-05-15 13:51:50,2018-02-27 22:26:24,288,0.31708333333333333,9.202714296163463e-06,False,-0.3835705316031812,0.0,0.0,Monitor (low volume)
7994081388d55b9cf976c050653dd359,1,5.0,0.0,0.0,4.891666666666667,8.06875,12.970138888888888,120.0,134.6,0.12166666666666666,SP,computers_accessories,2017-02-09 14:29:29,2017-02-09 14:29:29,0,1.0,9.18205467314888e-06,False,-0.12785684386772708,0.0,0.0,Monitor (low volume)
003554e2dce176b5555353e4f3555ac8,1,5.0,0.0,0.0,0.5236111111111111,4.1097222222222225,4.646527777777778,120.0,139.38,0.1615,GO,unknown,2017-12-15 06:52:25,2017-12-15 06:52:25,0,1.0,9.18205467314888e-06,False,-0.12785684386772708,0.0,0.0,Monitor (low volume)
a353b1083c9863d756d9404695016d64,1,5.0,0.0,0.0,5.685416666666667,15.01736111111111,20.713194444444444,120.0,137.09,0.14241666666666666,ES,musical_instruments,2017-12-07 23:37:37,2017-12-07 23:37:37,0,1.0,9.18205467314888e-06,False,-0.12785684386772708,0.0,0.0,Monitor (low volume)
bdf0d02d36a1d839d0c39c4a887cdd49,5,5.0,0.0,0.0,1.3665277777777778,6.9702777777777785,8.346805555555555,120.0,43.190000000000005,0.8907999999999999,SP,home_appliances,2018-01-07 18:31:16,2018-02-04 20:00:08,28,5.0,9.18205467314888e-06,False,-0.6392842193386354,0.0,0.0,Monitor (low volume)
698f5fa55a5f73d0740e9d9a773e8093,4,4.75,0.0,0.0,0.4005208333333333,5.180729166666667,6.034895833333334,120.0,50.9975,0.8565416666666666,RJ,health_beauty,2018-06-12 17:26:43,2018-06-20 08:57:50,7,4.0,9.18205467314888e-06,False,-0.5114273754709083,0.0,0.0,Monitor (low volume)
bba8d0c234a52b87b3957037a215d1a4,1,5.0,0.0,0.0,10.790277777777778,13.041666666666666,23.839583333333334,120.0,139.53,0.16275,GO,furniture_decor,2018-05-04 19:24:09,2018-05-04 19:24:09,0,1.0,9.18205467314888e-06,False,-0.12785684386772708,0.0,0.0,Monitor (low volume)
1927cdb9fa74f5270097f6250e8e8f34,1,5.0,0.0,0.0,,8.157638888888888,8.129166666666666,120.0,178.92000000000002,0.491,SP,drinks,2018-08-06 15:47:47,2018-08-06 15:47:47,0,1.0,9.18205467314888e-06,False,-0.12785684386772708,0.0,0.0,Monitor (low volume)
35281d148dcf7134bae913c57db4e6da,1,5.0,0.0,0.0,3.464583333333333,1.8020833333333333,5.275,119.99,137.01999999999998,0.1419284940411701,SP,housewares,2018-07-19 19:38:45,2018-07-19 19:38:45,0,1.0,9.181289501926117e-06,False,-0.12785684386772708,0.0,0.0,Monitor (low volume)
07a9bc7f61396b658ddf3ac534efe44c,1,4.0,0.0,0.0,1.1166666666666667,4.870833333333334,5.995138888888889,119.9,135.49,0.1300250208507089,SP,toys,2017-06-26 11:44:22,2017-06-26 11:44:22,0,1.0,9.174402960921255e-06,False,-0.12785684386772708,0.0,0.0,Monitor (low volume)
a150c540f572d0fb53992264bc5c10b5,1,4.0,0.0,0.0,1.7833333333333334,9.067361111111111,10.858333333333333,119.9,135.49,0.1300250208507089,SP,consoles_games,2018-02-04 22:19:12,2018-02-04 22:19:12,0,1.0,9.174402960921255e-06,False,-0.12785684386772708,0.0,0.0,Monitor (low volume)
674207551483fec113276b67b0d871ff,1,5.0,0.0,0.0,0.7013888888888888,1.1576388888888889,1.8694444444444445,119.9,133.84,0.11626355296080065,SP,housewares,2018-07-05 16:36:38,2018-07-05 16:36:38,0,1.0,9.174402960921255e-06,False,-0.12785684386772708,0.0,0.0,Monitor (low volume)
7c4402417d51474d4d0cda9557340e40,1,5.0,0.0,0.0,1.88125,4.238194444444445,7.122222222222222,119.9,147.59,0.23094245204336947,SP,housewares,2017-05-08 16:31:38,2017-05-08 16:31:38,0,1.0,9.174402960921255e-06,False,-0.12785684386772708,0.0,0.0,Monitor (low volume)
d1aa1ec0839dcab73a6161130eb1f94a,1,4.0,0.0,1.0,13.41388888888889,19.823611111111113,35.022222222222226,119.9,136.04000000000002,0.13461217681401166,PR,furniture_decor,2017-04-19 10:20:51,2017-04-19 10:20:51,0,1.0,9.174402960921255e-06,False,-0.12785684386772708,0.0,0.0,Monitor (low volume)
e9b6c33b71b67737693b4cfa68341c8d,1,4.0,0.0,0.0,7.678472222222222,2.83125,11.771527777777777,119.9,141.39000000000001,0.17923269391159297,SP,housewares,2017-08-16 20:08:12,2017-08-16 20:08:12,0,1.0,9.174402960921255e-06,False,-0.12785684386772708,0.0,0.0,Monitor (low volume)
be1e9e378700cecaa4ebf71433d7915c,2,3.0,0.5,1.0,4.223263888888889,43.251041666666666,48.175694444444446,119.89000000000001,78.755,0.30285846868944605,SP,unknown,2017-11-19 11:04:14,2018-01-22 17:08:00,64,0.9512499999999999,9.173637789698494e-06,False,0.7442863122645458,44.616242988698204,0.00010215902470922113,Monitor (low volume)
8eb88b0acb3f90a717ad659221471fa7,2,4.5,0.0,0.0,0.7614583333333333,10.628472222222221,12.252083333333333,119.8,80.335,0.3411519198664441,SC,fashion_bags_accessories,2017-09-19 09:59:54,2018-02-04 17:52:21,138,0.44115942028985505,9.16675124869363e-06,False,-0.25571368773545416,0.0,0.0,Monitor (low volume)
910a922b426b7ff95eaee129ad6c0e1f,2,5.0,0.0,0.0,1.7850694444444446,11.576041666666667,14.63125,119.8,75.47999999999999,0.2601001669449082,SP,sports_leisure,2018-04-04 12:36:36,2018-04-11 21:06:07,7,2.0,9.16675124869363e-06,False,-0.25571368773545416,0.0,0.0,Monitor (low volume)
bf0045791395e66460eb04749c68672a,2,4.0,0.0,0.0,3.5701388888888888,10.671180555555555,14.245833333333334,119.8,77.625,0.2959098497495827,SP,stationery,2017-02-07 13:50:56,2017-03-15 21:04:08,36,1.691111111111111,9.16675124869363e-06,False,-0.25571368773545416,0.0,0.0,Monitor (low volume)
a9b533a26e898b12e8b8d4c07279bf4d,4,5.0,0.0,0.0,5.347048611111111,8.713194444444444,15.1625,119.6,47.765,0.5974916387959867,RJ,books_general_interest,2017-07-31 08:08:14,2017-12-08 19:31:04,130,0.9366153846153846,9.151447824238381e-06,False,-0.5114273754709083,0.0,0.0,Monitor (low volume)
22c32ec35d0116ef02c281798a25bf8b,4,3.75,0.0,0.0,0.7342013888888889,10.246006944444446,11.456076388888889,119.58,52.5025,0.6963554364578954,PR,sports_leisure,2018-01-30 05:33:26,2018-02-22 19:15:25,23,4.0,9.149917481792857e-06,False,-0.5114273754709083,0.0,0.0,Monitor (low volume)
36f98ad67cc981f50ce8aed093d5783c,2,4.0,0.0,0.0,0.37430555555555556,5.386111111111111,6.107986111111112,119.4,79.31,0.3371867435158501,PR,electronics,2018-07-25 11:04:58,2018-08-01 23:43:21,7,2.0,9.136144399783135e-06,False,-0.25571368773545416,0.0,0.0,Monitor (low volume)
fc38b5dceee1a730fad8853453437fbd,5,4.6,0.0,0.0,2.7733333333333334,4.432777777777778,7.968333333333334,119.2,35.602,0.5358206927575349,SP,perfumery,2017-04-05 08:23:43,2017-12-15 19:13:52,254,0.5992125984251968,9.120840975327887e-06,False,-0.6392842193386354,0.0,0.0,Monitor (low volume)
fc908879b9ca1bd65419e54e50432d38,4,5.0,0.0,0.0,3.3746527777777775,4.852083333333333,8.675,119.19999999999999,42.97,0.4438674812030075,SP,books_general_interest,2017-12-18 10:29:38,2018-07-25 21:39:51,219,0.5559817351598174,9.120840975327885e-06,False,-0.5114273754709083,0.0,0.0,Monitor (low volume)
4ce8b55b4bfa4659184e7becc1fba3f2,1,5.0,0.0,0.0,0.15416666666666667,7.658333333333333,9.002777777777778,119.0,146.56,0.23159663865546218,PR,auto,2018-04-23 13:47:32,2018-04-23 13:47:32,0,1.0,9.105537550872638e-06,False,-0.12785684386772708,0.0,0.0,Monitor (low volume)
fd312b6bf05efac6c3772d5b52205d8a,2,5.0,0.0,0.0,2.1260416666666666,4.2444444444444445,6.378125,118.69999999999999,82.16,0.3842386335890433,SP,health_beauty,2017-03-29 17:44:04,2017-06-26 16:04:07,88,0.6918181818181819,9.082582414189764e-06,False,-0.25571368773545416,0.0,0.0,Monitor (low volume)
e9c2dc0dd4ac38448289be644ac94f42,3,5.0,0.0,0.0,0.539236111111111,4.877083333333334,5.39212962962963,118.39,58.20333333333334,0.6120355185498781,SC,toys,2018-07-03 23:37:11,2018-08-21 22:39:47,48,1.9025,9.05886210628413e-06,False,-0.3835705316031812,0.0,0.0,Monitor (low volume)
204b4e07bddef3c9b317f70189135b22,1,5.0,0.0,0.0,2.8631944444444444,7.314583333333333,10.188194444444445,118.25,147.71,0.24913319238900636,MG,bed_bath_table,2018-07-27 17:29:41,2018-07-27 17:29:41,0,1.0,9.048149709165458e-06,False,-0.12785684386772708,0.0,0.0,Monitor (low volume)
4c60877808f4318ef1107fbeb8f89afa,2,4.0,0.0,0.0,9.464583333333334,5.552777777777778,15.194097222222222,118.0,75.315,0.2906904761904762,SP,computers_accessories,2017-12-01 18:40:44,2018-01-16 14:33:54,45,1.352888888888889,9.029020428596397e-06,False,-0.25571368773545416,0.0,0.0,Monitor (low volume)
aa1eb17b9fdf6dfd546e25c45c7b9235,3,4.666666666666667,0.0,0.0,0.5541666666666667,6.33726851851852,7.751620370370371,117.99,51.419999999999995,0.332139335476956,SP,health_beauty,2017-12-01 11:14:08,2018-04-25 19:27:16,145,0.6297931034482759,9.028255257373634e-06,False,-0.3835705316031812,0.0,0.0,Monitor (low volume)
fc5a0d7a310a7a41abf86a458585ff2b,1,4.0,0.0,0.0,11.717361111111112,2.204861111111111,13.92986111111111,117.9,136.97,0.16174724342663274,SP,books_general_interest,2017-06-02 16:34:22,2017-06-02 16:34:22,0,1.0,9.021368716368775e-06,False,-0.12785684386772708,0.0,0.0,Monitor (low volume)
b416191c9813d821a295cfabafff4161,2,2.5,0.5,0.0,1.2284722222222222,16.69097222222222,19.29861111111111,117.8,75.07,0.2745331069609508,SP,unknown,2017-07-28 14:33:15,2017-08-16 13:35:48,18,2.0,9.013717004141149e-06,False,0.7442863122645458,43.838463792381745,0.00010037812253520934,Monitor (low volume)
40ec8ab6cdafbcc4f544da38c67da39a,2,5.0,0.0,0.0,1.8586805555555554,4.711111111111111,6.578819444444445,117.8,78.5,0.33276740237691005,PR,housewares,2018-08-01 22:00:33,2018-08-10 13:24:35,8,2.0,9.013717004141149e-06,False,-0.25571368773545416,0.0,0.0,Monitor (low volume)
13dd308f81fea30cc670c656b2b46cc3,3,5.0,0.0,0.3333333333333333,1.215277777777778,2.408796296296296,3.6381944444444443,117.69999999999999,50.379999999999995,0.2849273999050755,SP,health_beauty,2018-07-30 23:51:39,2018-08-27 19:32:27,27,3.0,9.006065291913525e-06,False,-0.3835705316031812,0.0,0.0,Monitor (low volume)
9bade61a92bed55a25d2b67b9f4ed739,2,3.0,0.5,0.0,4.768402777777778,4.767013888888889,9.656944444444445,117.68,87.4,0.47652495494164393,PR,baby,2018-03-07 16:42:57,2018-03-29 11:34:59,21,2.0,9.004534949468e-06,False,0.7442863122645458,43.79380661364588,0.00010027586977880676,Monitor (low volume)
bca9230d3bbb4efa51872bf605a2f1ad,5,4.0,0.2,0.2,4.056805555555556,2.315,7.055555555555555,117.57,33.64,0.4296278644798666,SP,books_general_interest,2018-06-07 14:01:50,2018-08-27 23:30:28,81,1.8790123456790124,8.996118066017613e-06,False,0.36071578066136467,8.48187086647133,1.9421170349277537e-05,Monitor (low volume)
9bf11dfc0bec77e5a23028043c3c5a8f,1,1.0,1.0,1.0,2.732638888888889,28.690277777777776,31.544444444444444,115.0,132.06,0.1483478260869565,MG,auto,2017-11-24 22:36:53,2017-11-24 22:36:53,0,1.0,8.799469061767675e-06,False,0.8721431561322729,100.29646295521138,0.00022965153833962208,Monitor (low volume)
93bef6edaa84956e8e575016449b6351,1,5.0,0.0,0.0,2.622916666666667,7.291666666666667,9.925694444444444,115.0,129.56,0.12660869565217392,SP,sports_leisure,2017-07-28 21:49:59,2017-07-28 21:49:59,0,1.0,8.799469061767675e-06,False,-0.12785684386772708,0.0,0.0,Monitor (low volume)
781a66c0d89e30814d49fe8b5e14cd07,1,1.0,1.0,1.0,14.122916666666667,18.99375,33.12291666666667,115.0,136.3,0.18521739130434783,SP,cool_stuff,2017-11-15 12:41:09,2017-11-15 12:41:09,0,1.0,8.799469061767675e-06,False,0.8721431561322729,100.29646295521138,0.00022965153833962208,Monitor (low volume)
8c351ed7c326c62123318f4f3246e906,2,5.0,0.0,0.0,0.46319444444444446,8.526736111111111,10.104861111111111,114.9,75.33,0.3105076642889664,SP,computers_accessories,2017-12-27 09:08:17,2018-08-18 23:03:24,234,0.26017094017094017,8.791817349540053e-06,False,-0.25571368773545416,0.0,0.0,Monitor (low volume)
039b29ff3b3473435d0cd59040575de9,9,4.444444444444445,0.0,0.0,3.9875000000000003,4.984490740740741,9.107793209876544,114.9,23.950000000000003,0.908071242616469,SP,music,2018-04-26 11:32:03,2018-08-23 13:56:52,119,2.30218487394958,8.791817349540053e-06,False,-1.1507115948095437,0.0,0.0,Monitor (low volume)
296729ffb9b684050dd24836dac4494a,2,5.0,0.0,0.0,1.290625,5.295138888888889,7.269791666666666,114.0,74.805,0.31231895223420647,SP,cool_stuff,2018-05-10 10:11:34,2018-08-02 19:54:25,84,0.7247619047619048,8.722951939491435e-06,False,-0.25571368773545416,0.0,0.0,Monitor (low volume)
4c4d546adf3c3868fe19c9ec6e9ffda9,2,4.0,0.0,0.0,2.4027777777777777,4.456944444444444,6.870486111111111,111.69999999999999,78.54499999999999,0.4028309045275016,PR,pet_shop,2018-06-07 09:19:48,2018-08-16 15:54:42,70,0.8697142857142857,8.54696255825608e-06,False,-0.25571368773545416,0.0,0.0,Monitor (low volume)
8f0fbe2cd4d472157dc1cdef6edecaa9,2,3.0,0.5,0.0,2.1645833333333333,5.051388888888889,7.663194444444445,110.38,69.59,0.397964545608394,SP,garden_tools,2017-07-14 09:21:51,2017-09-11 22:51:42,59,1.0318644067796612,8.445959956851443e-06,False,0.7442863122645458,41.07716157388028,9.405549376431584e-05,Monitor (low volume)
28d162ab86bb49d719c32f0ee6186eaa,1,4.0,0.0,0.0,0.3902777777777778,15.988194444444444,16.38888888888889,109.99,127.19999999999999,0.15646876988817165,SP,sports_leisure,2017-09-19 10:20:27,2017-09-19 10:20:27,0,1.0,8.416118279163709e-06,False,-0.12785684386772708,0.0,0.0,Monitor (low volume)
e732329483fd5f27367dd997b47f598a,1,5.0,0.0,0.0,1.06875,11.072916666666666,12.152777777777779,109.9,144.47,0.3145586897179254,SC,fashion_bags_accessories,2017-08-31 15:28:40,2017-08-31 15:28:40,0,1.0,8.409231738158848e-06,False,-0.12785684386772708,0.0,0.0,Monitor (low volume)
4be9ae93c4fc0f41713d71a4194ee1b3,1,5.0,0.0,0.0,4.875,6.207638888888889,11.088888888888889,109.9,136.97,0.2463148316651501,MG,sports_leisure,2018-08-17 17:26:08,2018-08-17 17:26:08,0,1.0,8.409231738158848e-06,False,-0.12785684386772708,0.0,0.0,Monitor (low volume)
2c9005d8043aff18b8557ffb7b13cda4,1,5.0,0.0,0.0,1.8534722222222222,5.129861111111111,7.852083333333334,109.9,129.64000000000001,0.17961783439490445,ES,furniture_decor,2018-05-07 21:00:33,2018-05-07 21:00:33,0,1.0,8.409231738158848e-06,False,-0.12785684386772708,0.0,0.0,Monitor (low volume)
7bb8fac2913a6064ec412e583c6d8b4d,1,5.0,0.0,0.0,0.42569444444444443,4.420833333333333,4.895833333333333,109.0,125.52,0.15155963302752293,SP,unknown,2018-02-02 13:40:38,2018-02-02 13:40:38,0,1.0,8.34036632811023e-06,False,-0.12785684386772708,0.0,0.0,Monitor (low volume)
db7ed69a53aa9fb1c01930ba54a88bbe,1,5.0,0.0,0.0,2.5097222222222224,1.1229166666666666,3.954861111111111,109.0,120.78,0.10807339449541284,SP,sports_leisure,2018-06-22 18:52:53,2018-06-22 18:52:53,0,1.0,8.34036632811023e-06,False,-0.12785684386772708,0.0,0.0,Monitor (low volume)
4cc43a222a0f94910728b62b97a8c5f8,1,3.0,0.0,0.0,2.204861111111111,11.927083333333334,14.145138888888889,108.5,120.76,0.11299539170506913,SP,perfumery,2018-01-31 14:13:06,2018-01-31 14:13:06,0,1.0,8.302107766972112e-06,False,-0.12785684386772708,0.0,0.0,Monitor (low volume)
bb3dca718920a4d7ec3cc9ffb025108b,2,3.0,0.5,0.0,4.011111111111111,7.644444444444444,11.942361111111111,108.0,100.85,0.9979166666666667,SP,health_beauty,2017-02-08 13:09:38,2017-02-15 17:55:10,7,2.0,8.263849205833991e-06,False,0.7442863122645458,40.191460862285474,9.202748076233114e-05,Monitor (low volume)
e88165a185134e13fdfc85d4fa654db8,2,3.0,0.5,0.5,0.4024305555555555,7.769097222222222,9.153472222222222,108.0,74.61,0.41322222222222216,SP,sports_leisure,2018-05-16 20:57:48,2018-06-18 09:27:06,32,1.9024999999999999,8.263849205833991e-06,False,0.7442863122645458,40.191460862285474,9.202748076233114e-05,Monitor (low volume)
3903c788ded8dc03b5ebab37a2f3e9a1,4,4.25,0.0,0.25,4.751736111111111,4.914583333333334,10.325694444444444,107.97999999999999,37.92,0.4302320236154823,SP,housewares,2018-06-18 21:49:23,2018-08-05 14:00:06,47,2.5906382978723403,8.262318863388465e-06,False,-0.5114273754709083,0.0,0.0,Monitor (low volume)
941554c5757b73ba0e50aa7732310afc,3,4.666666666666667,0.0,0.0,1.8613425925925924,6.244675925925925,8.114583333333334,107.69,55.449999999999996,0.5415788960970688,SP,garden_tools,2017-03-05 20:17:09,2017-05-31 17:23:00,86,1.061860465116279,8.240128897928356e-06,False,-0.3835705316031812,0.0,0.0,Monitor (low volume)
c26ba52cf8d2f34915f2f6b7ffa0a3f3,3,5.0,0.0,0.0,2.55625,4.814814814814815,7.716898148148148,107.47,48.74,0.4388771520008649,RJ,unknown,2017-12-10 22:31:27,2018-01-16 22:32:22,37,2.468108108108108,8.223295131027584e-06,False,-0.3835705316031812,0.0,0.0,Monitor (low volume)
44717f64ec2a457979cf83c429077666,2,5.0,0.0,0.0,0.7468750000000001,3.7072916666666664,5.807291666666666,107.0,85.45500000000001,0.6996987480438185,RS,construction_tools_lights,2018-08-01 00:48:09,2018-08-18 22:35:00,17,2.0,8.18733208355775e-06,False,-0.25571368773545416,0.0,0.0,Monitor (low volume)
077c5fae4bea9500e3737b16f71b9d3a,4,4.5,0.0,0.0,4.178993055555555,3.805555555555556,8.317708333333334,106.80000000000001,44.31,1.3814236111111111,SP,housewares,2017-09-19 12:44:23,2018-06-22 13:20:25,276,0.44115942028985505,8.172028659102503e-06,False,-0.5114273754709083,0.0,0.0,Monitor (low volume)
a69aa24cec11168e7e39a3fbc727e925,3,5.0,0.0,0.0,3.272453703703704,4.837962962962963,8.651157407407409,105.97,46.76333333333334,0.3194773298942281,SP,health_beauty,2018-06-13 11:29:48,2018-07-18 10:05:02,34,2.6858823529411766,8.108519447613222e-06,False,-0.3835705316031812,0.0,0.0,Monitor (low volume)
271b8923c6a549e02d3c9fd1f8c0422b,1,4.0,0.0,1.0,7.379166666666666,5.468055555555556,14.175,105.19,118.59,0.12738853503184713,SP,construction_tools_construction,2018-07-30 19:39:13,2018-07-30 19:39:13,0,1.0,8.048836092237754e-06,False,-0.12785684386772708,0.0,0.0,Monitor (low volume)
3d2400ac620cffa23ac81bd192f7f555,1,5.0,0.0,0.0,3.061111111111111,4.281944444444444,7.352777777777778,105.0,113.9,0.08476190476190476,SP,costruction_tools_tools,2018-08-13 13:36:05,2018-08-13 13:36:05,0,1.0,8.03429783900527e-06,False,-0.12785684386772708,0.0,0.0,Monitor (low volume)
55c96925041a14097b6a7825554f4ad5,4,4.5,0.0,0.5,4.5204861111111105,6.046354166666667,11.270833333333334,104.0,35.940000000000005,0.38230769230769235,SP,furniture_decor,2017-03-23 19:12:49,2017-11-10 12:30:18,231,0.5270995670995672,7.957780716729028e-06,False,-0.5114273754709083,0.0,0.0,Monitor (low volume)
3bb32fedaa74e4ad20f4ce067733bd31,2,4.5,0.0,0.0,1.526736111111111,5.296180555555556,7.152430555555556,103.69999999999999,81.28,0.5818597914686268,SC,sports_leisure,2018-08-03 13:32:54,2018-08-05 20:48:32,2,2.0,7.934825580046156e-06,False,-0.25571368773545416,0.0,0.0,Monitor (low volume)
62de60d81c55c29d76a6bce418b31cef,1,4.0,0.0,0.0,0.49583333333333335,14.339583333333334,16.17152777777778,103.0,126.87,0.231747572815534,SP,auto,2018-08-05 20:01:32,2018-08-05 20:01:32,0,1.0,7.881263594452788e-06,False,-0.12785684386772708,0.0,0.0,Monitor (low volume)
ab91571efab27993ff2f6b36e38055c3,3,4.666666666666667,0.0,0.3333333333333333,8.427083333333334,4.07199074074074,12.996527777777779,102.24,52.97666666666667,0.501564945226917,SP,auto,2018-03-23 17:02:20,2018-07-25 17:22:27,124,0.7364516129032258,7.823110581522844e-06,False,-0.3835705316031812,0.0,0.0,Monitor (low volume)
160851d3ece7aa1a510f8d1a4bb8a8af,2,5.0,0.0,0.0,0.3041666666666667,4.007986111111111,5.577083333333333,102.05,70.57499999999999,0.3856182112362678,SP,computers_accessories,2018-07-29 11:15:05,2018-08-20 15:38:49,22,2.0,7.808572328290358e-06,False,-0.25571368773545416,0.0,0.0,Monitor (low volume)
be67f78487e2cecb0d55bc769709e4f5,1,5.0,0.0,0.0,3.1875,6.831944444444445,10.034722222222221,102.0,125.64,0.23176470588235296,MG,health_beauty,2018-03-23 17:06:29,2018-03-23 17:06:29,0,1.0,7.804746472176547e-06,False,-0.12785684386772708,0.0,0.0,Monitor (low volume)
96e5dc09087bad639b4ee193104ec2e5,2,4.5,0.0,0.0,0.17291666666666666,6.755208333333333,7.808680555555556,101.9,77.22,0.9073000386932729,RJ,sports_leisure,2018-08-13 15:24:41,2018-08-21 09:12:03,7,2.0,7.797094759948923e-06,False,-0.25571368773545416,0.0,0.0,Monitor (low volume)
4fae87d32467e18eb46e4a76a0a0b9ce,1,5.0,0.0,0.0,2.3944444444444444,4.395833333333333,6.8069444444444445,100.9,120.80000000000001,0.19722497522299304,RS,construction_tools_safety,2018-08-17 21:45:54,2018-08-17 21:45:54,0,1.0,7.720577637672683e-06,False,-0.12785684386772708,0.0,0.0,Monitor (low volume)
a4fc6eadaff1576af888509a53420f6a,1,3.0,0.0,0.0,13.902083333333334,15.068055555555556,28.985416666666666,100.86,121.62,0.20582986317668056,SP,computers_accessories,2018-05-22 18:15:54,2018-05-22 18:15:54,0,1.0,7.717516952781632e-06,False,-0.12785684386772708,0.0,0.0,Monitor (low volume)
80cfd480be3eb6d6267139f5cb793555,1,4.0,0.0,0.0,6.088888888888889,8.165277777777778,14.254166666666666,99.9,126.34,0.26466466466466465,SP,stationery,2017-03-10 10:34:16,2017-03-10 10:34:16,0,1.0,7.644060515396442e-06,False,-0.12785684386772708,0.0,0.0,Monitor (low volume)
79b93a308a97792cf53ac75f46da00b5,1,5.0,0.0,0.0,3.172222222222222,19.336805555555557,22.514583333333334,99.9,116.04,0.16156156156156157,RJ,luggage_accessories,2017-07-23 10:07:01,2017-07-23 10:07:01,0,1.0,7.644060515396442e-06,False,-0.12785684386772708,0.0,0.0,Monitor (low volume)
2d20f1cd18725c91147da0791d498022,1,5.0,0.0,0.0,1.86875,8.072222222222223,9.953472222222222,99.8,119.69,0.19929859719438878,PR,housewares,2018-08-11 14:06:52,2018-08-11 14:06:52,0,1.0,7.636408803168818e-06,False,-0.12785684386772708,0.0,0.0,Monitor (low volume)
247587846358bb1d2e4c6522020b36fe,1,5.0,0.0,0.0,1.636111111111111,3.1555555555555554,4.810416666666667,99.0,121.51,0.2273737373737374,SP,pet_shop,2018-06-17 22:05:56,2018-06-17 22:05:56,0,1.0,7.575195105347825e-06,False,-0.12785684386772708,0.0,0.0,Monitor (low volume)
a7c53f6b3b61adbdaa99dda97e8cbd56,1,4.0,0.0,0.0,1.6652777777777779,5.1618055555555555,6.8381944444444445,99.0,110.3,0.11414141414141415,SP,baby,2017-03-06 20:29:58,2017-03-06 20:29:58,0,1.0,7.575195105347825e-06,False,-0.12785684386772708,0.0,0.0,Monitor (low volume)
aa8af66c623d7d544dfe4bb85b5ebe3b,1,5.0,0.0,0.0,4.977777777777778,3.0194444444444444,8.003472222222221,99.0,114.57,0.1572727272727273,MG,art,2018-06-03 19:46:12,2018-06-03 19:46:12,0,1.0,7.575195105347825e-06,False,-0.12785684386772708,0.0,0.0,Monitor (low volume)
26562f211dd1364af2a8596dc945e8ae,2,5.0,0.0,0.0,1.1256944444444446,1.1142361111111112,2.2552083333333335,99.0,57.555,0.1708958151700087,SP,bed_bath_table,2018-07-10 10:33:17,2018-07-31 17:12:15,21,2.0,7.575195105347825e-06,False,-0.25571368773545416,0.0,0.0,Monitor (low volume)
1fbe10c70e30765ed1de86d9f7e98409,2,2.5,0.5,0.0,2.4809027777777777,10.825694444444446,13.665972222222223,98.75,79.05499999999999,0.7655924198947871,SP,housewares,2018-06-21 10:09:54,2018-07-18 17:25:29,27,2.0,7.556065824778765e-06,False,0.7442863122645458,36.74913666806195,8.414549745629815e-05,Monitor (low volume)
eaaa46e98c9e61f6764dd1d7a2ab8b3e,1,5.0,0.0,0.0,1.7743055555555556,8.325,11.097222222222221,98.0,125.64,0.2820408163265306,RN,small_appliances,2018-08-05 14:07:53,2018-08-05 14:07:53,0,1.0,7.498677983071585e-06,False,-0.12785684386772708,0.0,0.0,Monitor (low volume)
5f57db27027655e6c6a391601daa0258,1,5.0,0.0,0.0,7.881944444444445,6.485416666666667,14.373611111111112,98.0,151.04,0.5412244897959183,ES,auto,2018-08-14 10:41:49,2018-08-14 10:41:49,0,1.0,7.498677983071585e-06,False,-0.12785684386772708,0.0,0.0,Monitor (low volume)
4e42581f08e8cfc7c090f930bac4552a,1,1.0,1.0,1.0,30.59861111111111,13.10763888888889,47.10208333333333,98.0,151.8,0.5489795918367346,SP,kitchen_dining_laundry_garden_furniture,2017-11-24 18:11:33,2017-11-24 18:11:33,0,1.0,7.498677983071585e-06,False,0.8721431561322729,85.47002930096275,0.00019570305006333014,Monitor (low volume)
00ab3eff1b5192e5f1a63bcecfee11c8,1,5.0,0.0,0.0,3.8986111111111112,5.154166666666667,9.052777777777777,98.0,110.08,0.12326530612244899,SP,health_beauty,2017-03-18 11:40:26,2017-03-18 11:40:26,0,1.0,7.498677983071585e-06,False,-0.12785684386772708,0.0,0.0,Monitor (low volume)
1c742ac33582852aaf3bcfbf5893abcf,1,5.0,0.0,0.0,2.6958333333333333,2.8958333333333335,6.017361111111111,97.9,113.69,0.16128702757916238,MG,sports_leisure,2018-06-22 16:07:51,2018-06-22 16:07:51,0,1.0,7.4910262708439605e-06,False,-0.12785684386772708,0.0,0.0,Monitor (low volume)
74c7dec0a384d8a05950e629bd23bde9,4,4.25,0.25,0.0,4.439583333333333,6.806770833333333,11.5390625,97.78,37.4475,0.5394050831644196,SP,perfumery,2017-07-05 17:24:19,2017-10-01 14:46:59,87,1.3995402298850574,7.481844216170811e-06,False,0.48857262452909167,11.943157806613646,2.734657317024735e-05,Monitor (low volume)
c7bb64409aa480bb7d0335faaaf3d242,4,2.25,0.5,0.0,1.7050347222222222,3.8394097222222223,5.879340277777778,97.6,41.29,0.8785347653109603,SC,auto,2018-06-23 16:04:00,2018-07-02 10:34:59,8,4.0,7.468071134161087e-06,False,1.4885726245290916,36.32117203850983,8.316557520743998e-05,Monitor (low volume)
70126eecc6aa1274392a1743866e9678,3,5.0,0.0,0.0,0.7295138888888889,4.278935185185185,5.58912037037037,97.39999999999999,48.24666666666667,0.46770627234544765,SP,toys,2018-06-25 21:19:06,2018-07-25 10:27:00,29,3.0,7.452767709705839e-06,False,-0.3835705316031812,0.0,0.0,Monitor (low volume)
782f78b632a43875dd5b53e3e49c9564,1,5.0,0.0,0.0,2.9541666666666666,6.920833333333333,9.88125,97.34,129.56,0.3310047257037189,SP,furniture_decor,2017-06-19 16:56:09,2017-06-19 16:56:09,0,1.0,7.448176682369266e-06,False,-0.12785684386772708,0.0,0.0,Monitor (low volume)
270572bb714b00531be85e16e1550f26,1,5.0,0.0,0.0,1.4791666666666667,9.572222222222223,11.073611111111111,96.99,111.75999999999999,0.1522837405918136,SP,bed_bath_table,2018-05-24 21:26:55,2018-05-24 21:26:55,0,1.0,7.4213956895725804e-06,False,-0.12785684386772708,0.0,0.0,Monitor (low volume)
e53d5b9b29d1218281f4a907ada18626,2,4.5,0.0,0.0,1.9791666666666665,5.088541666666666,7.198958333333334,96.36,80.625,0.6562841768845579,PR,toys,2018-07-20 16:50:02,2018-08-20 08:11:26,30,2.0,7.3731899025385495e-06,False,-0.25571368773545416,0.0,0.0,Monitor (low volume)
034b9387752bfa309f350a70cd45ffa3,8,4.5,0.0,0.0,1.5125868055555556,6.268836805555555,8.508506944444445,96.0,30.0325,1.5027083333333333,SC,toys,2018-04-11 15:53:57,2018-08-22 16:05:04,133,1.8309774436090225,7.345643738519103e-06,False,-1.0228547509418167,0.0,0.0,Monitor (low volume)
f43827dd686be3a4a80e00aa299990fb,1,2.0,1.0,0.0,10.384722222222223,10.292361111111111,21.391666666666666,95.54,125.74000000000001,0.31609796943688506,SP,housewares,2018-01-25 10:09:48,2018-01-25 10:09:48,0,1.0,7.310445862272033e-06,False,0.8721431561322729,83.32455713687736,0.00019079050411276085,Monitor (low volume)
623ad9d0c1e14bb5464a8c72bff7b4af,1,4.0,0.0,0.0,2.9409722222222223,21.132638888888888,24.09236111111111,95.0,133.96,0.41010526315789475,MG,unknown,2018-05-13 20:05:37,2018-05-13 20:05:37,0,1.0,7.2691266162428625e-06,False,-0.12785684386772708,0.0,0.0,Monitor (low volume)
22a23e5ac7061fc538cc2a019afaaf16,1,3.0,0.0,0.0,7.852083333333334,3.170138888888889,11.029166666666667,95.0,109.42,0.15178947368421053,MG,food_drink,2017-05-18 11:00:04,2017-05-18 11:00:04,0,1.0,7.2691266162428625e-06,False,-0.12785684386772708,0.0,0.0,Monitor (low volume)
bbd3acfe6de99892e73940d3fdceaf68,2,3.0,0.5,0.0,1.007638888888889,2.2788194444444443,3.295486111111111,94.9,67.79,0.3943129682730552,SP,bed_bath_table,2018-08-18 15:57:06,2018-08-21 10:38:28,2,2.0,7.261474904015238e-06,False,0.7442863122645458,35.3163855169527,8.086488818838172e-05,Monitor (low volume)
253c025bab43881055aeecde5e2d8b77,2,4.5,0.0,0.5,2.8965277777777776,13.367013888888888,16.5625,94.82,62.165,0.3128097245247396,PR,housewares,2017-11-23 18:36:14,2018-07-10 13:20:17,228,0.26701754385964915,7.2553535342331384e-06,False,-0.25571368773545416,0.0,0.0,Monitor (low volume)
43b2c864251aa0ce4030c746984e088a,2,3.0,0.5,0.0,1.8555555555555556,4.678819444444445,5.615625,94.8,64.66,0.39081324652835914,DF,housewares,2018-07-28 15:35:20,2018-08-23 12:49:42,25,2.0,7.253823191787614e-06,False,0.7442863122645458,35.279171201339466,8.077967755804622e-05,Monitor (low volume)
443d880f15cbd3572885e1d44bf2c478,1,2.0,1.0,0.0,5.063888888888889,7.329166666666667,12.403472222222222,94.8,125.0,0.31856540084388185,SP,furniture_decor,2017-07-21 09:28:29,2017-07-21 09:28:29,0,1.0,7.253823191787614e-06,False,0.8721431561322729,82.67917120133947,0.00018931274638779282,Monitor (low volume)
7a704e63bb29c446869efde5d57524c8,1,5.0,0.0,0.0,1.1256944444444446,6.379166666666666,7.513194444444444,94.49,109.89999999999999,0.1630860408508837,PR,auto,2018-01-25 14:19:53,2018-01-25 14:19:53,0,1.0,7.230102883881979e-06,False,-0.12785684386772708,0.0,0.0,Monitor (low volume)
6235903333ba7de1928c869e268e5964,1,5.0,0.0,0.0,1.4951388888888888,3.470138888888889,4.9743055555555555,94.06,135.48000000000002,0.44035721879651285,SC,drinks,2018-05-13 18:19:47,2018-05-13 18:19:47,0,1.0,7.197200521303196e-06,False,-0.12785684386772708,0.0,0.0,Monitor (low volume)
376d67b61dce0c990155286e7ae486a4,1,4.0,0.0,0.0,1.1618055555555555,13.166666666666666,14.346527777777778,94.0,111.91,0.190531914893617,SP,health_beauty,2018-03-01 15:29:58,2018-03-01 15:29:58,0,1.0,7.192609493966621e-06,False,-0.12785684386772708,0.0,0.0,Monitor (low volume)
5305693ffae2d3463377b1f6fe67b15a,1,5.0,0.0,0.0,0.4395833333333333,12.922916666666667,13.372916666666667,93.56,106.55,0.13884138520735356,SP,unknown,2018-01-02 10:35:07,2018-01-02 10:35:07,0,1.0,7.158941960165076e-06,False,-0.12785684386772708,0.0,0.0,Monitor (low volume)
6b2612338467c08c9b25f0cc55b1578d,1,4.0,0.0,0.0,0.5048611111111111,16.04722222222222,16.55763888888889,92.9,113.87,0.22572658772874055,PR,agro_industry_and_commerce,2017-02-12 20:42:26,2017-02-12 20:42:26,0,1.0,7.108440659462758e-06,False,-0.12785684386772708,0.0,0.0,Monitor (low volume)
01266d4c46afa519678d16a8b683d325,3,5.0,0.0,0.0,0.6337962962962963,4.859722222222222,5.922685185185185,90.25,45.82666666666666,0.7800764637590114,PR,costruction_tools_tools,2018-08-02 16:07:38,2018-08-20 19:14:26,18,3.0,6.905670285430719e-06,False,-0.3835705316031812,0.0,0.0,Monitor (low volume)
52b53f7061969fe471d119b6195da864,1,5.0,0.0,0.0,0.7138888888888889,1.0777777777777777,3.3333333333333335,90.0,98.37,0.09299999999999999,SP,perfumery,2017-08-28 13:15:21,2017-08-28 13:15:21,0,1.0,6.886541004861659e-06,False,-0.12785684386772708,0.0,0.0,Monitor (low volume)
f8f35af4634605e6693c17cc3ffff5a8,1,5.0,0.0,0.0,2.0409722222222224,8.091666666666667,10.140277777777778,90.0,106.39,0.1821111111111111,MG,housewares,2017-11-12 18:04:56,2017-11-12 18:04:56,0,1.0,6.886541004861659e-06,False,-0.12785684386772708,0.0,0.0,Monitor (low volume)
1cbcd2ee0afb3fc09963b87eb65e7e4f,1,5.0,0.0,0.0,1.3777777777777778,2.259027777777778,4.3180555555555555,90.0,130.65,0.4516666666666667,PR,perfumery,2018-06-18 11:15:23,2018-06-18 11:15:23,0,1.0,6.886541004861659e-06,False,-0.12785684386772708,0.0,0.0,Monitor (low volume)
6d04126aba80df143fd038e711b8fd96,1,1.0,1.0,1.0,32.87361111111111,4.195833333333334,37.079166666666666,89.99,108.86,0.209689965551728,RJ,sports_leisure,2017-09-08 14:49:36,2017-09-08 14:49:36,0,1.0,6.885775833638896e-06,False,0.8721431561322729,78.48416262034323,0.00017970732117550078,Monitor (low volume)
d7d517afce974cd491b8d52bb5b5b1fc,1,4.0,0.0,0.0,5.44375,8.093055555555555,13.544444444444444,89.99,108.72,0.20813423713745974,SP,housewares,2018-08-16 02:24:08,2018-08-16 02:24:08,0,1.0,6.885775833638896e-06,False,-0.12785684386772708,0.0,0.0,Monitor (low volume)
8dd386be0767c330276ea6a3f96532d3,1,5.0,0.0,0.0,2.6868055555555554,7.598611111111111,10.293055555555556,89.98,134.48000000000002,0.49455434541009113,SC,sports_leisure,2018-08-10 21:14:35,2018-08-10 21:14:35,0,1.0,6.885010662416135e-06,False,-0.12785684386772708,0.0,0.0,Monitor (low volume)
741f8c587cb4248ebc5b779a0e8e0e51,5,4.0,0.2,0.2,7.227916666666667,5.4302777777777775,13.239166666666666,89.95,31.528,0.8865273309770586,SP,housewares,2018-07-12 19:37:30,2018-08-12 10:49:23,30,5.0,6.882715148747848e-06,False,0.36071578066136467,6.4892768940979515,1.485867375110585e-05,Monitor (low volume)
4aba6a02a788d3ec81c03137144d9a80,1,5.0,0.0,0.0,1.2069444444444444,12.0,13.221527777777778,89.9,105.28,0.1710789766407119,SC,health_beauty,2018-01-16 14:09:55,2018-01-16 14:09:55,0,1.0,6.8788892926340355e-06,False,-0.12785684386772708,0.0,0.0,Monitor (low volume)
97e50a621f8e801f4baf69e08687c192,1,5.0,0.0,0.0,6.303472222222222,3.115972222222222,9.45486111111111,89.9,97.78,0.08765294771968854,SP,toys,2018-02-21 06:34:33,2018-02-21 06:34:33,0,1.0,6.8788892926340355e-06,False,-0.12785684386772708,0.0,0.0,Monitor (low volume)
a72f15980dc3e9bfd1a49ac9b2f3af65,1,4.0,0.0,0.0,0.9173611111111111,4.215972222222222,5.141666666666667,89.9,108.63000000000001,0.20834260289210232,SP,furniture_decor,2018-07-25 16:18:46,2018-07-25 16:18:46,0,1.0,6.8788892926340355e-06,False,-0.12785684386772708,0.0,0.0,Monitor (low volume)
889009a0ed0bb52c87819941192931b8,1,4.0,0.0,0.0,0.12986111111111112,11.031944444444445,12.207638888888889,89.9,122.98,0.36796440489432697,SP,health_beauty,2017-06-01 11:59:38,2017-06-01 11:59:38,0,1.0,6.8788892926340355e-06,False,-0.12785684386772708,0.0,0.0,Monitor (low volume)
154bdf805377afea75a3bd158e9eab10,1,1.0,1.0,1.0,,23.184722222222224,24.920833333333334,89.9,109.72,0.22046718576195773,SP,baby,2018-07-02 18:42:38,2018-07-02 18:42:38,0,1.0,6.8788892926340355e-06,False,0.8721431561322729,78.40566973629134,0.00017952759388462634,Monitor (low volume)
2bdb95a56a36ebbc6640337ac5eac174,1,5.0,0.0,0.0,0.3076388888888889,2.2708333333333335,5.851388888888889,89.9,107.9,0.20022246941045604,SP,health_beauty,2017-01-27 22:07:02,2017-01-27 22:07:02,0,1.0,6.8788892926340355e-06,False,-0.12785684386772708,0.0,0.0,Monitor (low volume)
26e13b6ff5b641b329e5524241ee2c93,3,5.0,0.0,0.0,0.5699074074074074,6.38587962962963,6.964814814814815,89.8,44.61666666666667,0.49040096618357487,SP,fashion_bags_accessories,2018-08-01 04:52:56,2018-08-20 22:18:00,19,3.0,6.8712375804064106e-06,False,-0.3835705316031812,0.0,0.0,Monitor (low volume)
b8d890108a7a80e4f5d59eea9f362438,2,3.5,0.0,0.5,9.038888888888888,3.9927083333333333,13.930902777777778,89.69999999999999,62.144999999999996,0.41555183946488294,PR,unknown,2017-09-05 08:05:20,2017-10-19 12:07:22,44,1.3836363636363638,6.863585868178786e-06,False,-0.25571368773545416,0.0,0.0,Monitor (low volume)
5741dc2bf5044c34d0698681c5081bed,3,5.0,0.0,0.0,3.7916666666666665,3.385648148148148,7.190277777777777,89.69999999999999,41.24999999999999,0.3795986622073579,SP,perfumery,2018-05-28 10:54:51,2018-07-16 22:56:18,49,1.8636734693877552,6.863585868178786e-06,False,-0.3835705316031812,0.0,0.0,Monitor (low volume)
6624bc09786f0e41ae48dfc5eeb1a9e2,1,5.0,0.0,0.0,11.363194444444444,4.423611111111111,15.79513888888889,89.54,107.01,0.19510833147196782,MG,garden_tools,2017-03-05 22:38:18,2017-03-05 22:38:18,0,1.0,6.851343128614589e-06,False,-0.12785684386772708,0.0,0.0,Monitor (low volume)
f9bbdd976532d50b7816d285a22bd01e,1,5.0,0.0,0.0,6.8277777777777775,8.05625,14.890277777777778,89.0,104.37,0.17269662921348314,SP,sports_leisure,2017-09-14 21:21:35,2017-09-14 21:21:35,0,1.0,6.810023882585418e-06,False,-0.12785684386772708,0.0,0.0,Monitor (low volume)
b3809b8d4394588a47c8470ea331e135,1,4.0,0.0,0.0,3.5458333333333334,1.4875,5.05,89.0,96.88,0.08853932584269662,SP,electronics,2018-07-06 19:46:58,2018-07-06 19:46:58,0,1.0,6.810023882585418e-06,False,-0.12785684386772708,0.0,0.0,Monitor (low volume)
da2782c804606d2a5d8e1760dbb3e7ec,1,1.0,1.0,1.0,8.88125,23.889583333333334,32.77847222222222,89.0,103.37,0.16146067415730336,SP,baby,2017-11-26 00:47:01,2017-11-26 00:47:01,0,1.0,6.810023882585418e-06,False,0.8721431561322729,77.62074089577229,0.00017773032097588145,Monitor (low volume)
499185655c29ecfdbfe776ef7cf875b5,1,4.0,0.0,0.0,4.897916666666666,6.211805555555555,11.124305555555555,89.0,106.33,0.19471910112359547,RS,bed_bath_table,2018-06-02 13:29:22,2018-06-02 13:29:22,0,1.0,6.810023882585418e-06,False,-0.12785684386772708,0.0,0.0,Monitor (low volume)
65c255b299faf2d12050937cc219c46c,2,4.5,0.0,0.0,2.4343749999999997,3.9493055555555556,7.089583333333334,88.2,55.040000000000006,0.24807256235827663,SP,perfumery,2017-07-26 10:16:50,2017-08-31 17:20:46,36,1.691111111111111,6.748810184764426e-06,False,-0.25571368773545416,0.0,0.0,Monitor (low volume)
dd264199fc8b687ad029de7de6d760e6,1,5.0,0.0,0.0,7.954166666666667,10.05486111111111,18.080555555555556,87.9,108.60000000000001,0.23549488054607506,PR,auto,2017-01-19 11:47:55,2017-01-19 11:47:55,0,1.0,6.725855048081554e-06,False,-0.12785684386772708,0.0,0.0,Monitor (low volume)
466222e777149751370e7e98fb623b0c,1,5.0,0.0,0.0,0.61875,6.2027777777777775,6.829166666666667,87.9,105.45,0.19965870307167236,RJ,auto,2018-08-06 23:14:27,2018-08-06 23:14:27,0,1.0,6.725855048081554e-06,False,-0.12785684386772708,0.0,0.0,Monitor (low volume)
9cea4682e16655f7da87f406902e989e,4,4.0,0.25,0.0,3.5109375,6.533854166666667,10.071006944444445,87.76,54.8075,1.5174825572773138,PR,stationery,2017-03-22 23:39:13,2018-02-02 23:31:10,316,0.38531645569620254,6.715142650962881e-06,False,0.48857262452909167,10.719283382168271,2.4544234622836033e-05,Monitor (low volume)
2fa13c8bd5705d279f7ed5cc9ec61c68,2,5.0,0.0,0.0,1.039236111111111,3.4565972222222223,4.554513888888889,87.4,74.35,0.6009794787863527,SP,health_beauty,2018-04-20 11:25:54,2018-07-10 17:52:57,81,0.7516049382716049,6.687596486943434e-06,False,-0.25571368773545416,0.0,0.0,Monitor (low volume)
4fe2f67634d00c021aa01f96b6f2d68e,2,5.0,0.0,0.0,2.8135416666666666,7.668055555555556,10.985069444444445,86.8,59.42,0.3808451958819398,PR,sports_leisure,2018-08-11 19:27:59,2018-08-16 20:58:56,5,2.0,6.6416862135776885e-06,False,-0.25571368773545416,0.0,0.0,Monitor (low volume)
c97aa4ee7420f937da13b7f9e2228b99,1,1.0,1.0,0.0,5.168055555555555,5.373611111111111,10.806944444444444,86.8,106.78,0.23018433179723505,RS,pet_shop,2018-08-17 20:47:06,2018-08-17 20:47:06,0,1.0,6.6416862135776885e-06,False,0.8721431561322729,75.70202595228129,0.00017333698719894955,Monitor (low volume)
60da8bfa7eebe230b7d66ac4082d79b3,3,4.333333333333333,0.0,0.3333333333333333,2.363425925925926,5.2749999999999995,7.781018518518518,86.6,41.75666666666667,0.8431679689419628,SP,computers_accessories,2018-08-02 18:50:46,2018-08-18 13:37:04,15,3.0,6.62638278912244e-06,False,-0.3835705316031812,0.0,0.0,Monitor (low volume)
b86a47b3366e3b5424a7b225781f4908,1,3.0,0.0,0.0,0.3972222222222222,13.841666666666667,14.259722222222223,86.5,106.35,0.2294797687861272,MG,unknown,2018-01-05 10:01:43,2018-01-05 10:01:43,0,1.0,6.618731076894817e-06,False,-0.12785684386772708,0.0,0.0,Monitor (low volume)
00d8b143d12632bad99c0ad66ad52825,1,5.0,0.0,0.0,1.6166666666666667,5.607638888888889,7.233333333333333,86.0,137.1,0.5941860465116279,MG,fashion_bags_accessories,2018-03-21 11:17:37,2018-03-21 11:17:37,0,1.0,6.580472515756696e-06,False,-0.12785684386772708,0.0,0.0,Monitor (low volume)
a2b911e9ad40dc7d61c142a4683e2d85,1,5.0,0.0,0.0,0.5451388888888888,12.195833333333333,12.783333333333333,85.9,120.30000000000001,0.4004656577415599,RJ,sports_leisure,2017-05-10 17:44:55,2017-05-10 17:44:55,0,1.0,6.572820803529073e-06,False,-0.12785684386772708,0.0,0.0,Monitor (low volume)
5566627eab3fe93fd6ee08798226101a,5,4.4,0.0,0.0,1.5920833333333335,6.920694444444445,8.814027777777778,85.5,37.562,1.3138995047583333,PR,perfumery,2017-04-13 00:27:41,2018-01-22 10:33:42,284,0.5359154929577464,6.542213954618576e-06,False,-0.6392842193386354,0.0,0.0,Monitor (low volume)
2b5ed0c9139dae8883a200dfcb272ece,4,4.25,0.0,0.25,2.9965277777777777,13.465625000000001,16.871180555555554,85.41,36.1875,0.6909692396656169,SP,stationery,2017-04-03 17:25:59,2017-11-06 12:03:52,216,0.5637037037037037,6.5353274136137145e-06,False,-0.5114273754709083,0.0,0.0,Monitor (low volume)
cb5ff1b9715e99589f3e0c7a6afab9e3,4,4.0,0.0,0.0,1.3630208333333333,4.383680555555555,6.083506944444444,85.0,34.7575,0.7149047619047619,PR,sports_leisure,2018-08-02 12:05:14,2018-08-21 15:22:16,19,4.0,6.503955393480456e-06,False,-0.5114273754709083,0.0,0.0,Monitor (low volume)
b5dd7151a92ccaaa282cbe9681a05f44,1,5.0,0.0,0.0,7.191666666666666,6.227083333333334,13.436805555555555,85.0,103.7,0.22,SP,sports_leisure,2018-07-18 10:09:15,2018-07-18 10:09:15,0,1.0,6.503955393480456e-06,False,-0.12785684386772708,0.0,0.0,Monitor (low volume)
0dfbed20065e425d2eaefb101f9816c0,3,2.6666666666666665,0.6666666666666666,0.3333333333333333,3.0912037037037035,18.46412037037037,21.568518518518516,84.35,44.53333333333333,0.5894214397341397,SP,baby,2018-05-12 23:13:36,2018-06-04 21:18:04,22,3.0,6.454219264000899e-06,False,1.6164294683968186,45.448608553090544,0.00010406491477444696,Monitor (low volume)
dedcab67899479e4ea5dcc4eba47f587,2,4.5,0.0,0.0,2.083333333333333,2.832986111111111,5.555208333333333,84.0,52.81999999999999,0.25761904761904764,SC,auto,2018-06-10 22:28:53,2018-08-17 17:59:38,67,0.9086567164179105,6.4274382712042155e-06,False,-0.25571368773545416,0.0,0.0,Monitor (low volume)
818d28f936e791926d33bcb6ee94ef79,3,4.0,0.0,0.0,3.385185185185185,7.326388888888889,10.916898148148148,83.69999999999999,41.74333333333333,0.4961768219832736,SP,telephony,2017-02-09 21:19:01,2017-03-28 17:11:47,46,1.9852173913043478,6.404483134521342e-06,False,-0.3835705316031812,0.0,0.0,Monitor (low volume)
11d4c477d09821164bca4f70a2eae031,3,5.0,0.0,0.0,1.1747685185185184,5.8009259259259265,6.984259259259258,83.04,46.95333333333334,0.7956541638061951,SP,costruction_tools_garden,2017-07-18 20:52:33,2017-08-28 20:47:42,40,2.283,6.353981833819024e-06,False,-0.3835705316031812,0.0,0.0,Monitor (low volume)
a56a8043ebf66e42119618fb8cf232c6,1,5.0,0.0,0.0,2.6284722222222223,8.191666666666666,10.828472222222222,83.0,106.73,0.28590361445783136,SC,computers_accessories,2018-08-03 22:23:06,2018-08-03 22:23:06,0,1.0,6.350921148927974e-06,False,-0.12785684386772708,0.0,0.0,Monitor (low volume)
ba8e85df286308fe68a2ce83a8f8b2d6,1,5.0,0.0,0.0,1.5763888888888888,8.213194444444444,9.845138888888888,80.9,97.66000000000001,0.20716934487021013,SC,perfumery,2018-06-12 22:21:34,2018-06-12 22:21:34,0,1.0,6.190235192147869e-06,False,-0.12785684386772708,0.0,0.0,Monitor (low volume)
e82de6494d91d3c4c54450f59b227a94,2,5.0,0.0,0.0,0.5395833333333333,4.2243055555555555,5.314583333333333,80.9,52.3,0.2940329407434671,SP,watches_gifts,2017-10-09 01:17:54,2017-10-17 22:51:55,8,2.0,6.190235192147869e-06,False,-0.25571368773545416,0.0,0.0,Monitor (low volume)
52454f90d4c30c016768db02f88c1a74,3,3.6666666666666665,0.3333333333333333,0.0,6.052546296296296,5.829629629629629,12.693518518518518,80.5,49.22333333333333,0.8110907373073356,SP,pet_shop,2018-05-14 21:28:52,2018-07-13 14:38:35,59,1.5477966101694915,6.159628343237373e-06,False,0.6164294683968187,16.5408574019813,3.787405094751603e-05,Monitor (low volume)
1a8e2d9c38b84a9702ac7922924b0573,1,5.0,0.0,0.0,0.3458333333333333,15.2375,15.597916666666666,80.0,97.0,0.2125,SC,unknown,2018-02-06 10:54:24,2018-02-06 10:54:24,0,1.0,6.121369782099252e-06,False,-0.12785684386772708,0.0,0.0,Monitor (low volume)
a45765f8afb1e594b22bf9e974b46765,1,4.0,0.0,0.0,0.9111111111111111,4.065972222222222,4.977083333333334,79.99,88.91999999999999,0.11163895486935867,SP,auto,2017-03-09 14:27:38,2017-03-09 14:27:38,0,1.0,6.12060461087649e-06,False,-0.12785684386772708,0.0,0.0,Monitor (low volume)
c0f3eea2e14555b6faeea3dd58c1b1c3,1,5.0,0.0,0.0,0.5125,5.141666666666667,5.666666666666667,79.99,95.64999999999999,0.19577447180897614,SP,sports_leisure,2018-08-03 00:26:04,2018-08-03 00:26:04,0,1.0,6.12060461087649e-06,False,-0.12785684386772708,0.0,0.0,Monitor (low volume)
e09887ca8c7bf8a4621ce481820414ef,2,3.0,0.5,0.5,53.35659722222223,3.0444444444444443,57.87847222222222,79.97,62.285,0.557749680041321,SP,furniture_decor,2017-09-09 08:33:15,2017-11-14 10:04:27,66,0.9224242424242424,6.119074268430965e-06,False,0.7442863122645458,29.760288195897864,6.81429410792928e-05,Monitor (low volume)
9fbd5666d8618fa571c4230fafa09bd6,1,5.0,0.0,0.0,6.043055555555555,7.072222222222222,13.122916666666667,79.9,96.71000000000001,0.2103879849812265,SP,auto,2017-08-30 18:44:19,2017-08-30 18:44:19,0,1.0,6.113718069871629e-06,False,-0.12785684386772708,0.0,0.0,Monitor (low volume)
b5b800c4065bebf4d3442311c9857344,1,5.0,0.0,0.0,3.0006944444444446,3.4090277777777778,6.455555555555556,79.9,88.81,0.11151439299123904,SP,health_beauty,2018-05-01 12:29:30,2018-05-01 12:29:30,0,1.0,6.113718069871629e-06,False,-0.12785684386772708,0.0,0.0,Monitor (low volume)
2ec6e37d992a95eaddb3369dcbcc76d9,1,1.0,1.0,0.0,2.6993055555555556,8.89861111111111,12.038194444444445,79.9,97.03,0.21439299123904879,RS,housewares,2017-10-06 15:54:34,2017-10-06 15:54:34,0,1.0,6.113718069871629e-06,False,0.8721431561322729,69.68423817496861,0.00015955789489857224,Monitor (low volume)
ca5832c6960267b71041f74bb39e8b12,1,1.0,1.0,1.0,29.95,15.20138888888889,45.16111111111111,79.9,97.71000000000001,0.2229036295369211,SC,music,2017-06-19 17:11:51,2017-06-19 17:11:51,0,1.0,6.113718069871629e-06,False,0.8721431561322729,69.68423817496861,0.00015955789489857224,Monitor (low volume)
cd233f8bfa30ebfd651f47ee7d054951,1,5.0,0.0,0.0,1.8763888888888889,6.456944444444445,9.33611111111111,79.9,98.56,0.23354192740926155,SP,sports_leisure,2018-08-19 11:28:23,2018-08-19 11:28:23,0,1.0,6.113718069871629e-06,False,-0.12785684386772708,0.0,0.0,Monitor (low volume)
0f519b0d2e5eb2227c93dd25038bfc01,1,5.0,0.0,0.0,2.9131944444444446,9.344444444444445,12.272222222222222,79.9,102.9,0.2878598247809762,SP,furniture_decor,2017-01-27 12:10:46,2017-01-27 12:10:46,0,1.0,6.113718069871629e-06,False,-0.12785684386772708,0.0,0.0,Monitor (low volume)
dcb7367a92f5ffb89f1e2152ed260285,1,5.0,0.0,0.0,2.2604166666666665,7.801388888888889,10.077083333333333,79.9,98.34,0.23078848560700876,SP,signaling_and_security,2018-03-18 16:47:16,2018-03-18 16:47:16,0,1.0,6.113718069871629e-06,False,-0.12785684386772708,0.0,0.0,Monitor (low volume)
a7b7354cc588f7566a848bcbb1ce3d96,2,4.0,0.0,0.0,7.149652777777778,4.488541666666666,11.87673611111111,79.8,52.435,0.3141604010025063,SP,home_appliances,2017-03-13 22:11:59,2017-03-23 15:16:21,9,2.0,6.106066357644004e-06,False,-0.25571368773545416,0.0,0.0,Monitor (low volume)
aa17b35ce4de7b565be3249ba838944f,2,4.5,0.0,0.0,5.466666666666667,10.799305555555556,16.367708333333333,79.8,57.0,0.4285714285714286,SP,sports_leisure,2017-08-24 21:26:40,2017-09-01 17:56:59,7,2.0,6.106066357644004e-06,False,-0.25571368773545416,0.0,0.0,Monitor (low volume)
e5bd51692380fd8cabb19b756b95e714,2,3.0,0.5,1.0,22.25173611111111,8.76736111111111,33.66354166666667,79.8,52.875,0.325187969924812,SP,unknown,2017-12-20 22:59:28,2017-12-23 01:03:28,2,2.0,6.106066357644004e-06,False,0.7442863122645458,29.697023859355376,6.799808300772245e-05,Monitor (low volume)
519a7aa428f18d125a283cf8c014fdd6,3,4.0,0.0,0.0,1.706712962962963,5.764814814814815,7.483564814814815,79.69999999999999,50.93333333333333,0.927070601245562,SC,furniture_living_room,2018-07-07 16:56:54,2018-07-30 21:54:00,23,3.0,6.09841464541638e-06,False,-0.3835705316031812,0.0,0.0,Monitor (low volume)
918f6fbcf3ab724d805867303e593a1b,2,4.0,0.0,0.0,1.290625,3.5753472222222222,4.872916666666667,79.69999999999999,56.29,0.40335791325838477,SP,computers_accessories,2017-02-20 21:44:03,2017-03-02 01:21:42,9,2.0,6.09841464541638e-06,False,-0.25571368773545416,0.0,0.0,Monitor (low volume)
c8665a4dd081a2c436b1cd921079d0d9,1,5.0,0.0,0.0,0.7375,3.486111111111111,4.243055555555555,79.39,93.53,0.1781080740647437,SP,health_beauty,2018-06-18 12:48:25,2018-06-18 12:48:25,0,1.0,6.074694337510745e-06,False,-0.12785684386772708,0.0,0.0,Monitor (low volume)
babcc0ab201e4c60188427cae51a5b8b,1,5.0,0.0,0.0,,5.022222222222222,8.196527777777778,79.0,93.13,0.1788607594936709,SP,construction_tools_lights,2018-07-01 10:23:10,2018-07-01 10:23:10,0,1.0,6.044852659823012e-06,False,-0.12785684386772708,0.0,0.0,Monitor (low volume)
166e8f1381e09651983c38b1f6f91c11,2,5.0,0.0,0.0,5.229166666666666,8.982291666666667,14.728472222222223,78.8,54.5,0.383310461243082,SC,unknown,2017-07-25 01:53:48,2017-08-21 00:27:44,26,2.0,6.0295492353677635e-06,False,-0.25571368773545416,0.0,0.0,Monitor (low volume)
8132b9bd16876e1b0f8808d43825dd48,1,5.0,0.0,0.0,3.6243055555555554,13.17986111111111,16.81111111111111,77.9,98.9,0.26957637997432604,SC,sports_leisure,2017-05-05 18:20:43,2017-05-05 18:20:43,0,1.0,5.960683825319147e-06,False,-0.12785684386772708,0.0,0.0,Monitor (low volume)
739c7d7be81f63812dea0d1b1451c651,2,4.0,0.0,0.0,6.385763888888889,10.726736111111112,17.12638888888889,77.5,74.65,1.1443118120298568,PB,housewares,2018-05-16 13:11:47,2018-06-04 11:52:25,18,2.0,5.930076976408651e-06,False,-0.25571368773545416,0.0,0.0,Monitor (low volume)
ec2e006556300a79a5a91e4876ab3a56,2,1.5,1.0,0.5,10.668055555555556,1.8006944444444444,13.501388888888888,77.4,62.86500000000001,0.6244186046511628,SP,construction_tools_construction,2018-02-02 14:26:45,2018-08-15 14:02:53,193,0.31544041450777205,5.9224252641810275e-06,False,1.7442863122645458,67.50388028463793,0.0001545654701520587,Monitor (low volume)
5de1c80811ce7007f62f00d971236c09,2,5.0,0.0,0.0,2.379861111111111,6.393750000000001,8.074305555555556,76.8,53.875,0.4018430221896204,SC,housewares,2018-07-03 15:09:35,2018-07-30 20:23:57,27,2.0,5.876514990815282e-06,False,-0.25571368773545416,0.0,0.0,Monitor (low volume)
f049a72cf58fd31b11f8919cade515e7,2,4.5,0.0,0.0,0.8048611111111111,2.6395833333333334,3.4541666666666666,76.25,52.0,0.6389158163265305,SP,health_beauty,2018-07-25 12:03:29,2018-08-06 18:48:35,12,2.0,5.83443057356335e-06,False,-0.25571368773545416,0.0,0.0,Monitor (low volume)
3e51f9cbe317bc3a88f2c76583811ee4,1,5.0,0.0,0.0,3.629861111111111,5.235416666666667,8.870833333333334,76.09,84.78,0.11420686029701668,SP,health_beauty,2018-08-14 00:22:06,2018-08-14 00:22:06,0,1.0,5.822187833999152e-06,False,-0.12785684386772708,0.0,0.0,Monitor (low volume)
497709c2976a8fa308730a2dec5b0726,1,5.0,0.0,0.0,3.8361111111111112,2.102777777777778,5.947916666666667,76.0,94.03999999999999,0.23736842105263156,SP,stationery,2018-07-19 19:22:05,2018-07-19 19:22:05,0,1.0,5.81530129299429e-06,False,-0.12785684386772708,0.0,0.0,Monitor (low volume)
ec21206b7894c503788a684a7bc822a6,1,3.0,0.0,0.0,1.8895833333333334,6.216666666666667,8.111805555555556,75.0,92.78,0.23706666666666668,RJ,housewares,2017-11-14 20:28:14,2017-11-14 20:28:14,0,1.0,5.738784170718049e-06,False,-0.12785684386772708,0.0,0.0,Monitor (low volume)
a1bea9970d8f65b240555f99c2214f7f,1,3.0,0.0,0.0,0.9215277777777777,8.345833333333333,9.306944444444444,75.0,102.48,0.3664,PR,construction_tools_lights,2018-07-23 16:24:27,2018-07-23 16:24:27,0,1.0,5.738784170718049e-06,False,-0.12785684386772708,0.0,0.0,Monitor (low volume)
6dd7dce75cd55c1ce255dc38d9f0cd46,1,4.0,0.0,0.0,0.9263888888888889,11.294444444444444,12.228472222222223,75.0,96.33,0.2844,SC,cool_stuff,2017-12-17 14:44:48,2017-12-17 14:44:48,0,1.0,5.738784170718049e-06,False,-0.12785684386772708,0.0,0.0,Monitor (low volume)
d52cbce9845184537284a23c3bc3da0e,2,5.0,0.0,0.0,3.0659722222222223,6.951388888888889,10.565972222222223,75.0,69.39,1.2479918864097361,SC,stationery,2018-02-02 00:54:15,2018-03-02 10:30:09,28,2.0,5.738784170718049e-06,False,-0.25571368773545416,0.0,0.0,Monitor (low volume)
47f55702f598c7c6cc8458b0fbc1c49a,1,5.0,0.0,0.0,6.159027777777778,11.120833333333334,17.292361111111113,75.0,94.77,0.2636,MG,unknown,2017-09-15 09:57:51,2017-09-15 09:57:51,0,1.0,5.738784170718049e-06,False,-0.12785684386772708,0.0,0.0,Monitor (low volume)
05aebce0b5c8f0d41b29b686f2d05fd3,2,5.0,0.0,0.5,1.4833333333333332,2.532638888888889,6.000694444444444,74.99000000000001,60.44,0.5903417047727921,SP,home_comfort_2,2018-03-05 16:24:44,2018-08-10 16:15:34,157,0.3877707006369427,5.738018999495287e-06,False,-0.25571368773545416,0.0,0.0,Monitor (low volume)
9c3a1c416c765687bc79a04113269929,1,1.0,1.0,0.0,2.7916666666666665,2.138888888888889,6.085416666666666,74.9,133.8,0.7863818424566087,MG,housewares,2018-02-01 23:09:36,2018-02-01 23:09:36,0,1.0,5.731132458490426e-06,False,0.8721431561322729,65.32352239430725,0.0001495730454055452,Monitor (low volume)
6187a137b2af59dfdbad8d9f8c373c14,2,3.0,0.5,0.0,4.676388888888889,7.8753472222222225,13.86111111111111,74.8,52.51,0.4058240156264587,SP,bed_bath_table,2017-11-28 21:53:19,2018-01-06 18:54:39,38,1.6021052631578947,5.723480746262801e-06,False,0.7442863122645458,27.83630807869401,6.373755149094786e-05,Monitor (low volume)
a90a5da8b09e44264a177c0374a5ac87,3,4.333333333333333,0.0,0.0,0.7861111111111111,8.192824074074075,9.380787037037036,74.69999999999999,49.1,1.4402055455998397,PR,telephony,2017-02-20 22:26:06,2017-03-08 20:17:07,15,3.0,5.715829034035176e-06,False,-0.3835705316031812,0.0,0.0,Monitor (low volume)
164a5a8794e6d42e14f55e447b12a3bc,1,5.0,0.0,0.0,0.027083333333333334,13.352777777777778,13.407638888888888,73.99,136.76,0.8483578862008381,PR,baby,2018-07-27 11:24:55,2018-07-27 11:24:55,0,1.0,5.661501877219046e-06,False,-0.12785684386772708,0.0,0.0,Monitor (low volume)
a7d0f8dd44f57ef6de7f7f02e3d82630,2,4.5,0.0,0.0,1.711111111111111,3.7524305555555557,6.127777777777778,73.78999999999999,49.835,0.33463927338738625,SP,cool_stuff,2018-06-25 12:06:07,2018-08-19 20:26:26,55,1.106909090909091,5.646198452763798e-06,False,-0.25571368773545416,0.0,0.0,Monitor (low volume)
e5c84227854980f1db19a58958c551d9,4,4.75,0.0,0.0,5.542361111111111,4.495138888888889,10.18767361111111,72.81,35.410000000000004,1.19357924676158,PR,housewares,2018-07-26 16:14:02,2018-08-15 11:56:10,19,4.0,5.571211672933082e-06,False,-0.5114273754709083,0.0,0.0,Monitor (low volume)
028872bfa080090a9d0abd4f1af168f8,1,5.0,0.0,0.0,4.3277777777777775,12.143055555555556,16.48125,70.5,117.87,0.6719148936170213,MG,unknown,2017-08-19 09:10:45,2017-08-19 09:10:45,0,1.0,5.394457120474966e-06,False,-0.12785684386772708,0.0,0.0,Monitor (low volume)
4003520d80d0bad1d5623f7aa3c63cda,1,1.0,1.0,0.0,1.8076388888888888,15.261805555555556,17.079166666666666,70.0,86.74,0.23914285714285713,RJ,baby,2017-09-26 20:50:49,2017-09-26 20:50:49,0,1.0,5.3561985593368455e-06,False,0.8721431561322729,61.050020929259105,0.00013978789290237868,Monitor (low volume)
f90f77ef2799a27f80d90c425ca944f7,1,5.0,0.0,0.0,0.2361111111111111,7.144444444444445,7.389583333333333,70.0,89.46000000000001,0.278,PR,books_technical,2018-05-15 08:42:18,2018-05-15 08:42:18,0,1.0,5.3561985593368455e-06,False,-0.12785684386772708,0.0,0.0,Monitor (low volume)
e4f121bf6ef8b9a1d4d3e65dd0473fab,2,3.0,0.5,0.5,0.8812500000000001,19.722916666666666,21.336805555555557,70.0,53.230000000000004,0.5317083333333333,SP,sports_leisure,2018-04-01 21:17:46,2018-05-07 08:58:38,35,1.7394285714285713,5.3561985593368455e-06,False,0.7442863122645458,26.0500209292591,5.9647441234844255e-05,Monitor (low volume)
a89e143d5211473ae18db9577ee34b64,1,5.0,0.0,0.0,8.063888888888888,1.1104166666666666,9.21111111111111,70.0,79.94,0.142,SP,furniture_decor,2017-06-04 12:09:59,2017-06-04 12:09:59,0,1.0,5.3561985593368455e-06,False,-0.12785684386772708,0.0,0.0,Monitor (low volume)
bbf4a892cac7b82422baa711dffb8997,1,5.0,0.0,0.0,0.16805555555555557,2.823611111111111,3.0055555555555555,70.0,105.34,0.5048571428571429,PR,pet_shop,2018-06-11 11:35:34,2018-06-11 11:35:34,0,1.0,5.3561985593368455e-06,False,-0.12785684386772708,0.0,0.0,Monitor (low volume)
0a198e95d32b1be2da9424c962a6ebfa,1,5.0,0.0,0.0,12.06875,3.959722222222222,16.047916666666666,69.99,86.66999999999999,0.2383197599657094,MG,garden_tools,2018-06-13 12:09:56,2018-06-13 12:09:56,0,1.0,5.3554333881140835e-06,False,-0.12785684386772708,0.0,0.0,Monitor (low volume)
d6cd01c59123df02fc226eadbadb5f89,1,5.0,0.0,0.0,10.928472222222222,7.56875,18.502777777777776,69.9,86.15,0.23247496423462086,SP,electronics,2018-01-11 23:07:22,2018-01-11 23:07:22,0,1.0,5.348546847109222e-06,False,-0.12785684386772708,0.0,0.0,Monitor (low volume)
fe9d9cf8631285d5982c6e2cf27fb114,1,4.0,0.0,0.0,0.6465277777777778,4.227083333333334,4.902777777777778,69.9,93.54,0.3381974248927038,MG,sports_leisure,2018-07-19 21:58:43,2018-07-19 21:58:43,0,1.0,5.348546847109222e-06,False,-0.12785684386772708,0.0,0.0,Monitor (low volume)
d598f929fc44e1e38678e7f47250ec04,1,5.0,0.0,0.0,4.8277777777777775,6.397222222222222,11.235416666666667,69.9,107.30000000000001,0.5350500715307581,GO,auto,2018-06-22 10:43:09,2018-06-22 10:43:09,0,1.0,5.348546847109222e-06,False,-0.12785684386772708,0.0,0.0,Monitor (low volume)
b5d034ac251546e25afe9067f05c1539,1,5.0,0.0,0.0,,9.102777777777778,12.577083333333333,69.9,85.27000000000001,0.2198855507868383,SP,baby,2018-04-21 05:31:57,2018-04-21 05:31:57,0,1.0,5.348546847109222e-06,False,-0.12785684386772708,0.0,0.0,Monitor (low volume)
d9b00a97818674c7f8d8b1ef0e689679,1,3.0,0.0,0.0,1.0027777777777778,1.1875,2.202777777777778,69.9,79.08000000000001,0.13133047210300428,PR,health_beauty,2018-08-14 15:26:06,2018-08-14 15:26:06,0,1.0,5.348546847109222e-06,False,-0.12785684386772708,0.0,0.0,Monitor (low volume)
4e92348462c75b6c842b994ce84a0ed4,1,5.0,0.0,0.0,4.8597222222222225,3.2180555555555554,9.8375,69.9,85.49000000000001,0.22303290414878396,RS,health_beauty,2018-07-03 22:20:41,2018-07-03 22:20:41,0,1.0,5.348546847109222e-06,False,-0.12785684386772708,0.0,0.0,Monitor (low volume)
f3511c85f59f8dec53d140501ee8e7a8,1,5.0,0.0,0.0,0.9930555555555556,0.9152777777777777,1.9166666666666667,69.9,78.01,0.11602288984263232,PR,health_beauty,2017-08-13 20:03:35,2017-08-13 20:03:35,0,1.0,5.348546847109222e-06,False,-0.12785684386772708,0.0,0.0,Monitor (low volume)
5587130f9850696ed7fafbc91c2cee44,2,5.0,0.0,0.0,1.13125,3.6836805555555556,6.539236111111111,69.8,51.745,0.5677843123432795,SP,housewares,2018-07-13 17:55:51,2018-08-07 09:25:23,24,2.0,5.340895134881597e-06,False,-0.25571368773545416,0.0,0.0,Monitor (low volume)
edb65fe661681b1c0de8bd47c8655855,1,3.0,0.0,0.0,5.147916666666666,7.94375,14.114583333333334,69.0,84.24,0.22086956521739132,SP,small_appliances,2017-04-26 12:37:33,2017-04-26 12:37:33,0,1.0,5.279681437060605e-06,False,-0.12785684386772708,0.0,0.0,Monitor (low volume)
8cb7c5ddf41f4d506eba76e9a4702a25,1,5.0,0.0,0.0,7.6090277777777775,8.360416666666667,16.013194444444444,69.0,97.88,0.41855072463768117,GO,sports_leisure,2018-02-07 22:52:02,2018-02-07 22:52:02,0,1.0,5.279681437060605e-06,False,-0.12785684386772708,0.0,0.0,Monitor (low volume)
461ff5303b6c9c1a4a07f40c5aece516,2,5.0,0.0,0.0,2.0381944444444446,5.734375,8.276388888888889,67.8,52.03,0.5387838461605455,PR,health_beauty,2018-02-23 11:35:10,2018-07-14 19:34:45,141,0.43177304964539004,5.1878608903291165e-06,False,-0.25571368773545416,0.0,0.0,Monitor (low volume)
723a46b89fd5c3ed78ccdf039e33ac63,1,4.0,0.0,0.0,0.6729166666666667,7.309722222222222,7.998611111111111,66.64,90.03999999999999,0.35114045618247297,RS,auto,2018-05-28 23:06:44,2018-05-28 23:06:44,0,1.0,5.099101028488677e-06,False,-0.12785684386772708,0.0,0.0,Monitor (low volume)
c6381b1321d7d97717a5bb4ed5b77882,2,3.0,0.5,0.0,1.6267361111111112,2.6045138888888886,4.809027777777778,66.0,50.004999999999995,0.6441428571428571,SP,perfumery,2018-07-09 20:42:03,2018-08-09 23:19:46,31,1.9638709677419355,5.050130070231883e-06,False,0.7442863122645458,24.56144830473001,5.6239016021424586e-05,Monitor (low volume)
d58d521f3789def2e7a22715e0badd93,2,3.5,0.0,0.0,2.0961805555555557,2.410416666666667,4.854166666666667,65.98,42.1,0.27614428614731734,SP,computers_accessories,2017-11-10 10:25:55,2018-03-20 12:08:39,130,0.4683076923076923,5.048599727786359e-06,False,-0.25571368773545416,0.0,0.0,Monitor (low volume)
76623fde66e6b63b59440fd34160512d,3,4.0,0.0,0.0,2.0900462962962965,1.293287037037037,3.388888888888889,65.4,29.580000000000002,0.6068653830407699,SP,fashion_bags_accessories,2017-09-02 12:03:14,2018-01-08 15:05:57,128,0.7134375,5.004219796866139e-06,False,-0.3835705316031812,0.0,0.0,Monitor (low volume)
d4a5e99e0dd915df64ba55a7fbd583fd,2,3.0,0.5,0.0,4.981249999999999,7.59375,12.585416666666667,65.15,74.875,1.1989968968752254,SP,health_beauty,2017-10-26 11:22:23,2017-10-26 22:55:40,0,2.0,4.985090516297079e-06,False,0.7442863122645458,24.24512662201758,5.55147256635729e-05,Monitor (low volume)
52831e5990d0771cb4951d6f12928167,1,3.0,0.0,0.0,1.3125,3.2909722222222224,5.10625,65.0,78.12,0.20184615384615384,SP,sports_leisure,2018-08-06 16:31:57,2018-08-06 16:31:57,0,1.0,4.973612947955643e-06,False,-0.12785684386772708,0.0,0.0,Monitor (low volume)
933446e9a59dece7ae9175103820ca8f,1,5.0,0.0,0.0,15.519444444444444,8.040277777777778,24.027083333333334,64.99,87.36999999999999,0.34436067087244193,PR,housewares,2017-01-24 15:37:05,2017-01-24 15:37:05,0,1.0,4.97284777673288e-06,False,-0.12785684386772708,0.0,0.0,Monitor (low volume)
447d377bdb757058acb569025ee18a93,1,5.0,0.0,0.0,3.2194444444444446,14.746527777777779,18.004166666666666,64.99,83.00999999999999,0.2772734266810279,RS,stationery,2018-02-02 18:46:41,2018-02-02 18:46:41,0,1.0,4.97284777673288e-06,False,-0.12785684386772708,0.0,0.0,Monitor (low volume)
c8771b1a10bb99bb34d3c459c5cffb53,1,5.0,0.0,0.0,2.863888888888889,3.9444444444444446,6.815972222222222,64.9,96.10000000000001,0.4807395993836671,SP,toys,2017-05-30 16:14:58,2017-05-30 16:14:58,0,1.0,4.965961235728019e-06,False,-0.12785684386772708,0.0,0.0,Monitor (low volume)
391bbd13b6452244774beff1824006ed,1,1.0,1.0,1.0,14.275694444444444,29.28263888888889,44.56527777777778,63.9,81.6,0.27699530516431925,SP,sports_leisure,2018-03-05 11:05:50,2018-03-05 11:05:50,0,1.0,4.889444113451778e-06,False,0.8721431561322729,55.729947676852234,0.00012760637652088565,Monitor (low volume)
b452cb0ae35044c4a53179c39f49fb06,2,4.0,0.0,0.0,11.491319444444445,5.219444444444444,16.722569444444446,63.699999999999996,50.99499999999999,0.5801523306911125,SP,auto,2018-06-01 17:13:00,2018-06-02 13:16:37,0,2.0,4.87414068899653e-06,False,-0.25571368773545416,0.0,0.0,Monitor (low volume)
9e94fa26a70ede4d26226e918e8706a2,1,5.0,0.0,0.0,4.715972222222222,0.9166666666666666,5.644444444444445,62.8,72.74,0.15828025477707006,SP,housewares,2017-08-04 03:06:27,2017-08-04 03:06:27,0,1.0,4.805275278947913e-06,False,-0.12785684386772708,0.0,0.0,Monitor (low volume)
f0ec78809fe0bc3edb11c9fe5b97b059,2,4.0,0.0,0.0,5.508680555555555,3.8256944444444443,9.346875,62.599999999999994,43.129999999999995,0.37058421373099887,SP,housewares,2018-06-09 12:47:27,2018-07-18 12:50:16,39,1.5610256410256411,4.7899718544926645e-06,False,-0.25571368773545416,0.0,0.0,Monitor (low volume)
2cb98e27ce1c18abdb42209b34c382a7,1,4.0,0.0,0.0,1.01875,18.027083333333334,19.064583333333335,62.49,119.7,0.9155064810369659,SP,auto,2018-06-19 14:30:42,2018-06-19 14:30:42,0,1.0,4.781554971042279e-06,False,-0.12785684386772708,0.0,0.0,Monitor (low volume)
6a3139c7bf09ece22a4713d956acbe5e,1,5.0,0.0,0.0,0.10625,3.236111111111111,3.873611111111111,61.9,76.64,0.2381260096930533,SP,sports_leisure,2018-07-23 21:47:34,2018-07-23 21:47:34,0,1.0,4.7364098688992965e-06,False,-0.12785684386772708,0.0,0.0,Monitor (low volume)
f7c31656c19db6275a8acadca289f426,1,3.0,0.0,0.0,1.5298611111111111,11.845138888888888,13.38125,61.56,77.75,0.2629954515919428,SP,unknown,2018-02-15 11:26:40,2018-02-15 11:26:40,0,1.0,4.710394047325375e-06,False,-0.12785684386772708,0.0,0.0,Monitor (low volume)
b3e2faf2c1004d674f16a3aa3197f0e1,3,5.0,0.0,0.0,1.969212962962963,4.572685185185185,6.791898148148149,61.47,31.74666666666667,0.6029675244210614,SP,auto,2017-02-07 19:50:11,2017-05-10 10:34:13,91,1.0035164835164836,4.703507506320513e-06,False,-0.3835705316031812,0.0,0.0,Monitor (low volume)
1d0646a72178a6fb37ee8082140e06ec,2,5.0,0.0,0.0,1.2211805555555557,6.4208333333333325,7.651736111111111,61.0,48.81,0.6003278688524589,SC,perfumery,2018-07-16 14:24:22,2018-08-22 18:52:42,37,1.6454054054054055,4.66754445885068e-06,False,-0.25571368773545416,0.0,0.0,Monitor (low volume)
7963e546f34e098b578f9ad102494601,1,5.0,0.0,0.0,0.4625,16.135416666666668,18.147222222222222,60.99,82.22,0.3480898507952123,SP,sports_leisure,2017-11-05 18:19:24,2017-11-05 18:19:24,0,1.0,4.666779287627918e-06,False,-0.12785684386772708,0.0,0.0,Monitor (low volume)
be7a093e5b4d147b36b72bb1f9e415e5,1,5.0,0.0,0.0,1.79375,3.423611111111111,5.329166666666667,60.9,83.25999999999999,0.3671592775041051,PR,health_beauty,2018-07-07 10:44:58,2018-07-07 10:44:58,0,1.0,4.659892746623056e-06,False,-0.12785684386772708,0.0,0.0,Monitor (low volume)
83f2b4881141ce3fcd4e985125d3279e,3,5.0,0.0,0.3333333333333333,4.078009259259259,13.699768518518518,18.19212962962963,60.7,33.79333333333333,0.8425321653057751,SP,baby,2018-01-24 08:45:48,2018-03-18 14:49:40,53,1.7230188679245284,4.644589322167808e-06,False,-0.3835705316031812,0.0,0.0,Monitor (low volume)
9ac75591b69c3402684b6ce0310f22ee,1,5.0,0.0,1.0,0.6305555555555555,1.3569444444444445,2.984722222222222,60.5,69.67,0.1515702479338843,SP,housewares,2018-08-21 22:09:39,2018-08-21 22:09:39,0,1.0,4.6292858977125595e-06,False,-0.12785684386772708,0.0,0.0,Monitor (low volume)
85e7c62c1d6ea078c3897424f867a7c8,2,4.5,0.0,0.0,3.1458333333333335,3.995138888888889,7.8500000000000005,60.0,43.85,0.46166666666666667,SC,pet_shop,2017-12-27 19:48:04,2018-01-17 16:46:29,20,2.0,4.59102733657444e-06,False,-0.25571368773545416,0.0,0.0,Monitor (low volume)
74a9b9bddf14ece02beb81f52c41a88d,1,5.0,0.0,0.0,9.109027777777778,11.790972222222223,20.94375,60.0,77.7,0.295,SP,cool_stuff,2018-02-07 20:57:16,2018-02-07 20:57:16,0,1.0,4.59102733657444e-06,False,-0.12785684386772708,0.0,0.0,Monitor (low volume)
24a6daf925d9d591870a66660416de31,2,4.5,0.0,0.0,0.8677083333333333,12.461458333333333,13.617013888888888,60.0,45.040000000000006,0.5054393770856508,SP,books_general_interest,2018-01-29 09:47:12,2018-05-06 20:33:11,97,0.6276288659793815,4.59102733657444e-06,False,-0.25571368773545416,0.0,0.0,Monitor (low volume)
7c462184585ae80bd6e5774c62ce50f2,1,3.0,0.0,1.0,14.015972222222222,1.9055555555555554,16.041666666666668,60.0,77.64,0.294,SP,baby,2018-05-07 12:38:04,2018-05-07 12:38:04,0,1.0,4.59102733657444e-06,False,-0.12785684386772708,0.0,0.0,Monitor (low volume)
0ee4fb99ac55ffbbc98795aa01b7f8fa,1,5.0,0.0,0.0,3.048611111111111,3.826388888888889,6.883333333333334,59.9,70.92999999999999,0.18414023372287144,SP,furniture_decor,2017-05-01 10:30:43,2017-05-01 10:30:43,0,1.0,4.583375624346815e-06,False,-0.12785684386772708,0.0,0.0,Monitor (low volume)
8fb67a334bacec338885b4e9e1708073,1,5.0,0.0,0.0,2.0458333333333334,6.163194444444445,8.214583333333334,59.9,98.42,0.6430717863105176,PR,furniture_decor,2018-07-15 12:57:04,2018-07-15 12:57:04,0,1.0,4.583375624346815e-06,False,-0.12785684386772708,0.0,0.0,Monitor (low volume)
6ebf4eceee4dd9847201c82e77ef8123,1,5.0,0.0,0.0,1.4180555555555556,13.589583333333334,15.01736111111111,59.9,82.03,0.369449081803005,RJ,health_beauty,2018-04-04 23:21:54,2018-04-04 23:21:54,0,1.0,4.583375624346815e-06,False,-0.12785684386772708,0.0,0.0,Monitor (low volume)
9ef932e837d8b7f392c0bfee9d359dc2,1,3.0,0.0,1.0,1.4083333333333334,35.049305555555556,36.47013888888889,59.9,79.56,0.3282136894824708,SP,unknown,2017-11-20 12:49:35,2017-11-20 12:49:35,0,1.0,4.583375624346815e-06,False,-0.12785684386772708,0.0,0.0,Monitor (low volume)
3e46a38ee171c503c3b4a3f23fe3bf0c,1,5.0,0.0,0.0,2.9694444444444446,1.2013888888888888,4.184722222222222,59.9,69.00999999999999,0.15208681135225374,SP,health_beauty,2018-06-22 13:20:40,2018-06-22 13:20:40,0,1.0,4.583375624346815e-06,False,-0.12785684386772708,0.0,0.0,Monitor (low volume)
75fdd0a732287f9497b179f6bd445d32,1,5.0,0.0,0.0,2.7840277777777778,8.091666666666667,10.883333333333333,59.9,76.08,0.2701168614357262,SP,unknown,2017-09-19 00:19:17,2017-09-19 00:19:17,0,1.0,4.583375624346815e-06,False,-0.12785684386772708,0.0,0.0,Monitor (low volume)
3da38366e7bd9baf6369071f782ecdf0,1,1.0,1.0,1.0,22.507638888888888,30.29861111111111,53.34791666666667,59.47,86.43,0.4533378173869178,CE,auto,2018-01-04 13:37:09,2018-01-04 13:37:09,0,1.0,4.550473261768032e-06,False,0.8721431561322729,51.86635349518627,0.0001187597998700637,Monitor (low volume)
63704069d9bd3a75c1cf59babe56004a,1,1.0,1.0,1.0,7.295833333333333,10.356944444444444,18.275694444444444,59.3,66.69,0.12462057335581787,SP,drinks,2018-06-08 12:00:50,2018-06-08 12:00:50,0,1.0,4.537465350981071e-06,False,0.8721431561322729,51.71808915864378,0.00011842031498730078,Monitor (low volume)
db1f0f7c7e5e87f40b62226f020bb297,3,4.666666666666667,0.0,0.0,1.503935185185185,7.866666666666666,9.605324074074074,59.01,41.24333333333333,2.302387772097864,PR,signaling_and_security,2017-04-03 18:04:29,2017-05-09 10:19:17,35,2.609142857142857,4.515275385520961e-06,False,-0.3835705316031812,0.0,0.0,Monitor (low volume)
1d953075c2f0dd990bacf27b83b330f1,1,5.0,0.0,0.0,1.0430555555555556,6.229166666666667,7.282638888888889,59.0,78.32,0.32745762711864407,MG,computers_accessories,2018-08-13 11:35:50,2018-08-13 11:35:50,0,1.0,4.5145102142981985e-06,False,-0.12785684386772708,0.0,0.0,Monitor (low volume)
2aafae69bf4c41fbd94053d9413e87ee,1,5.0,0.0,0.0,3.83125,7.988888888888889,11.832638888888889,59.0,77.34,0.31084745762711863,RS,stationery,2018-05-24 15:22:39,2018-05-24 15:22:39,0,1.0,4.5145102142981985e-06,False,-0.12785684386772708,0.0,0.0,Monitor (low volume)
0af2ab31141893d26aca5a404a537dab,1,5.0,0.0,0.0,0.5305555555555556,5.197222222222222,5.809722222222222,59.0,74.51,0.2628813559322034,SP,computers_accessories,2018-08-23 22:37:44,2018-08-23 22:37:44,0,1.0,4.5145102142981985e-06,False,-0.12785684386772708,0.0,0.0,Monitor (low volume)
2f1e7b90e01d9f086cbcb301c0c3d406,1,5.0,0.0,0.0,0.8506944444444444,6.254166666666666,7.110416666666667,59.0,71.66,0.21457627118644068,SC,construction_tools_construction,2017-11-27 23:03:26,2017-11-27 23:03:26,0,1.0,4.5145102142981985e-06,False,-0.12785684386772708,0.0,0.0,Monitor (low volume)
dd5450b022b2d00a2145a66331e1aef6,1,5.0,0.0,0.0,0.10208333333333333,7.069444444444445,7.1819444444444445,59.0,81.34,0.37864406779661014,SC,housewares,2018-06-29 12:16:28,2018-06-29 12:16:28,0,1.0,4.5145102142981985e-06,False,-0.12785684386772708,0.0,0.0,Monitor (low volume)
37303482a42fb700d8d127e70a9cd6c8,1,5.0,0.0,0.0,1.1298611111111112,0.9097222222222222,2.0520833333333335,58.9,67.00999999999999,0.13769100169779286,SP,toys,2017-12-11 14:52:54,2017-12-11 14:52:54,0,1.0,4.506858502070574e-06,False,-0.12785684386772708,0.0,0.0,Monitor (low volume)
d180e07dc1e58c31c3f0cd599dc4d945,1,3.0,0.0,0.0,0.35138888888888886,7.636111111111111,7.997222222222222,58.8,72.96,0.24081632653061225,MG,unknown,2018-01-26 14:08:25,2018-01-26 14:08:25,0,1.0,4.49920678984295e-06,False,-0.12785684386772708,0.0,0.0,Monitor (low volume)
8fff28c4263ddec387f28d237fb42773,2,5.0,0.0,0.0,0.31909722222222225,5.2125,5.756597222222222,58.6,56.315,0.85962771421487,SP,bed_bath_table,2018-08-14 16:39:01,2018-08-21 08:23:49,6,2.0,4.483903365387703e-06,False,-0.25571368773545416,0.0,0.0,Monitor (low volume)
cecd97bc34ed8330bd4cd15713eda670,1,1.0,1.0,0.0,1.820138888888889,5.307638888888889,7.138194444444444,57.99,76.5,0.3191929643041904,SC,toys,2018-08-13 17:09:30,2018-08-13 17:09:30,0,1.0,4.437227920799196e-06,False,0.8721431561322729,50.575581624110505,0.0001158042844201277,Monitor (low volume)
cac4e0bc1a3269fa2b6ea5e763f6115b,2,5.0,0.0,0.0,3.1805555555555554,6.576388888888889,11.330902777777778,57.88,54.010000000000005,0.8725257211711758,SC,unknown,2017-11-26 20:39:49,2018-03-27 05:53:39,120,0.5073333333333334,4.428811037348809e-06,False,-0.25571368773545416,0.0,0.0,Monitor (low volume)
48e5ee06fb2dc74df1c711a9b6dfac2a,1,5.0,0.0,0.0,3.1118055555555557,8.115972222222222,11.24236111111111,57.0,102.3,0.7947368421052631,MG,construction_tools_construction,2018-02-03 13:49:34,2018-02-03 13:49:34,0,1.0,4.361475969745718e-06,False,-0.12785684386772708,0.0,0.0,Monitor (low volume)
5f0057b677eb963672bf05dfa3f16c34,2,5.0,0.0,0.0,0.28576388888888893,3.688194444444444,3.9826388888888893,56.89,40.980000000000004,0.4389913395398519,SP,computers_accessories,2017-01-23 22:29:40,2017-02-02 03:48:06,9,2.0,4.353059086295331e-06,False,-0.25571368773545416,0.0,0.0,Monitor (low volume)
324583d68897f5ddbaf38f6248322176,1,1.0,1.0,1.0,2.2416666666666667,31.2125,33.46875,56.0,86.2,0.5392857142857143,SP,furniture_decor,2018-02-21 12:09:19,2018-02-21 12:09:19,0,1.0,4.2849588474694764e-06,False,0.8721431561322729,48.84001674340728,0.00011183031432190293,Monitor (low volume)
ac9b01377919cdbd2a1bbb8d5837c70b,1,3.0,0.0,0.0,0.8083333333333333,8.980555555555556,9.797222222222222,55.9,79.44,0.4211091234347048,SP,construction_tools_lights,2018-08-05 18:53:35,2018-08-05 18:53:35,0,1.0,4.277307135241852e-06,False,-0.12785684386772708,0.0,0.0,Monitor (low volume)
3e35a8bb43569389d3cebef0ce820f69,1,5.0,0.0,0.0,5.188194444444444,2.7131944444444445,7.917361111111111,55.8,84.67999999999999,0.5175627240143369,SP,drinks,2018-04-12 19:47:40,2018-04-12 19:47:40,0,1.0,4.269655423014228e-06,False,-0.12785684386772708,0.0,0.0,Monitor (low volume)
ebe3dabc4955c9b0d695e7bda38bf5c3,1,3.0,0.0,1.0,8.147916666666667,15.277777777777779,23.452083333333334,55.0,66.89,0.2161818181818182,SP,computers_accessories,2018-02-20 15:22:53,2018-02-20 15:22:53,0,1.0,4.208441725193236e-06,False,-0.12785684386772708,0.0,0.0,Monitor (low volume)
d85efbc8eff2b7adf524e2820569adc8,1,5.0,0.0,0.0,1.8395833333333333,1.0881944444444445,2.946527777777778,55.0,63.29,0.1507272727272727,SP,stationery,2018-05-12 22:49:25,2018-05-12 22:49:25,0,1.0,4.208441725193236e-06,False,-0.12785684386772708,0.0,0.0,Monitor (low volume)
0b1ca3ef18a63d7eb0c8897fa0849c08,1,5.0,0.0,0.0,3.917361111111111,1.7083333333333333,6.709722222222222,55.0,62.87,0.1430909090909091,SP,health_beauty,2018-04-12 00:10:10,2018-04-12 00:10:10,0,1.0,4.208441725193236e-06,False,-0.12785684386772708,0.0,0.0,Monitor (low volume)
c7246702dc991a06d788120dc7544391,1,5.0,0.0,0.0,1.4347222222222222,18.243055555555557,20.986805555555556,54.86,72.52,0.3219103171709807,CE,cool_stuff,2018-02-19 22:45:39,2018-02-19 22:45:39,0,1.0,4.197729328074563e-06,False,-0.12785684386772708,0.0,0.0,Monitor (low volume)
26f6b7ab07be3e9e69ce82a6552efc19,2,3.0,0.5,0.5,6.362500000000001,3.861111111111111,10.984722222222222,54.8,40.375,0.4954634591879223,RJ,sports_leisure,2018-08-14 01:00:24,2018-08-15 15:12:34,1,2.0,4.193138300737988e-06,False,0.7442863122645458,20.393444956048555,4.66954254238495e-05,Monitor (low volume)
c13fb473e7cb8b83ccd543c094df0608,2,3.5,0.0,0.0,2.7993055555555557,9.958333333333334,12.7625,54.8,41.76,0.5056284286763331,SP,fixed_telephony,2017-01-30 22:18:53,2017-03-20 10:48:56,48,1.2683333333333333,4.193138300737988e-06,False,-0.25571368773545416,0.0,0.0,Monitor (low volume)
d8d9567d0bfb0bc7eb845a205ba42657,3,4.333333333333333,0.0,0.6666666666666666,1.2587962962962964,14.42962962962963,16.208333333333332,54.699999999999996,35.236666666666665,0.9828774746214294,SP,books_general_interest,2018-03-28 22:20:31,2018-08-13 14:59:15,137,0.6665693430656934,4.185486588510364e-06,False,-0.3835705316031812,0.0,0.0,Monitor (low volume)
d297f1055de2956aedfd3b04113dce3e,1,4.0,0.0,0.0,1.3375,1.2361111111111112,3.80625,54.3,61.94,0.1406998158379374,SP,agro_industry_and_commerce,2018-08-20 22:00:09,2018-08-20 22:00:09,0,1.0,4.154879739599867e-06,False,-0.12785684386772708,0.0,0.0,Monitor (low volume)
720e6cf846ea7572cbb66b743fb91e6c,1,5.0,0.0,0.0,4.934027777777778,11.2125,16.146527777777777,54.0,68.55,0.26944444444444443,SP,health_beauty,2017-03-18 12:23:46,2017-03-18 12:23:46,0,1.0,4.131924602916996e-06,False,-0.12785684386772708,0.0,0.0,Monitor (low volume)
c1552b1dab6e6f760950368ae61fb600,2,2.5,0.5,0.0,1.6114583333333334,3.4458333333333333,5.066319444444444,53.8,34.345,0.3029525022361699,SP,health_beauty,2018-08-22 14:24:54,2018-08-25 11:00:52,2,2.0,4.116621178461747e-06,False,0.7442863122645458,20.02130179991628,4.5843319120494584e-05,Monitor (low volume)
a2a41aedb70551d4a85aa04dc2fced48,2,4.0,0.0,0.0,2.683333333333333,4.989236111111111,8.864930555555556,52.79,39.865,0.49997754992968063,SP,home_appliances,2017-11-16 13:53:55,2017-12-03 10:52:08,16,2.0,4.039338884962744e-06,False,-0.25571368773545416,0.0,0.0,Monitor (low volume)
392f7f2c797e4dc077e4311bde2ab8ce,2,5.0,0.0,0.0,0.15208333333333332,4.509375,5.309027777777778,52.0,44.28,0.7030769230769232,RN,auto,2018-08-20 21:10:45,2018-08-21 10:10:40,0,2.0,3.978890358364514e-06,False,-0.25571368773545416,0.0,0.0,Monitor (low volume)
84c945f15571830c1a91a33978e94009,2,4.5,0.0,0.0,3.3041666666666667,6.13298611111111,9.440972222222221,51.98,39.019999999999996,0.501346671796845,SP,housewares,2017-03-20 23:42:55,2017-05-14 08:39:56,54,1.1274074074074074,3.977360015918989e-06,False,-0.25571368773545416,0.0,0.0,Monitor (low volume)
258447aad3f7b01e2643c89f64dc5647,1,5.0,0.0,0.0,0.6909722222222222,7.247916666666667,7.946527777777778,51.9,71.45,0.37668593448940274,PR,health_beauty,2018-07-24 19:44:56,2018-07-24 19:44:56,0,1.0,3.97123864613689e-06,False,-0.12785684386772708,0.0,0.0,Monitor (low volume)
07e8e8fc5222bb358e6f259da3197074,2,4.0,0.0,0.0,4.034375,4.579166666666667,8.637847222222222,51.8,37.43,0.4451737451737452,SP,unknown,2018-02-21 06:27:09,2018-08-08 22:13:19,168,0.3623809523809524,3.963586933909266e-06,False,-0.25571368773545416,0.0,0.0,Monitor (low volume)
e9e446d01bd10a97a8ffcfc4a3a20cb2,3,4.333333333333333,0.0,0.0,1.3724537037037037,2.817361111111111,5.30462962962963,51.15,24.439999999999998,0.4400841736503094,SP,perfumery,2018-06-05 19:53:27,2018-07-08 19:59:16,33,2.767272727272727,3.91385080442971e-06,False,-0.3835705316031812,0.0,0.0,Monitor (low volume)
eaf6d55068dea77334e8477d3878d89e,3,5.0,0.0,0.0,2.116203703703704,3.1912037037037035,6.129398148148148,51.0,28.003333333333334,0.6472549019607843,SP,auto,2018-06-26 11:01:38,2018-07-28 19:53:30,32,2.85375,3.9023732360882735e-06,False,-0.3835705316031812,0.0,0.0,Monitor (low volume)
535bf14f36346c7f59d87cece104d70c,1,4.0,0.0,1.0,1.8604166666666666,1.3541666666666667,4.218055555555556,50.0,57.769999999999996,0.15539999999999998,RJ,construction_tools_lights,2018-08-19 11:28:30,2018-08-19 11:28:30,0,1.0,3.825856113812033e-06,False,-0.12785684386772708,0.0,0.0,Monitor (low volume)
8cf21434553b02cbd37c0bbd07e041b0,1,4.0,0.0,0.0,3.0833333333333335,8.03125,11.2125,49.99,73.21000000000001,0.46449289857971593,SC,auto,2017-11-24 15:16:27,2017-11-24 15:16:27,0,1.0,3.82509094258927e-06,False,-0.12785684386772708,0.0,0.0,Monitor (low volume)
217f005bb37ff3aeef5b2ae1788e75ba,2,4.5,0.0,0.0,5.895833333333334,8.551736111111111,14.454166666666666,49.98,40.065,0.6032412965186075,SP,fashion_sport,2017-04-21 20:16:02,2017-05-10 09:00:07,18,2.0,3.824325771366508e-06,False,-0.25571368773545416,0.0,0.0,Monitor (low volume)
7b3447b497e55af8c15fc7bd89d7b81a,1,5.0,0.0,0.0,9.894444444444444,3.1569444444444446,13.095138888888888,49.9,70.65,0.41583166332665333,SP,sports_leisure,2017-11-17 19:53:15,2017-11-17 19:53:15,0,1.0,3.818204401584409e-06,False,-0.12785684386772708,0.0,0.0,Monitor (low volume)
fe19dce63ae80346207c6c55713d1023,1,5.0,0.0,0.0,0.7444444444444445,6.249305555555556,7.001388888888889,49.9,71.72,0.4372745490981964,MG,health_beauty,2017-01-31 15:39:27,2017-01-31 15:39:27,0,1.0,3.818204401584409e-06,False,-0.12785684386772708,0.0,0.0,Monitor (low volume)
9140ef75cc8211c4035935e80e567204,1,5.0,0.0,0.0,0.8673611111111111,10.317361111111111,12.179166666666667,49.9,72.18,0.4464929859719439,PR,pet_shop,2018-08-01 18:58:49,2018-08-01 18:58:49,0,1.0,3.818204401584409e-06,False,-0.12785684386772708,0.0,0.0,Monitor (low volume)
2c2c9832d1bb38c5b0034a3b47d313ee,1,3.0,0.0,0.0,5.195833333333334,6.889583333333333,12.093055555555555,49.9,68.35,0.3697394789579158,RS,perfumery,2018-07-27 10:44:02,2018-07-27 10:44:02,0,1.0,3.818204401584409e-06,False,-0.12785684386772708,0.0,0.0,Monitor (low volume)
58e4b302b54937e55a678c4d15111da4,1,5.0,0.0,0.0,2.9965277777777777,3.134027777777778,7.159027777777778,49.9,64.42,0.2909819639278557,PR,health_beauty,2017-01-26 11:09:11,2017-01-26 11:09:11,0,1.0,3.818204401584409e-06,False,-0.12785684386772708,0.0,0.0,Monitor (low volume)
3ded4e2d5f135cb103e5949d7263d2dd,1,5.0,0.0,0.0,0.7111111111111111,3.759027777777778,5.149305555555555,49.9,62.379999999999995,0.2501002004008016,MG,computers_accessories,2018-02-15 15:37:34,2018-02-15 15:37:34,0,1.0,3.818204401584409e-06,False,-0.12785684386772708,0.0,0.0,Monitor (low volume)
7315baebc0572ff220d226283dc66728,2,4.0,0.0,0.0,0.5326388888888889,6.5881944444444445,8.09236111111111,49.849999999999994,38.11,0.5276767359179626,SP,unknown,2017-04-26 13:17:05,2017-06-28 09:51:56,62,0.9819354838709677,3.814378545470596e-06,False,-0.25571368773545416,0.0,0.0,Monitor (low volume)
2c00c85d30361cd2ced2969cffbbffa3,1,5.0,0.0,0.0,0.8638888888888889,0.99375,1.8743055555555554,49.8,57.51,0.15481927710843374,MG,baby,2018-04-16 19:27:56,2018-04-16 19:27:56,0,1.0,3.8105526893567845e-06,False,-0.12785684386772708,0.0,0.0,Monitor (low volume)
1b61fb1f0f2185d89e9a126c498e9cc7,1,5.0,0.0,0.0,4.402083333333334,6.949305555555555,11.358333333333333,49.7,65.81,0.32414486921529173,PR,furniture_decor,2017-06-23 07:15:39,2017-06-23 07:15:39,0,1.0,3.8029009771291608e-06,False,-0.12785684386772708,0.0,0.0,Monitor (low volume)
42d4b7e70819438f5ada61c965e92d7e,1,1.0,1.0,0.0,9.13125,12.793055555555556,21.939583333333335,49.599999999999994,100.78,1.0318548387096775,GO,drinks,2018-03-20 14:07:40,2018-03-20 14:07:40,0,1.0,3.7952492649015362e-06,False,0.8721431561322729,43.25830054416073,9.904970697082831e-05,Monitor (low volume)
e0487761face83d64fcada2408959a36,2,4.5,0.0,0.0,1.817013888888889,1.7114583333333333,3.5392361111111112,49.25,32.06,0.3023034055727554,SP,telephony,2018-08-24 15:05:27,2018-08-27 18:58:15,3,2.0,3.768468272104852e-06,False,-0.25571368773545416,0.0,0.0,Monitor (low volume)
1f7dfad2cb384ea4d2d7e1ffbd78c407,1,1.0,1.0,0.0,4.960416666666666,1.3895833333333334,6.361805555555556,49.0,57.29,0.16918367346938773,SP,baby,2018-05-05 13:16:14,2018-05-05 13:16:14,0,1.0,3.7493389915357923e-06,False,0.8721431561322729,42.735014650481375,9.785152503166507e-05,Monitor (low volume)
d63f306de130e0391d38a792541723b8,1,5.0,0.0,0.0,2.3,0.8597222222222223,3.3583333333333334,49.0,56.6,0.15510204081632653,SP,auto,2018-08-20 10:09:33,2018-08-20 10:09:33,0,1.0,3.7493389915357923e-06,False,-0.12785684386772708,0.0,0.0,Monitor (low volume)
c963a25b8671419c6ce9eebe8fd03218,1,5.0,0.0,0.0,1.4097222222222223,5.34375,6.854166666666667,49.0,68.32,0.3942857142857143,RJ,furniture_decor,2018-05-01 01:28:38,2018-05-01 01:28:38,0,1.0,3.7493389915357923e-06,False,-0.12785684386772708,0.0,0.0,Monitor (low volume)
2ef086a599b597572aca4433b7ed6b3d,1,5.0,0.0,0.0,1.2729166666666667,9.95138888888889,11.24375,49.0,64.1,0.3081632653061224,SC,health_beauty,2018-01-11 07:27:07,2018-01-11 07:27:07,0,1.0,3.7493389915357923e-06,False,-0.12785684386772708,0.0,0.0,Monitor (low volume)
ce33c6211beaa8fef4cae8b52db39862,1,3.0,0.0,0.0,1.2902777777777779,15.930555555555555,18.73263888888889,49.0,63.519999999999996,0.2963265306122449,SP,sports_leisure,2017-02-12 15:53:19,2017-02-12 15:53:19,0,1.0,3.7493389915357923e-06,False,-0.12785684386772708,0.0,0.0,Monitor (low volume)
417a1e6c7321084d2a0ae0d023cfad93,1,5.0,0.0,0.0,2.1118055555555557,3.877083333333333,6.072222222222222,48.9,61.379999999999995,0.2552147239263804,RS,housewares,2018-01-31 12:13:17,2018-01-31 12:13:17,0,1.0,3.741687279308168e-06,False,-0.12785684386772708,0.0,0.0,Monitor (low volume)
2e2f44824ab87a0cb961f68bf4073e7f,1,2.0,1.0,0.0,6.975,2.7319444444444443,10.955555555555556,48.0,65.93,0.37354166666666666,PR,unknown,2018-04-02 21:10:31,2018-04-02 21:10:31,0,1.0,3.6728218692595515e-06,False,0.8721431561322729,41.8628714943491,9.585455513305966e-05,Monitor (low volume)
a3fa18b3f688ec0fca3eb8bfcbd2d5b3,1,5.0,0.0,0.0,7.147916666666666,7.10625,14.26875,47.8,84.25999999999999,0.7627615062761507,SP,perfumery,2018-04-30 10:10:48,2018-04-30 10:10:48,0,1.0,3.6575184448043032e-06,False,-0.12785684386772708,0.0,0.0,Monitor (low volume)
513a54369b6a8a6602fcb0e129c6d78d,2,4.5,0.0,0.0,2.29375,1.259375,3.571527777777778,47.8,31.33,0.3196214045136075,SP,computers_accessories,2018-08-18 00:16:00,2018-08-26 12:06:17,8,2.0,3.6575184448043032e-06,False,-0.25571368773545416,0.0,0.0,Monitor (low volume)
cad10cc982ab6a391570c211b995c17c,1,5.0,0.0,0.0,,3.0277777777777777,4.297916666666667,47.4,60.19,0.269831223628692,SP,costruction_tools_garden,2018-04-22 12:03:21,2018-04-22 12:03:21,0,1.0,3.626911595893807e-06,False,-0.12785684386772708,0.0,0.0,Monitor (low volume)
baf15155e37ef5492731459bdc05be8a,1,5.0,0.0,0.0,28.177777777777777,4.875,33.05277777777778,47.0,55.72,0.18553191489361703,SP,bed_bath_table,2017-03-16 11:18:01,2017-03-16 11:18:01,0,1.0,3.5963047469833106e-06,False,-0.12785684386772708,0.0,0.0,Monitor (low volume)
51e0557bc7b86de13e946c60ee91ce39,1,5.0,0.0,0.0,2.33125,8.097916666666666,10.434027777777779,45.8,63.4,0.3842794759825328,MG,health_beauty,2017-05-14 01:23:01,2017-05-14 01:23:01,0,1.0,3.504484200251822e-06,False,-0.12785684386772708,0.0,0.0,Monitor (low volume)
8629a7efec1aab257e58cda559f03ba7,1,1.0,1.0,1.0,25.272222222222222,33.94513888888889,59.22708333333333,45.22,64.11,0.4177355152587351,GO,computers_accessories,2018-02-16 13:56:54,2018-02-16 13:56:54,0,1.0,3.4601042693316022e-06,False,0.8721431561322729,39.43831352030138,9.030297881493662e-05,Monitor (low volume)
2d8cfba3fcd3170555941605edaa196a,1,5.0,0.0,0.0,0.6930555555555555,4.260416666666667,4.9534722222222225,45.0,55.96,0.24355555555555558,SP,books_technical,2017-03-15 11:41:46,2017-03-15 11:41:46,0,1.0,3.4432705024308294e-06,False,-0.12785684386772708,0.0,0.0,Monitor (low volume)
70ee69419916dc13e3aed619061f996c,1,3.0,0.0,0.0,11.21875,3.2055555555555557,14.434722222222222,45.0,53.72,0.1937777777777778,SP,furniture_decor,2017-08-07 10:50:46,2017-08-07 10:50:46,0,1.0,3.4432705024308294e-06,False,-0.12785684386772708,0.0,0.0,Monitor (low volume)
1f2eebc0e970fd3c463e4f5d9652687a,1,5.0,0.0,1.0,6.572222222222222,4.824305555555555,11.45138888888889,44.99,53.47,0.18848633029562126,SP,books_technical,2018-08-09 16:06:19,2018-08-09 16:06:19,0,1.0,3.4425053312080673e-06,False,-0.12785684386772708,0.0,0.0,Monitor (low volume)
89dda63a3c907c468ec88c310ed91213,1,5.0,0.0,0.0,2.425,23.005555555555556,25.440277777777776,44.99,65.39,0.45343409646588123,SP,computers_accessories,2018-04-08 09:41:45,2018-04-08 09:41:45,0,1.0,3.4425053312080673e-06,False,-0.12785684386772708,0.0,0.0,Monitor (low volume)
5a4236931428800e9d9cc04af0987118,1,5.0,0.0,0.0,0.9972222222222222,2.9756944444444446,3.98125,44.97,90.66,1.0160106737825216,SP,housewares,2018-07-17 15:23:54,2018-07-17 15:23:54,0,1.0,3.4409749887625423e-06,False,-0.12785684386772708,0.0,0.0,Monitor (low volume)
da3fede3469bf49b7293ce3fc45b294d,1,5.0,0.0,0.0,5.286111111111111,5.941666666666666,11.24236111111111,44.9,57.69,0.28485523385300665,SP,books_general_interest,2018-03-17 18:07:02,2018-03-17 18:07:02,0,1.0,3.4356187902032053e-06,False,-0.12785684386772708,0.0,0.0,Monitor (low volume)
e5545d4d4473876ea78c5bcebca365c3,1,5.0,0.0,0.0,0.40555555555555556,4.090972222222222,5.197916666666667,44.5,57.47,0.29146067415730337,SP,toys,2018-06-27 11:45:21,2018-06-27 11:45:21,0,1.0,3.405011941292709e-06,False,-0.12785684386772708,0.0,0.0,Monitor (low volume)
42fb44130ac3134cde8e35cf8ec7df25,2,5.0,0.0,0.0,0.9350694444444445,4.964583333333334,5.903472222222222,43.8,34.64,0.581513355007331,SP,fashion_bags_accessories,2017-03-22 11:40:21,2017-03-23 16:19:43,1,2.0,3.3514499556993403e-06,False,-0.25571368773545416,0.0,0.0,Monitor (low volume)
15b3b1b81484422eb41df68ac87f1f50,1,1.0,1.0,0.0,5.980555555555555,8.515972222222222,14.629166666666666,43.35,56.04,0.2927335640138408,SP,health_beauty,2017-11-24 23:01:08,2017-11-24 23:01:08,0,1.0,3.3170172506750326e-06,False,0.8721431561322729,37.80740581833403,8.65686451045445e-05,Monitor (low volume)
4125d9385a25e82d2f72d3a0fd55bc3f,1,5.0,0.0,0.0,4.8125,4.166666666666667,8.990277777777777,42.9,61.3,0.42890442890442887,SP,housewares,2018-08-01 16:28:34,2018-08-01 16:28:34,0,1.0,3.282584545650724e-06,False,-0.12785684386772708,0.0,0.0,Monitor (low volume)
05a48cc8859962767935ab9087417fbb,1,5.0,0.0,0.0,5.797916666666667,5.4375,11.276388888888889,42.9,59.39,0.38438228438228433,SP,garden_tools,2018-08-02 12:05:38,2018-08-02 12:05:38,0,1.0,3.282584545650724e-06,False,-0.12785684386772708,0.0,0.0,Monitor (low volume)
7f02656561b680def9986c0795a8a080,1,5.0,0.0,0.0,3.5833333333333335,6.969444444444444,14.175694444444444,42.0,53.85,0.28214285714285714,SP,housewares,2017-08-18 13:19:58,2017-08-18 13:19:58,0,1.0,3.2137191356021078e-06,False,-0.12785684386772708,0.0,0.0,Monitor (low volume)
749e7cdabbaf72f16677859e27874ba5,1,1.0,1.0,0.0,2.1319444444444446,8.897916666666667,11.036805555555556,41.9,61.739999999999995,0.47350835322195706,SP,unknown,2017-09-03 17:20:56,2017-09-03 17:20:56,0,1.0,3.206067423374483e-06,False,0.8721431561322729,36.542798241942236,8.367303875156666e-05,Monitor (low volume)
6561d6bf844e464b4019442692b40e02,1,5.0,0.0,0.0,0.20416666666666666,1.2173611111111111,1.4340277777777777,41.9,49.449999999999996,0.1801909307875895,SP,sports_leisure,2018-08-28 09:26:43,2018-08-28 09:26:43,0,1.0,3.206067423374483e-06,False,-0.12785684386772708,0.0,0.0,Monitor (low volume)
3a3c180dd702a725bd0ba4117689239e,1,4.0,0.0,0.0,2.751388888888889,11.063194444444445,13.822222222222223,41.9,77.38,0.8467780429594272,PR,pet_shop,2018-05-04 20:19:38,2018-05-04 20:19:38,0,1.0,3.206067423374483e-06,False,-0.12785684386772708,0.0,0.0,Monitor (low volume)
16bdc8cefd0e32a6f0824d296c5ad14a,1,5.0,0.0,0.0,2.311111111111111,6.913194444444445,9.316666666666666,41.76,61.08,0.46264367816091956,SP,drinks,2018-04-11 08:22:30,2018-04-11 08:22:30,0,1.0,3.1953550262558095e-06,False,-0.12785684386772708,0.0,0.0,Monitor (low volume)
a213f1bd6458f4a158f3746cb2514559,1,5.0,0.0,0.0,1.8854166666666667,6.393055555555556,8.345833333333333,41.52,55.95,0.34754335260115604,PR,computers_accessories,2018-05-30 16:20:16,2018-05-30 16:20:16,0,1.0,3.176990916909512e-06,False,-0.12785684386772708,0.0,0.0,Monitor (low volume)
c2bda99904207edd1834f03e0022b007,1,4.0,0.0,0.0,4.593055555555556,6.127777777777778,12.421527777777778,39.9,47.68,0.1949874686716792,SP,books_general_interest,2017-09-27 09:25:55,2017-09-27 09:25:55,0,1.0,3.053033178822002e-06,False,-0.12785684386772708,0.0,0.0,Monitor (low volume)
d4828feed4cda2cd9d6b37899a95a71e,1,2.0,1.0,0.0,0.3125,13.186111111111112,13.506944444444445,39.9,62.11,0.556641604010025,CE,fashion_bags_accessories,2018-08-07 00:33:24,2018-08-07 00:33:24,0,1.0,3.053033178822002e-06,False,0.8721431561322729,34.79851192967769,7.967909895435584e-05,Monitor (low volume)
df683dfda87bf71ac3fc63063fba369d,1,1.0,1.0,1.0,3.4625,186.40069444444444,189.86319444444445,39.9,55.95,0.40225563909774437,RS,furniture_decor,2017-03-13 20:17:10,2017-03-13 20:17:10,0,1.0,3.053033178822002e-06,False,0.8721431561322729,34.79851192967769,7.967909895435584e-05,Monitor (low volume)
edb58a1390adf273840030a3d6253829,1,5.0,0.0,0.0,2.165277777777778,3.33125,5.503472222222222,39.9,58.28,0.4606516290726817,SP,home_appliances,2018-08-25 11:15:44,2018-08-25 11:15:44,0,1.0,3.053033178822002e-06,False,-0.12785684386772708,0.0,0.0,Monitor (low volume)
e595809a6c31ec4314fd06ef198c244d,1,5.0,0.0,0.0,1.7451388888888888,14.097916666666666,15.854166666666666,39.0,57.230000000000004,0.4674358974358975,SC,telephony,2018-03-12 03:12:59,2018-03-12 03:12:59,0,1.0,2.9841677687733857e-06,False,-0.12785684386772708,0.0,0.0,Monitor (low volume)
9558aa23f77a9e0a0eca83540999f43b,1,5.0,0.0,0.0,14.054166666666667,6.772916666666666,20.87152777777778,39.0,53.519999999999996,0.3723076923076923,PR,fashion_bags_accessories,2017-05-02 11:31:55,2017-05-02 11:31:55,0,1.0,2.9841677687733857e-06,False,-0.12785684386772708,0.0,0.0,Monitor (low volume)
c74f14c1e26cf1bd5bd34b6a1e274426,1,5.0,0.0,0.0,7.35625,14.439583333333333,24.230555555555554,39.0,55.79,0.43051282051282047,SC,books_general_interest,2018-01-27 19:05:19,2018-01-27 19:05:19,0,1.0,2.9841677687733857e-06,False,-0.12785684386772708,0.0,0.0,Monitor (low volume)
389e45560e33d2d0747f949dcddbc08e,1,5.0,0.0,0.0,0.68125,3.2597222222222224,3.9493055555555556,39.0,47.43,0.21615384615384614,SP,auto,2018-08-16 21:58:25,2018-08-16 21:58:25,0,1.0,2.9841677687733857e-06,False,-0.12785684386772708,0.0,0.0,Monitor (low volume)
0936e1837d0c79253456bbb2ffaaef10,1,5.0,0.0,0.0,4.886111111111111,12.854861111111111,18.366666666666667,38.9,70.02,0.8,SP,garden_tools,2017-04-11 22:09:31,2017-04-11 22:09:31,0,1.0,2.9765160565457616e-06,False,-0.12785684386772708,0.0,0.0,Monitor (low volume)
7caa63f175b1cecbfaadd8b5ab9998c7,1,1.0,1.0,0.0,1.0652777777777778,1.0833333333333333,2.154166666666667,38.89,56.95,0.4643867318076627,SP,bed_bath_table,2018-01-02 17:05:06,2018-01-02 17:05:06,0,1.0,2.975750885322999e-06,False,0.8721431561322729,33.91764734198409,7.766215935676437e-05,Monitor (low volume)
2eeb6531ee027a48d401e72bebdd87d3,3,4.333333333333333,0.0,0.0,1.4516203703703703,10.077083333333333,12.211342592592594,38.7,26.233333333333334,1.113997113997114,SP,perfumery,2017-02-07 17:16:26,2017-02-14 19:12:38,7,3.0,2.9612126320905137e-06,False,-0.3835705316031812,0.0,0.0,Monitor (low volume)
d7ab82074b5f1dfba46db123df101bff,2,4.5,0.0,0.0,1.382638888888889,4.523611111111111,5.940625000000001,38.67,41.985,1.1714507370054306,SP,unknown,2018-01-03 23:46:30,2018-01-04 12:52:13,0,2.0,2.9589171184222262e-06,False,-0.25571368773545416,0.0,0.0,Monitor (low volume)
e72b4feb7abe210c52aa667abc25a3a2,1,5.0,0.0,0.0,2.2270833333333333,1.9104166666666667,4.148611111111111,38.2,55.64,0.45654450261780105,SP,bed_bath_table,2017-06-17 11:54:02,2017-06-17 11:54:02,0,1.0,2.922954070952393e-06,False,-0.12785684386772708,0.0,0.0,Monitor (low volume)
9200e6ce317b67196b6b0bad4d4bd567,1,3.0,0.0,0.0,0.5041666666666667,13.074305555555556,16.29652777777778,36.9,51.42,0.3934959349593496,RJ,furniture_decor,2017-03-25 10:31:25,2017-03-25 10:31:25,0,1.0,2.8234818119932803e-06,False,-0.12785684386772708,0.0,0.0,Monitor (low volume)
1d139e3a3b14025640d8df1b230aace0,2,3.5,0.0,0.0,1.2003472222222222,6.44548611111111,7.653125,36.49,35.59,1.3470004811175198,SP,sports_leisure,2017-09-13 12:24:18,2017-11-19 18:41:04,67,0.9086567164179105,2.7921097918600217e-06,False,-0.25571368773545416,0.0,0.0,Monitor (low volume)
c161d1327ebc3a156c09582ab2f59f6c,2,4.0,0.0,0.0,2.5555555555555554,0.925,3.5128472222222222,35.99,25.775,0.4548739359282605,SP,perfumery,2017-08-04 13:54:51,2017-12-04 17:08:27,122,0.49901639344262294,2.7538512307219015e-06,False,-0.25571368773545416,0.0,0.0,Monitor (low volume)
c32fc744b9160ac853450488e3cfea93,1,5.0,0.0,0.0,8.61875,5.069444444444445,13.703472222222222,35.9,48.69,0.3562674094707521,SP,sports_leisure,2018-06-06 22:51:55,2018-06-06 22:51:55,0,1.0,2.7469646897170395e-06,False,-0.12785684386772708,0.0,0.0,Monitor (low volume)
630008e0f062605a415d694489f6f82e,1,5.0,0.0,0.0,10.722222222222221,6.25,17.060416666666665,35.35,50.7,0.4342291371994342,SP,electronics,2018-07-30 17:24:54,2018-07-30 17:24:54,0,1.0,2.7048802724651072e-06,False,-0.12785684386772708,0.0,0.0,Monitor (low volume)
3a52d63a8f9daf5a28f3626d7eb9bd28,1,1.0,1.0,0.0,1.9736111111111112,4.356944444444444,6.339583333333334,35.0,52.78,0.508,SP,sports_leisure,2017-02-01 08:42:43,2017-02-01 08:42:43,0,1.0,2.6780992796684228e-06,False,0.8721431561322729,30.525010464629553,6.989394645118934e-05,Monitor (low volume)
baeda7047354773262ba2405f97038ba,1,5.0,0.0,0.0,17.459722222222222,6.011111111111111,23.479166666666668,35.0,50.1,0.43142857142857144,SP,pet_shop,2017-09-30 07:55:03,2017-09-30 07:55:03,0,1.0,2.6780992796684228e-06,False,-0.12785684386772708,0.0,0.0,Monitor (low volume)
c716e0b86ed568878475b60fbb6323ad,1,5.0,0.0,0.0,2.0395833333333333,5.3909722222222225,7.475,35.0,50.230000000000004,0.43514285714285716,SP,books_general_interest,2018-03-26 13:11:28,2018-03-26 13:11:28,0,1.0,2.6780992796684228e-06,False,-0.12785684386772708,0.0,0.0,Monitor (low volume)
5cf1ec37aea089f45110c70653a166ab,2,5.0,0.0,0.0,2.7097222222222226,17.357291666666665,21.465277777777775,35.0,31.79,0.8878333333333334,SP,unknown,2017-04-01 11:23:53,2017-12-13 16:58:37,256,0.23781249999999998,2.6780992796684228e-06,False,-0.25571368773545416,0.0,0.0,Monitor (low volume)
cb162c8eef257253782d245c08d9097c,1,5.0,0.0,0.0,2.902083333333333,7.7340277777777775,10.64236111111111,34.99,49.120000000000005,0.4038296656187482,SP,cool_stuff,2017-11-19 20:37:11,2017-11-19 20:37:11,0,1.0,2.6773341084456607e-06,False,-0.12785684386772708,0.0,0.0,Monitor (low volume)
bd4ff04377f974574f7f0bf9d6ce7dde,1,1.0,1.0,1.0,23.093055555555555,6.117361111111111,29.22013888888889,34.99,46.730000000000004,0.33552443555301514,SP,housewares,2017-02-20 12:16:48,2017-02-20 12:16:48,0,1.0,2.6773341084456607e-06,False,0.8721431561322729,30.51628903306823,6.987397675220328e-05,Monitor (low volume)
84deb808079d1be601c209c1e771b1cc,2,5.0,0.0,0.0,0.8690972222222223,4.925694444444445,7.539583333333334,34.93,29.07,0.8105284667058312,PR,health_beauty,2017-09-05 11:07:37,2017-11-27 21:29:49,83,0.7334939759036144,2.672743081109086e-06,False,-0.25571368773545416,0.0,0.0,Monitor (low volume)
c0e6839516f5398edc34adf5f1d53d1a,1,5.0,0.0,0.0,0.9541666666666667,1.195138888888889,5.102083333333334,34.92,49.04,0.40435280641466204,SP,sports_leisure,2017-05-06 10:58:50,2017-05-06 10:58:50,0,1.0,2.6719779098863236e-06,False,-0.12785684386772708,0.0,0.0,Monitor (low volume)
5a32c398a06c345440bf2a683b017ad3,1,5.0,0.0,0.0,5.1305555555555555,5.963888888888889,11.96875,34.9,50.129999999999995,0.4363896848137536,RJ,books_general_interest,2018-03-14 21:29:52,2018-03-14 21:29:52,0,1.0,2.6704475674407986e-06,False,-0.12785684386772708,0.0,0.0,Monitor (low volume)
41958cbd3335433c8740300e8cd600d5,1,5.0,0.0,0.0,3.9722222222222223,0.8486111111111111,4.842361111111111,32.99,40.38,0.22400727493179748,SP,small_appliances,2018-06-04 19:22:19,2018-06-04 19:22:19,0,1.0,2.5242998638931795e-06,False,-0.12785684386772708,0.0,0.0,Monitor (low volume)
7d81e74a4755b552267cd5e081563028,1,4.0,0.0,0.0,0.8590277777777777,1.2541666666666667,2.209722222222222,32.5,39.99,0.23046153846153847,SP,construction_tools_construction,2018-08-20 13:31:30,2018-08-20 13:31:30,0,1.0,2.4868064739778213e-06,False,-0.12785684386772708,0.0,0.0,Monitor (low volume)
eb4a59a06b3948e851a7d7a830bcbc42,1,5.0,0.0,0.0,1.8076388888888888,5.8284722222222225,11.077777777777778,32.0,53.15,0.6609375,BA,health_beauty,2018-02-23 17:55:18,2018-02-23 17:55:18,0,1.0,2.448547912839701e-06,False,-0.12785684386772708,0.0,0.0,Monitor (low volume)
d7f1cfc638473be93baedbfd02208016,1,5.0,0.0,0.0,4.076388888888889,7.430555555555555,12.675694444444444,30.0,47.14,0.5713333333333334,RJ,flowers,2018-07-19 01:00:07,2018-07-19 01:00:07,0,1.0,2.29551366828722e-06,False,-0.12785684386772708,0.0,0.0,Monitor (low volume)
fdf736c18c589ed030e058312203e1b2,1,5.0,0.0,0.0,0.45694444444444443,4.420833333333333,5.490972222222222,30.0,44.51,0.48366666666666663,MG,computers_accessories,2018-08-02 12:07:30,2018-08-02 12:07:30,0,1.0,2.29551366828722e-06,False,-0.12785684386772708,0.0,0.0,Monitor (low volume)
a5ff20ff766e7f50bd5066f33da14413,1,5.0,0.0,0.0,0.9027777777777778,3.488888888888889,5.025,30.0,55.58,0.8526666666666666,SP,home_appliances,2018-08-19 22:38:41,2018-08-19 22:38:41,0,1.0,2.29551366828722e-06,False,-0.12785684386772708,0.0,0.0,Monitor (low volume)
32f83ffe11cd40f7adcf4eef171f52d9,1,5.0,0.0,0.0,2.5708333333333333,6.403472222222222,10.574305555555556,29.99,45.089999999999996,0.5035011670556853,RS,health_beauty,2017-11-19 13:22:29,2017-11-19 13:22:29,0,1.0,2.294748497064457e-06,False,-0.12785684386772708,0.0,0.0,Monitor (low volume)
87b4428a334b8f676fd9a7f3bf544fb5,1,5.0,0.0,0.0,1.6770833333333333,5.245138888888889,6.927777777777778,29.99,48.98,0.6332110703567856,SP,health_beauty,2018-08-13 19:22:29,2018-08-13 19:22:29,0,1.0,2.294748497064457e-06,False,-0.12785684386772708,0.0,0.0,Monitor (low volume)
528ce32f560edd11add4169f6a5b65be,1,5.0,0.0,0.0,0.28125,1.770138888888889,2.0965277777777778,29.9,39.17,0.3100334448160535,SP,unknown,2017-07-20 09:58:18,2017-07-20 09:58:18,0,1.0,2.2878619560595953e-06,False,-0.12785684386772708,0.0,0.0,Monitor (low volume)
28a26ebce31d5918b181ede016fd693b,1,5.0,0.0,0.0,2.89375,8.166666666666666,11.070833333333333,29.9,47.04,0.5732441471571906,MG,health_beauty,2018-08-13 15:55:29,2018-08-13 15:55:29,0,1.0,2.2878619560595953e-06,False,-0.12785684386772708,0.0,0.0,Monitor (low volume)
455f46ef09a9e45667e2981df84b5cc2,1,4.0,0.0,0.0,8.667361111111111,4.307638888888889,13.019444444444444,29.9,48.209999999999994,0.6123745819397993,SP,electronics,2018-08-07 21:26:48,2018-08-07 21:26:48,0,1.0,2.2878619560595953e-06,False,-0.12785684386772708,0.0,0.0,Monitor (low volume)
139157dd4daa45c25b0807ffff348363,1,4.0,0.0,0.0,0.35208333333333336,0.8513888888888889,1.2145833333333333,29.9,37.68,0.2602006688963211,SP,books_technical,2017-08-31 11:09:42,2017-08-31 11:09:42,0,1.0,2.2878619560595953e-06,False,-0.12785684386772708,0.0,0.0,Monitor (low volume)
436bf27f2f18474fc6047702e9f8a866,1,5.0,0.0,0.0,4.998611111111111,14.161805555555556,19.17013888888889,29.9,44.42,0.48561872909699,SP,baby,2017-01-18 12:51:23,2017-01-18 12:51:23,0,1.0,2.2878619560595953e-06,False,-0.12785684386772708,0.0,0.0,Monitor (low volume)
3aa3c89ae3cd482385568be76120f63c,1,4.0,0.0,0.0,5.459722222222222,4.190277777777778,10.83125,29.9,48.94,0.6367892976588628,GO,auto,2018-06-07 22:36:29,2018-06-07 22:36:29,0,1.0,2.2878619560595953e-06,False,-0.12785684386772708,0.0,0.0,Monitor (low volume)
a09a13f18ed27932d08438aa6f12756e,1,3.0,0.0,0.0,1.8208333333333333,7.084027777777778,8.917361111111111,29.9,46.01,0.5387959866220736,RS,garden_tools,2017-10-28 19:17:28,2017-10-28 19:17:28,0,1.0,2.2878619560595953e-06,False,-0.12785684386772708,0.0,0.0,Monitor (low volume)
c0e0b73d039eb9a99b6ce4cb7a429cd3,1,5.0,0.0,0.0,2.861111111111111,2.1069444444444443,4.986111111111111,29.88,37.56,0.2570281124497992,SC,computers_accessories,2018-06-15 15:53:06,2018-06-15 15:53:06,0,1.0,2.2863316136140708e-06,False,-0.12785684386772708,0.0,0.0,Monitor (low volume)
7b3f6ce5c6c22e9b96e7581ebf0df6e1,1,3.0,0.0,0.0,3.6840277777777777,7.259027777777778,10.947916666666666,29.8,42.49,0.4258389261744966,SP,unknown,2017-12-09 19:07:28,2017-12-09 19:07:28,0,1.0,2.2802102438319716e-06,False,-0.12785684386772708,0.0,0.0,Monitor (low volume)
72c73be2b085b9d57650dd53eb2004c9,1,5.0,0.0,0.0,0.45208333333333334,16.880555555555556,17.34236111111111,29.4,47.32,0.6095238095238096,SP,auto,2017-07-24 11:29:43,2017-07-24 11:29:43,0,1.0,2.249603394921475e-06,False,-0.12785684386772708,0.0,0.0,Monitor (low volume)
c9d2ba8dde44a275ae06475ed1d2fafc,1,5.0,0.0,0.0,0.3090277777777778,6.957638888888889,8.417361111111111,28.79,43.31,0.5043417853421327,MG,auto,2017-02-06 00:33:42,2017-02-06 00:33:42,0,1.0,2.2029279503329683e-06,False,-0.12785684386772708,0.0,0.0,Monitor (low volume)
9b1f656ca3060f8af17a50d8a024b533,1,5.0,0.0,1.0,0.3541666666666667,25.047916666666666,26.01527777777778,28.5,47.89,0.6803508771929825,SP,costruction_tools_tools,2018-07-25 12:32:23,2018-07-25 12:32:23,0,1.0,2.180737984872859e-06,False,-0.12785684386772708,0.0,0.0,Monitor (low volume)
999f6d9a1c7c81f43be44c6b7d076210,2,4.5,0.0,0.0,2.2631944444444443,2.4211805555555554,4.690277777777778,28.0,25.415,0.8153571428571429,SP,garden_tools,2017-01-26 14:26:43,2017-03-05 21:27:29,38,1.6021052631578947,2.1424794237347382e-06,False,-0.25571368773545416,0.0,0.0,Monitor (low volume)
8b181ee5518df84f18f4e1a43fe07923,1,5.0,0.0,0.0,6.114583333333333,8.436805555555555,14.560416666666667,27.9,54.98,0.9706093189964158,SP,health_beauty,2018-05-30 09:21:06,2018-05-30 09:21:06,0,1.0,2.134827711507114e-06,False,-0.12785684386772708,0.0,0.0,Monitor (low volume)
b026643914f651e8371425e5b8a1e780,1,5.0,0.0,0.0,2.66875,7.038888888888889,10.41875,27.9,43.0,0.5412186379928315,RJ,health_beauty,2017-07-07 10:26:23,2017-07-07 10:26:23,0,1.0,2.134827711507114e-06,False,-0.12785684386772708,0.0,0.0,Monitor (low volume)
f1fdf2d13186575751aa25876536d85c,1,5.0,0.0,0.0,3.9916666666666667,2.142361111111111,6.141666666666667,26.3,34.59,0.3152091254752851,SP,sports_leisure,2018-03-29 21:39:51,2018-03-29 21:39:51,0,1.0,2.0124003158651294e-06,False,-0.12785684386772708,0.0,0.0,Monitor (low volume)
70c0fda4c313d87115644d39e62eec60,1,5.0,0.0,0.0,0.38055555555555554,6.946527777777778,9.88125,25.99,63.08,1.42708734128511,PE,housewares,2018-08-04 15:27:00,2018-08-04 15:27:00,0,1.0,1.9886800079594945e-06,False,-0.12785684386772708,0.0,0.0,Monitor (low volume)
eae9af4811c294c56795d70e715b7337,1,5.0,0.0,0.0,0.7770833333333333,2.0493055555555557,2.84375,25.8,41.36,0.6031007751937983,SP,unknown,2017-10-17 01:24:28,2017-10-17 01:24:28,0,1.0,1.974141754727009e-06,False,-0.12785684386772708,0.0,0.0,Monitor (low volume)
7cb946b1ad19faebe28c3e86c2794ec3,1,5.0,0.0,0.0,0.6916666666666667,17.45,18.15138888888889,25.0,40.1,0.604,MG,health_beauty,2017-11-16 21:01:25,2017-11-16 21:01:25,0,1.0,1.9129280569060166e-06,False,-0.12785684386772708,0.0,0.0,Monitor (low volume)
38f276ca6e7cc95a6d1bb55ac9e5550f,1,5.0,0.0,0.0,1.9236111111111112,3.2694444444444444,5.200694444444444,24.99,36.839999999999996,0.47418967587034816,SP,unknown,2017-11-26 18:08:38,2017-11-26 18:08:38,0,1.0,1.912162885683254e-06,False,-0.12785684386772708,0.0,0.0,Monitor (low volume)
3986c0b54f6b748b75e7bd4e092aa3e5,1,5.0,0.0,0.0,2.738888888888889,3.373611111111111,6.123611111111111,24.99,40.269999999999996,0.6114445778311325,PR,perfumery,2018-08-17 19:54:45,2018-08-17 19:54:45,0,1.0,1.912162885683254e-06,False,-0.12785684386772708,0.0,0.0,Monitor (low volume)
33fd411ed63a7c2f9005e3f065d9f85d,1,4.0,0.0,0.0,0.63125,5.892361111111111,8.134722222222223,24.9,43.129999999999995,0.7321285140562249,RS,health_beauty,2018-04-11 11:52:13,2018-04-11 11:52:13,0,1.0,1.9052763446783922e-06,False,-0.12785684386772708,0.0,0.0,Monitor (low volume)
1c83418358f249c9d6affa52d579db0e,1,5.0,0.0,0.0,3.16875,7.0125,10.188888888888888,24.9,39.42,0.5831325301204819,SP,music,2017-04-29 06:54:41,2017-04-29 06:54:41,0,1.0,1.9052763446783922e-06,False,-0.12785684386772708,0.0,0.0,Monitor (low volume)
cad9969167c09b48ae6f1d123f7fa68d,1,5.0,0.0,0.0,0.8180555555555555,2.5506944444444444,3.388888888888889,24.0,37.51,0.5629166666666666,MG,furniture_decor,2018-07-24 10:56:17,2018-07-24 10:56:17,0,1.0,1.8364109346297757e-06,False,-0.12785684386772708,0.0,0.0,Monitor (low volume)
bd43e172d599bed47a85da877172ca8c,1,5.0,0.0,0.0,7.3381944444444445,5.127083333333333,12.473611111111111,23.92,42.19,0.7637959866220735,SC,bed_bath_table,2018-07-17 23:29:45,2018-07-17 23:29:45,0,1.0,1.8302895648476766e-06,False,-0.12785684386772708,0.0,0.0,Monitor (low volume)
43753b27d77860f1654aa72e251a7878,1,5.0,0.0,0.0,3.5194444444444444,21.02777777777778,27.334722222222222,23.9,66.28,1.773221757322176,BA,furniture_decor,2017-09-08 12:12:48,2017-09-08 12:12:48,0,1.0,1.8287592224021516e-06,False,-0.12785684386772708,0.0,0.0,Monitor (low volume)
544863df86ed3b78a04e0820d41430ee,1,5.0,0.0,0.0,,3.5076388888888888,5.500694444444444,23.9,39.17,0.6389121338912134,ES,stationery,2018-07-02 10:21:35,2018-07-02 10:21:35,0,1.0,1.8287592224021516e-06,False,-0.12785684386772708,0.0,0.0,Monitor (low volume)
2c54051840f19eca309a5423cf22df36,2,4.5,0.0,0.0,5.669097222222222,3.2503472222222225,8.931249999999999,23.7,26.134999999999998,1.2105423674401186,PR,sports_leisure,2017-12-04 00:59:05,2018-04-04 09:52:29,121,0.5031404958677687,1.8134557979469036e-06,False,-0.25571368773545416,0.0,0.0,Monitor (low volume)
5e063e85d44b0f5c3e6ec3131103a57e,1,5.0,0.0,0.0,0.20416666666666666,1.075,1.2881944444444444,22.9,30.32,0.3240174672489083,SP,health_beauty,2018-07-12 10:13:37,2018-07-12 10:13:37,0,1.0,1.752242100125911e-06,False,-0.12785684386772708,0.0,0.0,Monitor (low volume)
bc8c8d665ec4664d286be0d521722b19,1,2.0,1.0,1.0,6.865277777777778,1.1604166666666667,8.034027777777778,22.5,30.82,0.3697777777777778,SP,health_beauty,2018-08-06 15:03:53,2018-08-06 15:03:53,0,1.0,1.7216352512154147e-06,False,0.8721431561322729,19.62322101297614,4.493182271862171e-05,Monitor (low volume)
eb1bf309f4f6af9a97e9ddac3fdbeabe,1,5.0,0.0,0.0,5.41875,2.411111111111111,8.489583333333334,22.3,31.18,0.39820627802690584,SP,sports_leisure,2018-05-24 11:05:40,2018-05-24 11:05:40,0,1.0,1.7063318267601667e-06,False,-0.12785684386772708,0.0,0.0,Monitor (low volume)
0bb27263628258b8111a0262769fa9db,1,5.0,0.0,0.0,40.62083333333333,1.0520833333333333,41.68055555555556,22.2,33.16,0.49369369369369376,SP,housewares,2017-04-01 17:24:26,2017-04-01 17:24:26,0,1.0,1.6986801145325425e-06,False,-0.12785684386772708,0.0,0.0,Monitor (low volume)
34675b28b826facfde119785bf287dc1,1,4.0,0.0,0.0,0.8229166666666666,5.101388888888889,5.948611111111111,21.99,37.089999999999996,0.6866757617098681,PR,auto,2017-08-01 22:00:44,2017-08-01 22:00:44,0,1.0,1.682611518854532e-06,False,-0.12785684386772708,0.0,0.0,Monitor (low volume)
98f52e1020fe788c10c0418de4393fec,1,4.0,0.0,0.0,2.1152777777777776,7.138194444444444,9.26736111111111,21.6,36.7,0.699074074074074,RJ,sports_leisure,2017-08-09 15:16:29,2017-08-09 15:16:29,0,1.0,1.6527698411667982e-06,False,-0.12785684386772708,0.0,0.0,Monitor (low volume)
e64ddbe1cbcf4f2fc3092b7c481f3f9d,1,5.0,0.0,0.0,3.3618055555555557,2.140277777777778,5.5125,20.9,28.29,0.3535885167464115,SP,health_beauty,2018-03-30 12:00:06,2018-03-30 12:00:06,0,1.0,1.5992078555734295e-06,False,-0.12785684386772708,0.0,0.0,Monitor (low volume)
b77a27b1864483e721dc831d5ba4afa0,1,5.0,0.0,0.0,4.063888888888889,4.3909722222222225,8.472916666666666,20.9,35.42,0.6947368421052632,RJ,auto,2017-03-30 06:24:14,2017-03-30 06:24:14,0,1.0,1.5992078555734295e-06,False,-0.12785684386772708,0.0,0.0,Monitor (low volume)
e76ecc7e9a1a1e3c6df9d2a8261c423d,1,5.0,0.0,0.0,4.158333333333333,8.290277777777778,12.456944444444444,20.0,34.1,0.705,MG,books_general_interest,2017-08-13 10:23:44,2017-08-13 10:23:44,0,1.0,1.530342445524813e-06,False,-0.12785684386772708,0.0,0.0,Monitor (low volume)
455befea1bb853c75ccbca94cff26e5c,1,3.0,0.0,0.0,3.4555555555555557,7.210416666666666,12.441666666666666,19.99,42.05,1.103551775887944,RJ,health_beauty,2018-06-07 08:36:30,2018-06-07 08:36:30,0,1.0,1.5295772743020505e-06,False,-0.12785684386772708,0.0,0.0,Monitor (low volume)
bb7ad8a45c027be8ab075b8e465f8ca0,2,5.0,0.0,0.0,1.588888888888889,3.787847222222222,5.669791666666667,19.98,26.310000000000002,1.6336336336336337,SC,food,2018-07-22 22:54:11,2018-07-28 13:17:15,5,2.0,1.5288121030792883e-06,False,-0.25571368773545416,0.0,0.0,Monitor (low volume)
698624c6632eeba1774924dbea24c700,1,5.0,0.0,0.0,0.6194444444444445,5.747222222222222,6.96875,19.9,35.129999999999995,0.7653266331658293,SP,unknown,2018-04-05 20:23:53,2018-04-05 20:23:53,0,1.0,1.522690733297189e-06,False,-0.12785684386772708,0.0,0.0,Monitor (low volume)
d93b8458c6fe139d85cfa5eadbf55bd2,1,5.0,0.0,0.0,1.7618055555555556,4.207638888888889,5.977083333333334,19.9,34.0,0.7085427135678393,SP,sports_leisure,2017-11-19 19:35:01,2017-11-19 19:35:01,0,1.0,1.522690733297189e-06,False,-0.12785684386772708,0.0,0.0,Monitor (low volume)
0b46f784306be7200ca1700aa55d819f,1,5.0,0.0,0.0,1.0638888888888889,2.1798611111111112,3.24375,19.9,30.86,0.5507537688442212,MG,auto,2017-03-19 08:36:36,2017-03-19 08:36:36,0,1.0,1.522690733297189e-06,False,-0.12785684386772708,0.0,0.0,Monitor (low volume)
668bf321538e5072858eaef6087ce027,1,5.0,0.0,0.0,2.4611111111111112,1.0118055555555556,4.473611111111111,19.9,28.009999999999998,0.40753768844221105,PR,housewares,2018-02-26 09:47:55,2018-02-26 09:47:55,0,1.0,1.522690733297189e-06,False,-0.12785684386772708,0.0,0.0,Monitor (low volume)
17998cf586426bf0f2c3726cb0a4b211,1,5.0,0.0,0.0,0.5652777777777778,6.136805555555555,6.714583333333334,19.9,41.05,1.0628140703517588,MG,luggage_accessories,2017-07-28 04:06:33,2017-07-28 04:06:33,0,1.0,1.522690733297189e-06,False,-0.12785684386772708,0.0,0.0,Monitor (low volume)
bd65d163ded559eb90a10cd09fec178f,1,4.0,0.0,0.0,1.36875,3.079861111111111,4.471527777777778,19.8,38.480000000000004,0.9434343434343434,SP,perfumery,2017-08-21 10:31:19,2017-08-21 10:31:19,0,1.0,1.515039021069565e-06,False,-0.12785684386772708,0.0,0.0,Monitor (low volume)
9996ae921c50e8dff411ac69c0b4bb8b,1,3.0,0.0,0.0,7.141666666666667,13.790972222222223,20.94236111111111,19.8,50.0,1.525252525252525,SP,furniture_decor,2017-10-17 15:35:11,2017-10-17 15:35:11,0,1.0,1.515039021069565e-06,False,-0.12785684386772708,0.0,0.0,Monitor (low volume)
9d69ba0a7a626a64dc5db08e529559cf,1,5.0,0.0,0.0,4.766666666666667,9.089583333333334,13.86111111111111,19.3,37.54,0.9450777202072538,SP,food,2018-07-13 19:38:58,2018-07-13 19:38:58,0,1.0,1.4767804599314448e-06,False,-0.12785684386772708,0.0,0.0,Monitor (low volume)
6c77cd583b36a13aacccf2b3ee23e233,1,5.0,0.0,0.0,0.6701388888888888,5.3493055555555555,6.026388888888889,18.9,31.689999999999998,0.6767195767195767,SP,furniture_decor,2018-08-23 21:45:16,2018-08-23 21:45:16,0,1.0,1.4461736110209483e-06,False,-0.12785684386772708,0.0,0.0,Monitor (low volume)
82921991ff5b557b045605b8bbf08d49,1,5.0,0.0,0.0,0.6729166666666667,3.4006944444444445,4.079861111111111,18.9,37.129999999999995,0.9645502645502646,SP,telephony,2018-08-05 19:41:36,2018-08-05 19:41:36,0,1.0,1.4461736110209483e-06,False,-0.12785684386772708,0.0,0.0,Monitor (low volume)
ce4755084bc097113867e6454f8f5e52,1,5.0,0.0,0.0,1.8583333333333334,4.507638888888889,6.389583333333333,18.9,31.689999999999998,0.6767195767195767,SP,health_beauty,2018-06-12 11:26:30,2018-06-12 11:26:30,0,1.0,1.4461736110209483e-06,False,-0.12785684386772708,0.0,0.0,Monitor (low volume)
804287717b9156fb7a787acd9af4fac1,1,5.0,0.0,0.0,5.120138888888889,3.9965277777777777,9.155555555555555,18.8,33.9,0.803191489361702,PR,toys,2017-06-07 11:49:07,2017-06-07 11:49:07,0,1.0,1.4385218987933244e-06,False,-0.12785684386772708,0.0,0.0,Monitor (low volume)
bee36b4f9a2b9fdcaff6ec05df202ed0,1,5.0,0.0,0.0,4.709722222222222,4.919444444444444,13.397222222222222,16.9,27.86,0.6485207100591717,SP,computers_accessories,2017-02-11 17:06:41,2017-02-11 17:06:41,0,1.0,1.293139366468467e-06,False,-0.12785684386772708,0.0,0.0,Monitor (low volume)
6bcb2352a2a0c38b845f598298ab9d26,1,5.0,0.0,0.0,2.890277777777778,8.136111111111111,11.036805555555556,15.9,31.0,0.949685534591195,PR,computers_accessories,2017-06-16 17:30:04,2017-06-16 17:30:04,0,1.0,1.2166222441922264e-06,False,-0.12785684386772708,0.0,0.0,Monitor (low volume)
f3862c2188522d89860c38a3ea8b550d,1,5.0,0.0,0.0,0.5729166666666666,4.882638888888889,5.868055555555555,15.5,28.29,0.8251612903225806,SP,perfumery,2018-05-15 17:41:00,2018-05-15 17:41:00,0,1.0,1.1860153952817301e-06,False,-0.12785684386772708,0.0,0.0,Monitor (low volume)
c3e2398fcc7e581cda2e546557bf6968,1,5.0,0.0,0.0,3.0479166666666666,6.34375,11.835416666666667,14.9,30.130000000000003,1.0221476510067113,SP,furniture_decor,2018-06-23 20:33:24,2018-06-23 20:33:24,0,1.0,1.1401051219159858e-06,False,-0.12785684386772708,0.0,0.0,Monitor (low volume)
b2f4d63c7203f539a78252565ca32257,1,5.0,0.0,0.0,1.8243055555555556,11.172916666666667,13.00763888888889,14.9,35.74,1.3986577181208053,RJ,auto,2017-09-09 22:15:52,2017-09-09 22:15:52,0,1.0,1.1401051219159858e-06,False,-0.12785684386772708,0.0,0.0,Monitor (low volume)
a61cc04793308395a840807104365121,1,5.0,0.0,0.0,0.3993055555555556,7.204861111111111,8.36875,14.63,38.37,1.6226930963773067,SP,housewares,2018-05-03 09:31:04,2018-05-03 09:31:04,0,1.0,1.119445498901401e-06,False,-0.12785684386772708,0.0,0.0,Monitor (low volume)
20d53aad4fe5ee93a64f8839609d3586,1,1.0,1.0,1.0,1.3458333333333334,37.920138888888886,39.27708333333333,14.5,26.98,0.8606896551724138,MG,garden_tools,2017-11-26 10:19:20,2017-11-26 10:19:20,0,1.0,1.1094982730054895e-06,False,0.8721431561322729,12.646075763917956,2.8956063529778435e-05,Monitor (low volume)
539ed9e19811677513447759be5eccfc,1,5.0,0.0,0.0,2.8020833333333335,3.0659722222222223,5.886111111111111,14.2,29.43,1.0725352112676056,MG,construction_tools_construction,2018-06-16 18:52:33,2018-06-16 18:52:33,0,1.0,1.0865431363226174e-06,False,-0.12785684386772708,0.0,0.0,Monitor (low volume)
5b92bfa4120daa27c574daa2e386c693,1,3.0,0.0,0.0,9.842361111111112,6.235416666666667,16.086111111111112,14.0,24.96,0.7828571428571429,SP,auto,2017-02-20 08:30:20,2017-02-20 08:30:20,0,1.0,1.0712397118673691e-06,False,-0.12785684386772708,0.0,0.0,Monitor (low volume)
fb503a924a0b9db19d83dd0ac6dbef8c,1,5.0,0.0,0.0,2.682638888888889,3.8555555555555556,6.547916666666667,13.9,31.82,1.2892086330935253,RS,health_beauty,2017-05-16 00:48:59,2017-05-16 00:48:59,0,1.0,1.0635879996397452e-06,False,-0.12785684386772708,0.0,0.0,Monitor (low volume)
6614814a00d344b846ae209f95ee7e3f,1,1.0,1.0,0.0,3.657638888888889,1.125,4.788194444444445,13.0,25.689999999999998,0.9761538461538461,SP,art,2017-06-08 23:17:57,2017-06-08 23:17:57,0,1.0,9.947225895911285e-07,False,0.8721431561322729,11.337861029719548,2.5960608681870324e-05,Monitor (low volume)
b5f0712d22a873b6797ab6cc65c3fcba,1,4.0,0.0,0.0,1.9548611111111112,1.2972222222222223,3.261111111111111,12.99,21.28,0.6381832178598922,SP,food_drink,2018-08-13 12:22:49,2018-08-13 12:22:49,0,1.0,9.939574183683662e-07,False,-0.12785684386772708,0.0,0.0,Monitor (low volume)
9e25199f6ef7e7c347120ff175652c3b,1,4.0,0.0,0.0,1.1,7.091666666666667,8.199305555555556,12.5,27.02,1.1616,SP,housewares,2017-03-27 09:59:40,2017-03-27 09:59:40,0,1.0,9.564640284530083e-07,False,-0.12785684386772708,0.0,0.0,Monitor (low volume)
7ab0dd5487bab2dc835337b244f689fb,1,5.0,0.0,0.0,0.8229166666666666,4.914583333333334,5.745833333333334,12.5,23.46,0.8768,SP,bed_bath_table,2017-04-05 17:58:30,2017-04-05 17:58:30,0,1.0,9.564640284530083e-07,False,-0.12785684386772708,0.0,0.0,Monitor (low volume)
c1dde11f12d05c478f5de2d7319ad3b2,1,1.0,1.0,0.0,1.2104166666666667,1.2479166666666666,3.234722222222222,12.5,19.89,0.5912,SP,computers_accessories,2018-08-19 18:13:40,2018-08-19 18:13:40,0,1.0,9.564640284530083e-07,False,0.8721431561322729,10.90178945165341,2.4962123732567617e-05,Monitor (low volume)
3d62f86afa7c73be2628a3be1423f5a0,2,4.0,0.0,0.0,3.9868055555555557,12.475347222222222,16.73090277777778,12.0,27.21,3.535,SP,books_general_interest,2017-12-13 21:25:36,2018-01-09 21:50:02,27,2.0,9.182054673148879e-07,False,-0.25571368773545416,0.0,0.0,Monitor (low volume)
3ac588cd562971392504a9e17130c40b,1,5.0,0.0,0.0,5.759027777777778,1.3145833333333334,7.088888888888889,11.9,19.29,0.6210084033613444,SP,fashion_bags_accessories,2018-08-17 21:08:06,2018-08-17 21:08:06,0,1.0,9.105537550872638e-07,False,-0.12785684386772708,0.0,0.0,Monitor (low volume)
cc1f04647be106ba74e62b21f358af25,1,1.0,1.0,0.0,4.688194444444444,8.04375,13.295833333333333,11.9,20.189999999999998,0.6966386554621847,SP,health_beauty,2018-06-22 12:48:41,2018-06-22 12:48:41,0,1.0,9.105537550872638e-07,False,0.8721431561322729,10.378503557974048,2.3763941793404374e-05,Monitor (low volume)
f9f68daa2af419d38f745478bcb3da1a,1,5.0,0.0,0.0,3.98125,7.167361111111111,11.756944444444445,11.2,29.2,1.6071428571428572,SP,sports_leisure,2017-01-27 19:55:05,2017-01-27 19:55:05,0,1.0,8.569917694938953e-07,False,-0.12785684386772708,0.0,0.0,Monitor (low volume)
344223b2a90784f64136a8a5da012e7f,1,2.0,1.0,1.0,5.513194444444444,27.104861111111113,32.62430555555556,10.9,27.689999999999998,1.5403669724770641,SC,food_drink,2018-01-17 22:10:43,2018-01-17 22:10:43,0,1.0,8.340366328110232e-07,False,0.8721431561322729,9.506360401841775,2.1766971894798966e-05,Monitor (low volume)
95cca791657aabeff15a07eb152d7841,1,5.0,0.0,0.0,1.5465277777777777,2.1618055555555555,3.717361111111111,9.99,28.22,1.8248248248248249,PR,sports_leisure,2018-06-30 23:22:38,2018-06-30 23:22:38,0,1.0,7.644060515396441e-07,False,-0.12785684386772708,0.0,0.0,Monitor (low volume)
c18309219e789960add0b2255ca4b091,1,5.0,0.0,0.0,1.1493055555555556,13.031944444444445,14.1875,9.9,24.0,1.424242424242424,RJ,telephony,2017-12-05 13:49:27,2017-12-05 13:49:27,0,1.0,7.575195105347825e-07,False,-0.12785684386772708,0.0,0.0,Monitor (low volume)
0f94588695d71662beec8d883ffacf09,1,5.0,0.0,0.0,0.04722222222222222,14.834027777777777,14.8875,9.0,27.59,2.0655555555555556,SC,art,2017-03-01 10:56:53,2017-03-01 10:56:53,0,1.0,6.886541004861659e-07,False,-0.12785684386772708,0.0,0.0,Monitor (low volume)
4965a7002cca77301c82d3f91b82e1a9,1,5.0,0.0,0.0,1.0104166666666667,1.8756944444444446,6.270138888888889,8.49,16.36,0.9269729093050648,SP,pet_shop,2018-04-21 09:36:56,2018-04-21 09:36:56,0,1.0,6.496303681252832e-07,False,-0.12785684386772708,0.0,0.0,Monitor (low volume)
ad14615bdd492b01b0d97922e87cb87f,1,5.0,0.0,0.0,0.6555555555555556,12.921527777777778,13.584027777777777,8.25,19.21,1.3284848484848486,SC,auto,2017-02-10 17:40:30,2017-02-10 17:40:30,0,1.0,6.312662587789854e-07,False,-0.12785684386772708,0.0,0.0,Monitor (low volume)
702835e4b785b67a084280efca355756,1,5.0,0.0,0.0,0.2013888888888889,1.1270833333333334,1.8034722222222221,7.6,18.560000000000002,1.442105263157895,MG,unknown,2017-02-13 16:18:07,2017-02-13 16:18:07,0,1.0,5.81530129299429e-07,False,-0.12785684386772708,0.0,0.0,Monitor (low volume)
77128dec4bec4878c37ab7d6169d6f26,1,5.0,0.0,0.0,5.7868055555555555,6.205555555555556,11.99236111111111,6.5,15.22,1.3415384615384616,SP,food_drink,2017-03-15 20:14:39,2017-03-15 20:14:39,0,1.0,4.973612947955642e-07,False,-0.12785684386772708,0.0,0.0,Monitor (low volume)
6c9875b2f94ba781186f0c1aed8d1687,1,5.0,0.0,0.0,0.8180555555555555,3.9854166666666666,4.810416666666667,5.5,20.6,2.7454545454545456,SP,pet_shop,2017-05-21 18:55:49,2017-05-21 18:55:49,0,1.0,4.208441725193236e-07,False,-0.12785684386772708,0.0,0.0,Monitor (low volume)
